<?xml version="1.0" encoding="utf-8"?>
<COLLADA xmlns="http://www.collada.org/2005/11/COLLADASchema" version="1.4.1" xmlns:xsi="http://www.w3.org/2001/XMLSchema-instance">
  <asset>
    <contributor>
      <author>Blender User</author>
      <authoring_tool>Blender 4.3.2 commit date:2024-12-16, commit time:21:10, hash:32f5fdce0a0a</authoring_tool>
    </contributor>
    <created>2025-05-08T17:45:08</created>
    <modified>2025-05-08T17:45:08</modified>
    <unit name="meter" meter="1"/>
    <up_axis>Z_UP</up_axis>
  </asset>
  <library_effects>
    <effect id="PorcelinPot-effect">
      <profile_COMMON>
        <technique sid="common">
          <lambert>
            <emission>
              <color sid="emission">0 0 0 1</color>
            </emission>
            <diffuse>
              <color sid="diffuse">0.1813 0.2391 0.3803 1</color>
            </diffuse>
            <reflectivity>
              <float sid="specular">0.5</float>
            </reflectivity>
            <index_of_refraction>
              <float sid="ior">1.5</float>
            </index_of_refraction>
          </lambert>
        </technique>
      </profile_COMMON>
    </effect>
  </library_effects>
  <library_images/>
  <library_materials>
    <material id="PorcelinPot-material" name="PorcelinPot">
      <instance_effect url="#PorcelinPot-effect"/>
    </material>
  </library_materials>
  <library_geometries>
    <geometry id="Pot_low_cell_014-mesh" name="Pot_low_cell.014">
      <mesh>
        <source id="Pot_low_cell_014-mesh-positions">
          <float_array id="Pot_low_cell_014-mesh-positions-array" count="102">-0.005879938 0.02868264 0.007317364 0.002474963 0.02866435 0.01144546 -0.01052927 0.0262708 0.007462382 -0.01518118 0.02630275 0.004040241 -0.01490789 0.02874612 -0.007375538 -0.02057516 0.02304619 0.001508414 -0.02303403 0.02121496 0.005764782 -5.56089e-4 0.02666157 -0.03500837 0.005851984 0.02646392 -0.03554314 0.01638704 0.0161038 -0.0351175 0.02195012 -0.00101751 -0.03356438 0.01586771 0.01572632 0.03107887 0.02113389 -0.00101751 0.05055266 0.01788765 -0.01922959 0.06731981 0.008790194 -0.02249366 0.06613624 0.0163564 -0.01811665 -0.03121346 0.008725106 -0.02363634 -0.03003674 0.002530634 -0.03087085 -0.02866667 -0.006742715 -0.03086811 -0.02786028 0.002435207 -0.03057718 0.04006588 -0.01003754 -0.0307337 0.003669559 -0.01685452 -0.03083413 -0.01971822 -0.01609259 -0.02848827 -0.01225733 -0.005879938 0.02868264 0.007317364 0.002474963 0.02866435 0.01144546 -0.01052927 0.0262708 0.007462382 -0.01052927 0.0262708 0.007462382 -0.01052927 0.0262708 0.007462382 -0.01518118 0.02630275 0.004040241 -0.01490789 0.02874612 -0.007375538 -0.02057516 0.02304619 0.001508414 -0.01003754 -0.0307337 0.003669559 -0.01685452 -0.03083413 -0.01971822 -0.01609259 -0.02848827 -0.01225733</float_array>
          <technique_common>
            <accessor source="#Pot_low_cell_014-mesh-positions-array" count="34" stride="3">
              <param name="X" type="float"/>
              <param name="Y" type="float"/>
              <param name="Z" type="float"/>
            </accessor>
          </technique_common>
        </source>
        <source id="Pot_low_cell_014-mesh-normals">
          <float_array id="Pot_low_cell_014-mesh-normals-array" count="120">-0.3272878 0.6709296 0.6653843 -0.2758248 0.9454084 0.1735624 -0.1358047 0.9868457 0.0877074 8.06259e-5 0.9999909 0.004270613 0.2197867 -0.9496521 -0.2232816 0.3103501 -0.9310618 -0.1918509 0.3638432 -0.9101722 -0.1980023 0.5345607 -0.8433998 -0.05405217 0.5641117 -0.8100718 -0.1598802 -0.8810284 0.2510898 -0.4009275 0.4161988 0.9091856 -0.01266384 0.5478782 0.8365453 -0.004643917 0.6975906 0.7163356 0.01519107 -0.9507696 -0.3097613 -0.009225368 -0.9507697 -0.309761 -0.009225547 -0.9507697 -0.3097614 -0.009225368 0.9792231 -0.2022364 -0.01492255 0.828985 -0.5591908 -0.00947684 0.9507701 -0.3097596 0.009225368 0.5941284 -0.8043582 0.004424929 0.7599514 -0.6499688 0.00383234 0.661158 -0.7500978 -0.0149455 0.7849596 -0.03438466 -0.6185921 -0.2431921 -0.07961946 -0.966705 0.07489317 0.996598 -0.03440576 7.85986e-5 -0.9999909 0.00427246 -0.6268491 0.02858233 -0.7786163 -0.8278112 -0.5054271 0.2434588 0.0342155 0.9983884 -0.04527699 0.05514824 0.9973902 -0.04659986 -0.4364371 0.8576767 0.2718701 0.2436321 -0.9424179 -0.2291113 -0.1433164 0.9684548 0.2038527 -0.5096672 0.8437327 0.1683877 0.687496 0.7261257 0.00953412 -0.9507698 -0.3097609 -0.009225547 0.7062168 -0.7037094 0.07778823 0.3052272 -0.9280704 0.2133584 0.1851747 0.9803631 0.06781333 -7.94022e-5 0.9999909 -0.004272818</float_array>
          <technique_common>
            <accessor source="#Pot_low_cell_014-mesh-normals-array" count="40" stride="3">
              <param name="X" type="float"/>
              <param name="Y" type="float"/>
              <param name="Z" type="float"/>
            </accessor>
          </technique_common>
        </source>
        <source id="Pot_low_cell_014-mesh-map-0">
          <float_array id="Pot_low_cell_014-mesh-map-0-array" count="174">0.9267212 0 0.8721029 0.02520906 0.9026012 0 0.007794082 0.6523263 0.003717362 0.6405104 0.08838421 0.5938619 0.8275329 0.1271613 0.7334063 0.0725035 0.7245801 0.06660771 1 0.03478139 1 0 1 0.01979273 0.7245807 0.06660807 0.7334055 0.07250297 0.7284849 0.07796895 0 0 1 0.6667924 1 0.8605418 0.2342622 0.7906505 0.1821478 0.8180471 0.2262764 0.7730785 0.650579 0.2474473 0.6009063 0.1792132 0.6855664 0.2446915 0.1152017 0.7935279 0.2022187 0.7304968 0.2146944 0.751586 0.109857 0.7429586 0.1898447 0.7094024 0.1949239 0.7179144 0.6349348 0.1465603 0.7658964 0.2282574 0.665991 0.1403143 0.2217215 0.679046 0.2184296 0.6712544 0.2233141 0.6828157 0.9256227 0.04320055 0.2138413 0.2138413 0.7671087 0.07105964 0.08838421 0.5938619 0.001933634 0.6353407 0.007794082 0.6523263 0.007794082 0.6523263 0.005594789 0.6459519 0.003717362 0.6405104 0.7554673 0.06003612 0.8275329 0.1271613 0.7245801 0.06660771 1 0.03478139 1 0.05973136 0.7726882 0 1 0.03478139 0.7726882 0 1 0 0.2363091 0.7953754 0.1821478 0.8180471 0.2342622 0.7906505 0.1821478 0.8180471 0.1497945 0.8053426 0.2262764 0.7730785 0.650579 0.2474473 0.5847375 0.1960597 0.6009063 0.1792132 0.1152017 0.7935279 0.08766394 0.7786881 0.2022187 0.7304968 0.1949239 0.7179144 0.2022187 0.7304968 0.109857 0.7429586 0.2022187 0.7304968 0.08766394 0.7786881 0.109857 0.7429586 0.08766394 0.7786881 0.08107429 0.768855 0.109857 0.7429586 0.6569244 0.1337417 0.665991 0.1403143 0.7658964 0.2282574 0.665991 0.1403143 0.768832 0.2240193 0.6349348 0.1465603 0.768832 0.2240193 0.7065922 0.1999388 0.6349348 0.1465603 0.2233141 0.6828157 0.2277933 0.6934179 0.2217215 0.679046</float_array>
          <technique_common>
            <accessor source="#Pot_low_cell_014-mesh-map-0-array" count="87" stride="2">
              <param name="S" type="float"/>
              <param name="T" type="float"/>
            </accessor>
          </technique_common>
        </source>
        <vertices id="Pot_low_cell_014-mesh-vertices">
          <input semantic="POSITION" source="#Pot_low_cell_014-mesh-positions"/>
        </vertices>
        <triangles material="PorcelinPot-material" count="29">
          <input semantic="VERTEX" source="#Pot_low_cell_014-mesh-vertices" offset="0"/>
          <input semantic="NORMAL" source="#Pot_low_cell_014-mesh-normals" offset="1"/>
          <input semantic="TEXCOORD" source="#Pot_low_cell_014-mesh-map-0" offset="2" set="0"/>
          <p>25 0 0 24 0 1 23 0 2 29 1 3 0 2 4 1 3 5 26 4 6 28 5 7 29 6 8 3 7 9 6 7 10 5 7 11 29 6 12 28 5 13 30 8 14 6 9 15 4 9 16 5 9 17 8 10 18 1 11 19 9 12 20 11 13 21 10 14 22 12 15 23 12 16 24 15 17 25 10 18 26 19 19 27 17 20 28 16 21 29 17 22 30 18 23 31 33 24 32 31 25 33 32 26 34 18 23 35 21 27 36 20 27 37 22 27 38 1 11 39 7 28 40 29 29 41 29 1 42 27 30 43 0 2 44 1 31 45 26 4 46 29 6 47 3 32 48 2 32 49 4 32 50 3 33 51 4 33 52 6 33 53 7 28 54 1 11 55 8 10 56 1 11 57 11 34 58 9 12 59 11 13 60 9 35 61 10 14 62 12 16 63 13 36 64 15 17 65 16 21 66 15 17 67 19 19 68 15 17 69 13 36 70 19 19 71 13 36 72 14 37 73 19 19 74 32 26 75 33 24 76 18 23 77 33 24 78 31 38 79 17 22 80 31 39 81 19 39 82 17 39 83 18 23 84 17 22 85 31 25 86</p>
        </triangles>
      </mesh>
    </geometry>
    <geometry id="Pot_low_cell_013-mesh" name="Pot_low_cell.013">
      <mesh>
        <source id="Pot_low_cell_013-mesh-positions">
          <float_array id="Pot_low_cell_013-mesh-positions-array" count="6">-0.001153945 -8.24843e-4 -0.002240002 0.001153945 8.24843e-4 0.002240002</float_array>
          <technique_common>
            <accessor source="#Pot_low_cell_013-mesh-positions-array" count="2" stride="3">
              <param name="X" type="float"/>
              <param name="Y" type="float"/>
              <param name="Z" type="float"/>
            </accessor>
          </technique_common>
        </source>
        <source id="Pot_low_cell_013-mesh-normals">
          <float_array id="Pot_low_cell_013-mesh-normals-array" count="0"/>
          <technique_common>
            <accessor source="#Pot_low_cell_013-mesh-normals-array" count="0" stride="3">
              <param name="X" type="float"/>
              <param name="Y" type="float"/>
              <param name="Z" type="float"/>
            </accessor>
          </technique_common>
        </source>
        <source id="Pot_low_cell_013-mesh-map-0">
          <float_array id="Pot_low_cell_013-mesh-map-0-array" count="0"/>
          <technique_common>
            <accessor source="#Pot_low_cell_013-mesh-map-0-array" count="0" stride="2">
              <param name="S" type="float"/>
              <param name="T" type="float"/>
            </accessor>
          </technique_common>
        </source>
        <vertices id="Pot_low_cell_013-mesh-vertices">
          <input semantic="POSITION" source="#Pot_low_cell_013-mesh-positions"/>
        </vertices>
        <lines count="1">
          <input semantic="VERTEX" source="#Pot_low_cell_013-mesh-vertices" offset="0"/>
          <p>1 0</p>
        </lines>
      </mesh>
    </geometry>
    <geometry id="Pot_low_cell_012-mesh" name="Pot_low_cell.012">
      <mesh>
        <source id="Pot_low_cell_012-mesh-positions">
          <float_array id="Pot_low_cell_012-mesh-positions-array" count="6">-0.001480817 0.004317522 -0.007685422 0.001480817 -0.004317522 0.007685422</float_array>
          <technique_common>
            <accessor source="#Pot_low_cell_012-mesh-positions-array" count="2" stride="3">
              <param name="X" type="float"/>
              <param name="Y" type="float"/>
              <param name="Z" type="float"/>
            </accessor>
          </technique_common>
        </source>
        <source id="Pot_low_cell_012-mesh-normals">
          <float_array id="Pot_low_cell_012-mesh-normals-array" count="0"/>
          <technique_common>
            <accessor source="#Pot_low_cell_012-mesh-normals-array" count="0" stride="3">
              <param name="X" type="float"/>
              <param name="Y" type="float"/>
              <param name="Z" type="float"/>
            </accessor>
          </technique_common>
        </source>
        <source id="Pot_low_cell_012-mesh-map-0">
          <float_array id="Pot_low_cell_012-mesh-map-0-array" count="0"/>
          <technique_common>
            <accessor source="#Pot_low_cell_012-mesh-map-0-array" count="0" stride="2">
              <param name="S" type="float"/>
              <param name="T" type="float"/>
            </accessor>
          </technique_common>
        </source>
        <vertices id="Pot_low_cell_012-mesh-vertices">
          <input semantic="POSITION" source="#Pot_low_cell_012-mesh-positions"/>
        </vertices>
        <lines count="1">
          <input semantic="VERTEX" source="#Pot_low_cell_012-mesh-vertices" offset="0"/>
          <p>1 0</p>
        </lines>
      </mesh>
    </geometry>
    <geometry id="Pot_low_cell_011-mesh" name="Pot_low_cell.011">
      <mesh>
        <source id="Pot_low_cell_011-mesh-positions">
          <float_array id="Pot_low_cell_011-mesh-positions-array" count="3">0 0 0</float_array>
          <technique_common>
            <accessor source="#Pot_low_cell_011-mesh-positions-array" count="1" stride="3">
              <param name="X" type="float"/>
              <param name="Y" type="float"/>
              <param name="Z" type="float"/>
            </accessor>
          </technique_common>
        </source>
        <source id="Pot_low_cell_011-mesh-normals">
          <float_array id="Pot_low_cell_011-mesh-normals-array" count="0"/>
          <technique_common>
            <accessor source="#Pot_low_cell_011-mesh-normals-array" count="0" stride="3">
              <param name="X" type="float"/>
              <param name="Y" type="float"/>
              <param name="Z" type="float"/>
            </accessor>
          </technique_common>
        </source>
        <source id="Pot_low_cell_011-mesh-map-0">
          <float_array id="Pot_low_cell_011-mesh-map-0-array" count="0"/>
          <technique_common>
            <accessor source="#Pot_low_cell_011-mesh-map-0-array" count="0" stride="2">
              <param name="S" type="float"/>
              <param name="T" type="float"/>
            </accessor>
          </technique_common>
        </source>
        <vertices id="Pot_low_cell_011-mesh-vertices">
          <input semantic="POSITION" source="#Pot_low_cell_011-mesh-positions"/>
        </vertices>
      </mesh>
    </geometry>
    <geometry id="Pot_low_cell_010-mesh" name="Pot_low_cell.010">
      <mesh>
        <source id="Pot_low_cell_010-mesh-positions">
          <float_array id="Pot_low_cell_010-mesh-positions-array" count="336">-0.004710018 -0.0446459 -0.08374661 -0.0384069 -0.09095638 -0.08374661 -0.01404261 -0.07329118 -0.08374661 -0.06849789 -0.09095883 -0.08374661 0.007819235 -0.0446459 -0.07686263 -0.003912091 -0.08065396 -0.07686263 -0.0345388 -0.1028598 -0.07686263 -0.04350978 -0.02314651 0.0738762 -0.07236415 -0.1028627 -0.07686263 -0.02354383 -0.05824089 0.04891949 -0.0384069 0.001664519 -0.08374661 -0.06849789 0.001666963 -0.08374661 -0.01404261 -0.01600056 -0.08374661 -0.0345388 0.01356786 -0.07686263 -0.003912091 -0.008637845 -0.07686263 0.01885986 -0.0446459 -0.06689476 -0.03113025 -0.1133489 -0.06689476 0.005014717 -0.08714187 -0.06689476 0.03424698 -0.0446459 -0.05180299 0.01745587 -0.09618407 -0.05180299 0.05099397 -0.0446459 -0.0334993 -0.03113025 0.02405691 -0.06689476 0.005014717 -0.002149939 -0.06689476 -0.02637988 0.03867518 -0.05180299 -0.02120965 0.05458545 -0.0334993 0.01745587 0.006892204 -0.05180299 0.03099662 0.0167334 -0.0334993 0.06645387 -0.0446459 -0.01421165 -0.01643681 0.06927293 -0.01421165 0.04349666 0.02581828 -0.01421165 -0.01120048 0.08538663 0.01142621 0.0572105 0.03578537 0.01142621 -0.007366657 0.09718447 0.03675615 -0.005181908 0.1039074 0.05967074 0.06725126 0.04308301 0.03675615 0.07297301 0.04724144 0.05967074 -0.004385173 0.1063592 0.08321458 0.07505965 0.04875797 0.08321458 -0.007549047 0.09662318 0.1289528 -0.005392074 0.1032608 0.1060597 0.07242268 0.04684144 0.1060597 -0.01115351 0.08553123 0.1500117 1.384e-4 0.08023941 0.1462264 0.04835957 0.05608683 0.1289528 0.06382906 0.04715687 0.1225714 -0.02165663 0.08787536 0.1462264 0.06886476 0.04425561 0.1204783 0.07502889 0.03289848 0.1124046 -0.07897895 -0.09806668 -0.07686263 -0.02474117 0.09662455 0.1289528 -0.05944097 -0.1133511 -0.06689476 -0.03030651 -0.1279674 -0.05180299 -0.02570331 -0.1300491 -0.04940772 -0.02136498 -0.1308599 -0.04572415 0.04497969 -0.08599275 -0.02419662 0.0335949 -0.09805011 -0.0334993 0.02787435 -0.103756 -0.03771984 0.08905762 -0.002128362 0.05967074 0.08860111 -0.00957638 0.05033499 0.08608829 0.01490694 0.08321458 0.07814151 0.02928835 0.1060597 0.08791768 -0.02034991 0.03675615 0.05722206 -0.07298183 -0.01421165 0.08166486 -0.0446459 0.008780837 -0.07943785 -0.08302688 -0.08374661 -0.07210201 0.01276379 -0.07732939 -0.07437759 -0.00259602 -0.08374661 -0.0692625 0.02405989 -0.06689476 -0.06526386 0.03867822 -0.05180299 -0.05566966 0.06927609 -0.01421165 -0.04942542 0.08538967 0.01142621 -0.03346014 0.1063615 0.08321458 -0.03841763 0.1039101 0.05967074 -0.02899438 0.1032627 0.1060597 -0.06052863 0.05458849 -0.0334993 -0.0435155 0.09718734 0.03675615 -0.01115351 0.08553123 0.1500117 1.384e-4 0.08023941 0.1462264 -0.03030651 -0.1279674 -0.05180299 -0.02570331 -0.1300491 -0.04940772 -0.02165663 0.08787536 0.1462264 0.04835957 0.05608683 0.1289528 0.06382906 0.04715687 0.1225714 0.06886476 0.04425561 0.1204783 0.07502889 0.03289848 0.1124046 0.08791768 -0.02034991 0.03675615 0.08166486 -0.0446459 0.008780837 -0.05944097 -0.1133511 -0.06689476 -0.02136498 -0.1308599 -0.04572415 0.07814151 0.02928835 0.1060597 0.02787435 -0.103756 -0.03771984 0.0335949 -0.09805011 -0.0334993 0.04497969 -0.08599275 -0.02419662 0.08905762 -0.002128362 0.05967074 0.08860111 -0.00957638 0.05033499 0.08608829 0.01490694 0.08321458 0.05722206 -0.07298183 -0.01421165 -0.02474117 0.09662455 0.1289528 -0.02899438 0.1032627 0.1060597 -0.03346014 0.1063615 0.08321458 -0.03841763 0.1039101 0.05967074 -0.0435155 0.09718734 0.03675615 -0.04942542 0.08538967 0.01142621 -0.05566966 0.06927609 -0.01421165 -0.06052863 0.05458849 -0.0334993 -0.06526386 0.03867822 -0.05180299 -0.0692625 0.02405989 -0.06689476 -0.07210201 0.01276379 -0.07732939 -0.07437759 -0.00259602 -0.08374661 -0.07236415 -0.1028627 -0.07686263 -0.07943785 -0.08302688 -0.08374661 -0.07897895 -0.09806668 -0.07686263</float_array>
          <technique_common>
            <accessor source="#Pot_low_cell_010-mesh-positions-array" count="112" stride="3">
              <param name="X" type="float"/>
              <param name="Y" type="float"/>
              <param name="Z" type="float"/>
            </accessor>
          </technique_common>
        </source>
        <source id="Pot_low_cell_010-mesh-normals">
          <float_array id="Pot_low_cell_010-mesh-normals-array" count="336">0.007205069 -0.576793 0.8168587 -0.5845836 -0.8062732 -0.09047514 -0.5505099 -0.6686512 0.4998444 0.3175728 -0.7487537 0.5818209 0.3245955 -0.7488496 0.577808 0.7621555 1.6893e-6 -0.6473941 0.6558404 0.4774095 -0.584768 0.8110796 0 -0.5849359 0.2377228 -0.1730985 -0.9557849 0.1835821 -0.5659405 -0.8037468 0.09073227 -0.2797799 -0.9557672 0.4808598 -0.3500566 -0.803887 0.2940536 0 -0.955789 0.5946432 0 -0.8039898 -0.2938012 -0.4052194 -0.8657241 -0.0907166 -0.2797945 -0.9557644 -0.1129593 -0.5201655 -0.8465625 -0.04339838 0.5730172 -0.8183935 0.09073233 0.2797803 -0.9557671 -0.09071671 0.2797957 -0.9557641 -0.08380091 0.1155812 -0.9897568 0.4808601 0.3500572 -0.8038865 0.2377249 0.1731005 -0.9557841 0.1832169 0.5660198 -0.8037743 0.5821183 -0.4262449 -0.692426 0.225166 -0.6649793 -0.7121115 0.5559479 -0.4047066 -0.7260403 0.6874892 0 -0.7261947 0.72184 4.72231e-7 -0.69206 5.372e-5 -0.6952443 -0.7187736 0.2596007 -0.600415 -0.7563791 0.4429544 -0.6109327 -0.6561651 0.3355555 -0.4847776 -0.8077086 0.7257998 -0.2364649 -0.6459869 0.7562267 -0.246378 -0.6061511 0.7670366 -0.2499 -0.5909355 0.5837139 0.4249156 -0.6918995 5.79009e-5 0.7345489 -0.6785557 0.2122499 0.6542975 -0.7258408 -0.002317488 0.6979117 -0.7161801 0.555948 0.4047067 -0.7260402 0.2228451 0.686953 -0.6916905 6.45756e-5 0.8186607 -0.5742776 0.235278 0.725273 -0.6470111 6.05536e-5 0.7730049 -0.6344001 0.6163003 0.4486329 -0.6472268 0.2503601 0.7717654 -0.5845495 0.7043047 0.5122858 -0.4914451 0.8780982 0.2835474 -0.3854147 0.8440467 0.1464303 -0.5158909 7.40274e-5 0.9320745 -0.3622667 0.268778 0.8285244 -0.4912289 6.9508e-5 0.8743292 -0.4853334 0.2874979 0.8862153 -0.3632732 0.7532015 0.5482624 -0.36345 7.9545e-5 1 4.17588e-4 0.3024041 0.9321493 -0.199122 7.79507e-5 0.9787256 -0.2051742 0.7922947 0.5766953 -0.1992283 0.9122948 0.2972245 -0.2817372 0.9255732 0.3015505 -0.2288702 0.3085474 0.951076 0.01590842 0.8084039 0.5884131 0.01591736 0.9503412 0.3096202 -0.03141605 7.79014e-5 0.9800864 0.1985718 0.7897666 0.5748625 0.2140135 0.9353279 0.3047288 0.179728 0.9131427 0.2975004 0.2786825 0.3014446 0.9291812 0.2139008 7.36705e-5 0.9339061 0.3575186 0.2856704 0.8803811 0.3785786 0.5602517 0.772711 0.2983884 0.5637586 0.7775478 0.2785601 0.0174973 0.8861536 0.4630613 0.2763973 0.829993 0.4844752 0.5139347 0.7248401 0.4587787 -0.9770967 0.05911272 0.2044207 -0.3137115 -0.8954108 0.3159505 0.007205128 -0.5767931 0.8168587 0.007203459 -0.5767956 0.8168568 -0.5797249 -0.6546655 0.4851105 -0.6813666 -0.5788154 0.4480095 -0.5615943 -0.6438021 0.5197411 -0.5544793 -0.6663552 0.4985213 0.3175734 -0.7487535 0.5818207 0.3175726 -0.7487537 0.581821 0.3175722 -0.7487536 0.5818214 0.3175733 -0.7487536 0.5818206 0.3175727 -0.7487537 0.581821 0.3175725 -0.7487536 0.5818212 0.3175727 -0.7487537 0.5818209 0.3245962 -0.748849 0.5778083 0.3245962 -0.7488492 0.5778082 -0.09530913 -0.1314529 -0.9867302 0.6328542 -0.3819267 -0.6735188 0.7142793 0.6367445 0.2904507 -0.9779609 0.06149923 0.1995252 -0.977963 0.06150239 0.1995141 -0.9779618 0.0615018 0.1995204 -0.9779609 0.06150227 0.1995248 -0.9779599 0.06150341 0.1995287 -0.9779593 0.06150507 0.1995314 -0.9779588 0.06150639 0.1995331 -0.9779585 0.06150859 0.1995342 -0.9779583 0.06150978 0.1995347 -0.9779608 0.06152731 0.1995172 -0.9779576 0.06151568 0.1995366 -0.9779566 0.06152784 0.1995381 -0.9779561 0.06149643 0.19955 -0.1794109 -0.5120851 0.8399885 0.005512654 -0.5750617 0.8180915 0.005203068 -0.5748223 0.8182618</float_array>
          <technique_common>
            <accessor source="#Pot_low_cell_010-mesh-normals-array" count="112" stride="3">
              <param name="X" type="float"/>
              <param name="Y" type="float"/>
              <param name="Z" type="float"/>
            </accessor>
          </technique_common>
        </source>
        <source id="Pot_low_cell_010-mesh-map-0">
          <float_array id="Pot_low_cell_010-mesh-map-0-array" count="888">1 1 0.5517295 0 1 0.4595965 0.2863097 0.2863097 0.3585783 0.2884579 0.5598927 0.3220861 1 0 1 1 0.3991435 0.3991435 0.804554 0.6090201 0.6130509 0.5680911 0 0 0.6187044 0.6187044 0.3686512 0.3686512 0.438836 0.4021521 0.6867427 0.5595844 0.7218146 0.655426 0.6666337 0.5839242 0.6998727 0.4205854 0.6421745 0.3720147 0.654758 0.3605789 0.6880164 0.4341802 0.7432903 0.4759483 0.7328539 0.4921919 0.5865122 0.2937372 0.6107044 0.2967553 0.5968717 0.3073073 0.6421745 0.3720147 0.6107044 0.2967553 0.654758 0.3605789 0.4288582 0.06925338 0.4396647 0.02425754 0.4463807 0.06815838 0.4463807 0.06815838 0.4537412 0.08042234 0.4281181 0.06929963 0.7768824 0.5401489 0.7432903 0.4759483 0.7836276 0.5212985 0.8242585 0.5639202 0.7836276 0.5212985 0.8237529 0.5418947 0.6579704 0.4682573 0.6290448 0.3839781 0.6758301 0.4483382 0.6290448 0.3839781 0.6880164 0.4341802 0.6758301 0.4483382 0.6758301 0.4483382 0.7328539 0.4921919 0.722355 0.5088649 0.6579704 0.4682573 0.722355 0.5088649 0.7063511 0.5331086 0.6421745 0.3720147 0.6123487 0.3294135 0.5968717 0.3073073 0.599157 0.3422293 0.6290448 0.3839781 0.6258621 0.3868751 0.6579704 0.4682573 0.6065104 0.4117085 0.6077373 0.4031786 0.7063511 0.5331086 0.6867427 0.5595844 0.6433721 0.4991276 0.6453343 0.5266328 0.6867427 0.5595844 0.6459578 0.5544915 0.722355 0.5088649 0.7569986 0.5910046 0.7063511 0.5331086 0.3686618 0.05373847 0.3587694 0.01023656 0.369821 0.05883628 0.4034048 0.06204593 0.3954111 0.01592296 0.4040251 0.06562477 0.769101 0.5609823 0.7328539 0.4921919 0.7768824 0.5401489 0.8232231 0.5892146 0.7768824 0.5401489 0.8242585 0.5639202 0.8194829 0.6279327 0.769101 0.5609823 0.8232231 0.5892146 0.3254438 0.04206097 0.3124564 2.65469e-5 0.3272758 0.04799014 0.367289 0.04770159 0.3573923 0.004180669 0.3686618 0.05373847 0.7063511 0.5331086 0.7413058 0.6242799 0.6867427 0.5595844 0.7569986 0.5910046 0.8080161 0.6728876 0.7413058 0.6242799 0.7413058 0.6242799 0.7905773 0.716077 0.7218146 0.655426 0.6938225 0.6902022 0.6260866 0.6582944 0.6398796 0.6142627 0.6666337 0.5839242 0.6411181 0.6089897 0.6459578 0.5544915 0.2300437 0.04840695 0.2115046 0.01454418 0.2334355 0.05460244 0.2823562 0.03965461 0.2668347 0.001202583 0.2852953 0.04693585 0.6411181 0.6089897 0.7218146 0.655426 0.6938225 0.6902022 0.7641367 0.7672409 0.7218146 0.655426 0.7905773 0.716077 0.6938225 0.6902022 0.7297195 0.8070822 0.6648578 0.7185063 0.1458969 0.07915484 0.1250441 0.05344915 0.1495541 0.08366334 0.1837601 0.06240868 0.1631143 0.03212749 0.1871511 0.06738221 0.6648578 0.7185063 0.6959866 0.8357217 0.6378009 0.7395102 0.617011 0.6790375 0.6648578 0.7185063 0.6104365 0.6932594 0.6378009 0.7395102 0.658981 0.8583016 0.6091365 0.7574533 0.6378009 0.7395102 0.5918964 0.7257149 0.6104365 0.6932594 0.1110366 0.1007742 0.09111231 0.07996958 0.114654 0.1045514 0.658981 0.8583016 0.5793796 0.7715741 0.6091365 0.7574533 0.6091365 0.7574533 0.5710006 0.754785 0.5918964 0.725715 0.5793796 0.7715741 0.5644798 0.7626703 0.5710006 0.754785 0.06423461 0.1122947 0.08097201 0.1271681 0.0397703 0.1486022 0.5549545 0.8093779 0.5582339 0.7868515 0.5793796 0.7715741 0.0397703 0.1486022 0.05304038 0.1585088 0.02432537 0.1812118 0.5390428 0.8753552 0.5780988 0.8857279 0.5424147 0.8904147 0.5286918 2.0602e-5 0.562685 0.01680338 0.4877607 0.02957296 1 1 0.3756033 0.3756033 0.2490077 0.1098988 0.5675186 0.1965619 0.4087231 0.08625686 0.3109479 0 0 0 0.5517295 0 1 1 0.5517295 0 0.871305 0.3184856 1 0.4595965 0.5598927 0.3220861 1 0.3991435 1 1 1 1 0.2863097 0.2863097 0.5598927 0.3220861 0.4315782 0.2280969 0.4828143 0 0.3991435 0.3991435 0.4828143 0 1 0 0.3991435 0.3991435 0.6130509 0.5680911 0.5517296 0.5517296 0 0 0 0 0.5171858 0 0.9174374 0.2725912 0.9174374 0.2725912 0.946637 0.3046784 0 0 0.946637 0.3046784 1 0.3686512 0 0 1 0.3686512 1 0.6187046 0 0 1 0.6187046 0.9550161 0.6224079 0 0 0.9550161 0.6224079 0.804554 0.6090201 0 0 0.438836 0.4021521 0.5844128 0.4881692 0.6147951 0.5731492 0.6147951 0.5731492 0.6187044 0.6187044 0.438836 0.4021521 0.6867427 0.5595844 0.7413058 0.6242799 0.7218146 0.655426 0.6998727 0.4205854 0.6880164 0.4341802 0.6421745 0.3720147 0.6880164 0.4341802 0.6998727 0.4205854 0.7432903 0.4759483 0.5865122 0.2937372 0.5896727 0.26893 0.6107044 0.2967553 0.6421745 0.3720147 0.5968717 0.3073073 0.6107044 0.2967553 0.4288582 0.06925338 0.4186298 0.01754724 0.4396647 0.02425754 0.7768824 0.5401489 0.7328539 0.4921919 0.7432903 0.4759483 0.8242585 0.5639202 0.7768824 0.5401489 0.7836276 0.5212985 0.6579704 0.4682573 0.6106695 0.4007042 0.6290448 0.3839781 0.6290448 0.3839781 0.6421745 0.3720147 0.6880164 0.4341802 0.6758301 0.4483382 0.6880164 0.4341802 0.7328539 0.4921919 0.6579704 0.4682573 0.6758301 0.4483382 0.722355 0.5088649 0.6421745 0.3720147 0.6290448 0.3839781 0.6123487 0.3294135 0.6077373 0.4031786 0.6106695 0.4007042 0.6579704 0.4682573 0.6579704 0.4682573 0.6417549 0.4850628 0.6065104 0.4117085 0.6417549 0.4850628 0.6579704 0.4682573 0.6433721 0.4991276 0.6579704 0.4682573 0.7063511 0.5331086 0.6433721 0.4991276 0.6433721 0.4991276 0.6867427 0.5595844 0.6453343 0.5266328 0.6867427 0.5595844 0.6666337 0.5839242 0.6459578 0.5544915 0.722355 0.5088649 0.769101 0.5609823 0.7569986 0.5910046 0.3686618 0.05373847 0.3573923 0.004180669 0.3587694 0.01023656 0.4034048 0.06204593 0.3946263 0.01139432 0.3954111 0.01592296 0.769101 0.5609823 0.722355 0.5088649 0.7328539 0.4921919 0.8232231 0.5892146 0.769101 0.5609823 0.7768824 0.5401489 0.8194829 0.6279327 0.7569986 0.5910046 0.769101 0.5609823 0.3254438 0.04206097 0.2668347 0.001202583 0.3124564 2.65469e-5 0.367289 0.04770159 0.3124564 2.65469e-5 0.3573923 0.004180669 0.7063511 0.5331086 0.7569986 0.5910046 0.7413058 0.6242799 0.7569986 0.5910046 0.8194829 0.6279327 0.8080161 0.6728876 0.7413058 0.6242799 0.8080161 0.6728876 0.7905773 0.716077 0.6938225 0.6902022 0.6648578 0.7185063 0.6260866 0.6582944 0.2300437 0.04840695 0.1631143 0.03212749 0.2115046 0.01454418 0.2823562 0.03965461 0.2115046 0.01454418 0.2668347 0.001202583 0.6411181 0.6089897 0.6666337 0.5839242 0.7218146 0.655426 0.7641367 0.7672409 0.6938225 0.6902022 0.7218146 0.655426 0.6938225 0.6902022 0.7641367 0.7672409 0.7297195 0.8070822 0.1458969 0.07915484 0.09111231 0.07996958 0.1250441 0.05344915 0.1837601 0.06240868 0.1250441 0.05344915 0.1631143 0.03212749 0.6648578 0.7185063 0.7297195 0.8070822 0.6959866 0.8357217 0.6260866 0.6582944 0.6648578 0.7185063 0.617011 0.6790375 0.6648578 0.7185063 0.6378009 0.7395102 0.6104365 0.6932594 0.6378009 0.7395102 0.6959866 0.8357217 0.658981 0.8583016 0.6378009 0.7395102 0.6091365 0.7574533 0.5918964 0.7257149 0.1110366 0.1007742 0.09192609 0.0808193 0.09111231 0.07996958 0.658981 0.8583016 0.6206517 0.8757057 0.5793796 0.7715741 0.6091365 0.7574533 0.5793796 0.7715741 0.5710006 0.754785 0.5793796 0.7715741 0.559195 0.779546 0.5644798 0.7626703 0.06423461 0.1122947 0.08465307 0.1304392 0.08097201 0.1271681 0.5591951 0.7795459 0.5793796 0.7715741 0.5582339 0.7868515 0.5793796 0.7715741 0.6206517 0.8757057 0.5549545 0.8093779 0.6206517 0.8757057 0.5780988 0.8857279 0.5549545 0.8093779 0.0397703 0.1486022 0.05594342 0.160676 0.05304038 0.1585088 0.5390428 0.8753552 0.5549545 0.8093779 0.5780988 0.8857279 0.562685 0.01680338 0.5803345 0.05040144 0.4877607 0.02957296 0.5803345 0.05040144 0.574805 0.0879482 0.4956551 0.1138727 0.4877607 0.02957296 0.5803345 0.05040144 0.4956551 0.1138727 0.574805 0.0879482 0.5482859 0.1150397 0.4956551 0.1138727 0.5482859 0.1150397 0.5109187 0.1214084 0.4956551 0.1138727 0.4877607 0.02957296 0.4950621 0.02832859 0.5286918 2.0602e-5 0.2490077 0.1098988 0.9349395 0.750667 1 1 0.9349395 0.750667 0.8525002 0.6790563 1 1 0.8525002 0.6790563 0.7870514 0.6052687 1 1 0.7870514 0.6052687 0.7383419 0.533463 1 1 0.7383419 0.533463 0.69959 0.4540984 1 1 0.69959 0.4540984 0.674789 0.3737784 1 1 0.674789 0.3737784 0.6649973 0.313359 1 1 0.6649973 0.313359 0.6625212 0.2560263 1 1 0.6625212 0.2560263 0.6656644 0.2087577 1 1 0.6656644 0.2087577 0.6719467 0.1760784 0.7048888 0.1560003 1 1 0.6656644 0.2087577 0.7048888 0.1560003 0.7048888 0.1560003 0.9828948 0.1561849 1 1 0.9828948 0.1561849 1 0.2863096 1 1 0.3109479 0 0 0 0.5675186 0.1965619 0 0 0.5404035 0 0.5204983 0.2354057 0.5675186 0.1965619 0 0 0.5204983 0.2354057</float_array>
          <technique_common>
            <accessor source="#Pot_low_cell_010-mesh-map-0-array" count="444" stride="2">
              <param name="S" type="float"/>
              <param name="T" type="float"/>
            </accessor>
          </technique_common>
        </source>
        <vertices id="Pot_low_cell_010-mesh-vertices">
          <input semantic="POSITION" source="#Pot_low_cell_010-mesh-positions"/>
        </vertices>
        <triangles material="PorcelinPot-material" count="148">
          <input semantic="VERTEX" source="#Pot_low_cell_010-mesh-vertices" offset="0"/>
          <input semantic="NORMAL" source="#Pot_low_cell_010-mesh-normals" offset="1"/>
          <input semantic="TEXCOORD" source="#Pot_low_cell_010-mesh-map-0" offset="2" set="0"/>
          <p>7 0 0 84 0 1 82 0 2 111 1 3 109 1 4 87 1 5 9 2 6 7 2 7 78 2 8 95 3 9 89 3 10 9 3 11 94 4 12 92 4 13 96 4 14 20 5 15 29 6 16 27 7 17 2 8 18 6 9 19 1 10 20 5 11 21 0 12 22 4 13 23 48 14 24 3 15 25 8 16 26 6 9 27 3 15 28 1 10 29 107 17 30 10 18 31 11 19 32 11 19 33 108 20 34 107 17 35 14 21 36 0 12 37 12 22 38 13 23 39 12 22 40 10 18 41 19 24 42 16 25 43 17 26 44 16 25 45 5 11 46 17 26 47 17 26 48 4 13 49 15 27 50 19 24 51 15 27 52 18 28 53 6 9 54 50 29 55 8 16 56 50 29 57 16 25 58 51 30 59 19 24 60 53 31 61 52 32 62 18 28 63 20 5 64 55 33 65 54 34 66 20 5 67 62 35 68 15 27 69 25 36 70 18 28 71 105 37 72 21 38 73 106 39 74 106 39 75 13 23 76 107 17 77 22 40 78 4 13 79 14 21 80 21 38 81 14 21 82 13 23 83 23 41 84 22 40 85 21 38 86 103 42 87 24 43 88 104 44 89 104 44 90 23 41 91 105 37 92 18 28 93 26 45 94 20 5 95 25 36 96 24 43 97 26 45 98 26 45 99 28 46 100 29 6 101 31 47 102 61 48 103 63 49 104 27 7 105 63 49 106 62 35 107 101 50 108 30 51 109 102 52 110 102 52 111 28 46 112 103 42 113 63 49 114 29 6 115 31 47 116 30 51 117 29 6 118 28 46 119 31 47 120 32 53 121 34 54 122 99 55 123 33 56 124 100 57 125 100 57 126 32 53 127 101 50 128 34 54 129 33 56 130 35 58 131 58 59 132 34 54 133 57 60 134 35 58 135 36 61 136 37 62 137 35 58 138 59 63 139 57 60 140 98 64 141 36 61 142 99 55 143 36 61 144 40 65 145 37 62 146 37 62 147 60 66 148 59 63 149 40 65 150 47 67 151 60 66 152 39 68 153 97 69 154 38 70 155 81 71 156 44 72 157 40 65 158 38 70 159 80 73 160 76 74 161 77 75 162 38 70 163 76 74 164 10 18 165 12 22 166 108 20 167 7 76 168 45 76 169 49 76 170 42 77 171 41 77 172 45 77 173 9 78 174 84 78 175 7 78 176 84 79 177 83 79 178 82 79 179 87 80 180 78 80 181 7 80 182 7 81 183 111 81 184 87 81 185 79 82 186 88 82 187 78 82 188 88 83 189 9 83 190 78 83 191 89 84 192 84 84 193 9 84 194 9 85 195 88 85 196 90 85 197 90 86 198 91 86 199 9 86 200 91 87 201 92 87 202 9 87 203 92 88 204 94 88 205 9 88 206 94 89 207 93 89 208 9 89 209 93 90 210 95 90 211 9 90 212 96 91 213 86 91 214 85 91 215 85 92 216 94 92 217 96 92 218 20 5 219 26 45 220 29 6 221 2 8 222 5 11 223 6 9 224 5 11 225 2 8 226 0 12 227 48 14 228 110 93 229 3 15 230 6 9 231 8 16 232 3 15 233 107 17 234 13 23 235 10 18 236 14 21 237 4 13 238 0 12 239 13 23 240 14 21 241 12 22 242 19 24 243 51 30 244 16 25 245 16 25 246 6 9 247 5 11 248 17 26 249 5 11 250 4 13 251 19 24 252 17 26 253 15 27 254 6 9 255 16 25 256 50 29 257 52 32 258 51 30 259 19 24 260 19 24 261 56 94 262 53 31 263 56 94 264 19 24 265 55 33 266 19 24 267 18 28 268 55 33 269 55 33 270 20 5 271 54 34 272 20 5 273 27 7 274 62 35 275 15 27 276 22 40 277 25 36 278 105 37 279 23 41 280 21 38 281 106 39 282 21 38 283 13 23 284 22 40 285 15 27 286 4 13 287 21 38 288 22 40 289 14 21 290 23 41 291 25 36 292 22 40 293 103 42 294 28 46 295 24 43 296 104 44 297 24 43 298 23 41 299 18 28 300 25 36 301 26 45 302 25 36 303 23 41 304 24 43 305 26 45 306 24 43 307 28 46 308 31 47 309 34 54 310 61 48 311 101 50 312 32 53 313 30 51 314 102 52 315 30 51 316 28 46 317 63 49 318 27 7 319 29 6 320 30 51 321 31 47 322 29 6 323 31 47 324 30 51 325 32 53 326 99 55 327 36 61 328 33 56 329 100 57 330 33 56 331 32 53 332 34 54 333 32 53 334 33 56 335 61 48 336 34 54 337 58 59 338 34 54 339 35 58 340 57 60 341 35 58 342 33 56 343 36 61 344 35 58 345 37 62 346 59 63 347 98 64 348 39 68 349 36 61 350 36 61 351 39 68 352 40 65 353 37 62 354 40 65 355 60 66 356 40 65 357 46 95 358 47 67 359 39 68 360 98 64 361 97 69 362 46 95 363 40 65 364 44 72 365 40 65 366 39 68 367 81 71 368 39 68 369 38 70 370 81 71 371 38 70 372 97 69 373 80 73 374 77 75 375 81 71 376 38 70 377 12 22 378 0 12 379 108 20 380 0 12 381 2 8 382 110 93 383 108 20 384 0 12 385 110 93 386 2 8 387 1 10 388 110 93 389 1 10 390 3 15 391 110 93 392 108 20 393 11 19 394 10 18 395 49 96 396 73 96 397 7 96 398 73 97 399 71 97 400 7 97 401 71 98 402 72 98 403 7 98 404 72 99 405 75 99 406 7 99 407 75 100 408 70 100 409 7 100 410 70 101 411 69 101 412 7 101 413 69 102 414 74 102 415 7 102 416 74 103 417 68 103 418 7 103 419 68 104 420 67 104 421 7 104 422 67 105 423 65 105 424 66 105 425 7 106 426 67 106 427 66 106 428 66 107 429 64 107 430 7 107 431 64 108 432 111 108 433 7 108 434 45 109 435 7 109 436 42 109 437 7 110 438 82 110 439 43 110 440 42 111 441 7 111 442 43 111 443</p>
        </triangles>
      </mesh>
    </geometry>
    <geometry id="Pot_low_cell_009-mesh" name="Pot_low_cell.009">
      <mesh>
        <source id="Pot_low_cell_009-mesh-positions">
          <float_array id="Pot_low_cell_009-mesh-positions-array" count="228">-0.01700222 0.09247028 -0.04895734 -0.001118361 -0.08255398 -0.06575232 0.00225836 -0.0721572 -0.04895836 0.007224977 -0.05686515 -0.02896833 -0.04900723 -0.01609432 -0.02896833 0.01229524 -0.04125422 -0.01213341 -0.03572052 -0.006440639 -0.01213341 0.01779812 -0.024311 0.003468394 -0.02129983 0.004036724 0.003468394 0.02270632 -0.009199023 0.01565694 -0.008437812 0.01338183 0.01565694 0.02689665 0.00370258 0.02498674 0.002543032 0.02136015 0.02498674 0.0163961 0.03142511 0.03537029 0.01805657 0.03263151 0.02228814 0.01240813 0.04997324 0.02228814 0.004226148 -0.08986526 -0.08018821 0.01293355 -0.07215636 -0.04895836 0.008410036 -0.0825532 -0.06575232 0.02521443 -0.01672071 0.009590029 0.01778763 -0.05686432 -0.02896833 0.02137869 -0.0412535 -0.01213341 0.02425658 -0.02431046 0.003468394 0.02676773 -0.002413809 0.02056354 0.02855151 0.02282923 0.07653295 0.04006367 0.02011728 0.06760025 0.03219836 0.02002632 0.04645639 0.0274254 0.02342844 0.03537029 0.03223699 0.02014529 0.07430124 -0.07406634 0.04776591 -0.03425765 -0.060072 -0.02696484 -0.04895836 -0.003034234 -0.08845287 -0.07739859 -0.02666467 -0.06403172 -0.06575232 -0.06938409 0.04646587 -0.02896833 -0.0520665 0.04374402 -0.01213341 -0.04734319 0.04342299 -0.008092582 -0.03381335 0.04245507 0.003468394 -0.004522264 0.04305166 0.02498674 -0.01789045 0.04240286 0.01565694 0.01205152 0.04476356 0.03537029 0.0260322 0.02737724 0.06868499 0.01647132 0.03147977 0.05605739 0.01438158 0.05603212 0.02228814 0.01247197 0.04997324 0.02886623 0.004226148 -0.08986526 -0.08018821 0.008410036 -0.0825532 -0.06575232 0.02521443 -0.01672071 0.009590029 0.02425658 -0.02431046 0.003468394 0.02137869 -0.0412535 -0.01213341 0.01778763 -0.05686432 -0.02896833 0.01293355 -0.07215636 -0.04895836 0.03219836 0.02002632 0.04645639 0.0274254 0.02342844 0.03537029 -0.003034234 -0.08845287 -0.07739859 -0.02666467 -0.06403172 -0.06575232 -0.060072 -0.02696484 -0.04895836 -0.07406634 0.04776591 -0.03425765 -0.06938409 0.04646587 -0.02896833 -0.0520665 0.04374402 -0.01213341 -0.04734319 0.04342299 -0.008092582 -0.004522264 0.04305166 0.02498674 0.01205152 0.04476356 0.03537029 -0.03381335 0.04245507 0.003468394 -0.01789045 0.04240286 0.01565694 0.01438158 0.05603212 0.02228814 0.01247197 0.04997324 0.02886623 0.02270632 -0.009199023 0.01565694 0.02676773 -0.002413809 0.02056354 0.02855151 0.02282923 0.07653295 0.02855151 0.02282923 0.07653295 0.02855151 0.02282923 0.07653295 0.03223699 0.02014529 0.07430124 0.01805657 0.03263151 0.02228814 0.02689665 0.00370258 0.02498674 0.01647132 0.03147977 0.05605739 0.0260322 0.02737724 0.06868499</float_array>
          <technique_common>
            <accessor source="#Pot_low_cell_009-mesh-positions-array" count="76" stride="3">
              <param name="X" type="float"/>
              <param name="Y" type="float"/>
              <param name="Z" type="float"/>
            </accessor>
          </technique_common>
        </source>
        <source id="Pot_low_cell_009-mesh-normals">
          <float_array id="Pot_low_cell_009-mesh-normals-array" count="237">0.9209891 0.1674753 -0.3517544 0.9214194 0.1685137 -0.3501279 -0.335438 0.1209699 -0.9342632 -0.4222075 0.7200292 0.5507257 -0.4203025 0.7200455 0.5521597 -0.6554595 -0.7254465 -0.2100006 0.3890647 -0.7311078 -0.5604554 -0.5021705 -0.692606 0.5178048 -0.2508246 -0.7733799 0.582212 -0.6025059 -0.5242953 0.6017484 -0.1982305 -0.8608586 0.468644 -0.2663623 -0.8212797 0.5045303 7.14918e-5 -0.8920969 0.4518442 6.93186e-5 -0.868741 0.4952669 6.4496e-5 -0.8194926 0.57309 -0.2134859 -0.6582742 0.7218719 -0.5155594 -0.3752852 0.7702984 -0.5593307 -0.4071451 0.7220679 -0.2321607 -0.7158511 0.6585276 -0.619997 -0.441007 0.648935 6.0386e-5 -0.7612115 0.6485037 5.61959e-5 -0.7033658 0.7108281 -0.1967858 -0.6067883 0.7701191 5.14514e-5 -0.6511815 0.7589221 -0.7606287 -0.2488113 0.599614 -0.7332636 -0.2388359 0.6366176 -0.6760697 -0.2202072 0.7031633 -0.6438093 -0.2096996 0.7358911 -0.2963183 -0.5219491 0.799853 -0.4419834 -0.3217397 0.8373377 -0.4778074 -0.3478102 0.8066773 4.79466e-5 -0.6278073 0.7783688 -0.3094034 -0.4721543 0.8254333 4.52639e-5 -0.5859932 0.8103159 -0.512702 -0.7071318 0.4869306 -0.5798955 -0.1888819 0.7924928 -0.6245706 -0.2034332 0.7540071 -0.6809558 -0.4957058 0.5390502 -0.537073 -0.1749343 0.8251973 -0.5869846 -0.8095869 0.004273593 -0.5869848 -0.8095867 0.004273474 -0.5869846 -0.8095868 0.004273593 7.83475e-5 -0.9999909 0.004272699 0.4985328 0.1775912 0.8484848 -0.2025234 0.07351994 0.9765139 0.9307281 0.1461678 -0.3352316 0.7684168 -4.83929e-7 0.6399497 0.8635631 0.4797695 0.155178 0.8235828 -0.2682552 0.4997505 0.6795369 0.7335053 -0.01412999 0.6208451 0.7792593 -0.08547794 0.5307454 0.8375414 -0.1297452 0.9870812 0.1327822 0.0896641 -0.4203627 0.719988 0.5521889 0.9209891 0.1674754 -0.3517544 0.9209891 0.1674755 -0.3517544 0.920989 0.1674754 -0.3517544 0.920989 0.1674753 -0.3517544 0.920989 0.1674754 -0.3517545 0.07054078 -0.6118965 0.787786 -0.3354353 0.1209699 -0.9342642 -0.3354352 0.1209698 -0.9342642 -0.335435 0.1209698 -0.9342643 -0.4222062 0.7200288 0.5507271 -0.4222069 0.7200292 0.5507261 -0.4203024 0.7200456 0.5521598 -0.4203023 0.7200455 0.5521599 -0.4203025 0.7200455 0.5521598 -0.4105317 0.7257616 0.5520271 -0.5869849 -0.8095866 0.004273355 -0.5869852 -0.8095865 0.004273891 0.7999984 0.5761091 -0.1676339 0.8597064 0.2196911 -0.4611298 0.9009255 0.2416784 -0.3604509 0.9355022 0.2450602 -0.2545219 0.6554595 0.7254465 0.2100006 0.7142543 0.6923508 0.1024264 0.6097397 0.7906499 0.05558997 0.6554589 0.7254469 0.2100009</float_array>
          <technique_common>
            <accessor source="#Pot_low_cell_009-mesh-normals-array" count="79" stride="3">
              <param name="X" type="float"/>
              <param name="Y" type="float"/>
              <param name="Z" type="float"/>
            </accessor>
          </technique_common>
        </source>
        <source id="Pot_low_cell_009-mesh-map-0">
          <float_array id="Pot_low_cell_009-mesh-map-0-array" count="510">0.4884561 0.1637575 0.3588289 0.07656574 1 0 0.550913 0 0.4486439 0.4486439 0 0 1 0.7475484 0.9565333 0.7208717 0.8292006 0.5595639 0.9361652 0.766616 1 1 0.6897271 0.6501 0.8908188 0.5517745 1 1 0.8397815 0.6805522 0.06119185 0.06119185 0 0 0.1280798 0 1 0.3809901 0.3249887 0.3249887 0.458815 0.3718657 0.3310188 0.4650998 0.3311125 0.5031818 0.2818446 0.4417491 0.3625786 0.4797278 0.350141 0.4889368 0.3310188 0.4650998 0.350141 0.4889368 0.3531447 0.4931684 0.3554949 0.4964793 0.3520376 0.4916087 0.3554949 0.4964793 0.3580359 0.500059 0.2840035 0.5374483 0.217525 0.5008054 0.2378832 0.4797486 0.3065708 0.5210482 0.2378832 0.4797486 0.2579556 0.4604049 0.2818446 0.4417491 0.3065708 0.5210482 0.2579556 0.4604049 0.3065708 0.5210482 0.3374496 0.51209 0.3403301 0.5161393 0.2840035 0.5374483 0.3134418 0.5306767 0.3157769 0.5339489 0.2879944 0.543014 0.2905926 0.5466374 0.2926793 0.5495476 0.2127897 0.3976016 0.2579556 0.4604049 0.2084807 0.405107 0.1934426 0.4309305 0.2579556 0.4604049 0.2378832 0.4797486 0.217525 0.5008054 0.1897765 0.4380208 0.2378832 0.4797486 0.2427033 0.5683122 0.1873603 0.5335908 0.2009794 0.5184723 0.2622663 0.5539599 0.2009794 0.5184723 0.217525 0.5008054 0.2683586 0.5626928 0.2622663 0.5539599 0.2675721 0.5615653 0.226578 0.580444 0.2294715 0.578267 0.2270728 0.5800717 0.1958268 0.5828793 0.1873603 0.5335908 0.2249438 0.581712 0.217525 0.5008054 0.166652 0.4809536 0.1790451 0.4580058 0.1873603 0.5335908 0.166652 0.4809536 0.2009794 0.5184723 0.1704842 0.5528778 0.1565287 0.5002145 0.1873603 0.5335908 0.2055031 0.6765872 0.1688104 0.6865814 0.1850429 0.6588804 0.218428 0.6712504 0.2184104 0.6712088 0.2222086 0.680199 0.2024618 0.6327474 0.2091383 0.648835 0.1850428 0.6588804 0 0 0.6190099 0 0.5954626 0.2442434 0.004231929 0.01869428 0.02448517 0.004867196 0.002753376 0.02658408 0.6559926 0.1192029 0.629403 0.1137909 0.649364 0.09970575 0.6142641 0.07491111 0.6342225 0.06115722 0.6380636 0.07073241 0.6342225 0.06115722 0.6273218 0.05639439 0.6318498 0.0498535 0.9983788 0 1 0.06119185 0.9780006 0.1755449 0.3588289 0.07656574 0.2524516 0 1 0 1 0 1 0.4486439 0.9409415 0.4206414 0.9409415 0.4206414 0.7978817 0.3468847 1 0 0.7978817 0.3468847 0.6518155 0.2646415 1 0 0.6518155 0.2646415 0.4884561 0.1637575 1 0 0.550913 0 0.5049827 0.2065445 0.4486439 0.4486439 0.8292006 0.5595639 0.6433178 0.3110171 1 0 0.6433178 0.3110171 0.6185708 0 1 0 1 0 1 0.7475484 0.8292006 0.5595639 1 0.7983757 1 1 0.9361652 0.766616 1 1 0.6185708 0.6185708 0.6897271 0.6501 0.8908188 0.5517745 0.9351388 0.4499577 1 1 0.9351388 0.4499577 1 0.3249886 1 1 1 1 0.7983757 0.7983757 0.8397815 0.6805522 1 0.3809901 1 1 0.3249887 0.3249887 0.3310188 0.4650998 0.350141 0.4889368 0.3311125 0.5031818 0.350141 0.4889368 0.3625786 0.4797278 0.3531447 0.4931684 0.3520376 0.4916087 0.350141 0.4889368 0.3554949 0.4964793 0.2840035 0.5374483 0.2622663 0.5539599 0.217525 0.5008054 0.3065708 0.5210482 0.2840035 0.5374483 0.2378832 0.4797486 0.2818446 0.4417491 0.3311125 0.5031818 0.3065708 0.5210482 0.3065708 0.5210482 0.3311125 0.5031818 0.3374496 0.51209 0.2840035 0.5374483 0.3065708 0.5210482 0.3134418 0.5306767 0.2879944 0.543014 0.2840035 0.5374483 0.2905926 0.5466374 0.2127897 0.3976016 0.2794606 0.4406023 0.2579556 0.4604049 0.1934426 0.4309305 0.2084807 0.405107 0.2579556 0.4604049 0.1790451 0.4580058 0.1897765 0.4380208 0.217525 0.5008054 0.1897765 0.4380208 0.1934426 0.4309305 0.2378832 0.4797486 0.2427033 0.5683122 0.226578 0.580444 0.1873603 0.5335908 0.2622663 0.5539599 0.2427033 0.5683122 0.2009794 0.5184723 0.2683586 0.5626928 0.2427033 0.5683122 0.2622663 0.5539599 0.1958268 0.5828793 0.1704842 0.5528778 0.1873603 0.5335908 0.217525 0.5008054 0.2009794 0.5184723 0.166652 0.4809536 0.1873603 0.5335908 0.1565287 0.5002145 0.166652 0.4809536 0.1704842 0.5528778 0.143413 0.524609 0.1565287 0.5002145 0.1683509 0.6858696 0.1850429 0.6588804 0.1688104 0.6865814 0.1850429 0.6588804 0.2091383 0.648835 0.2156112 0.6644545 0.2055031 0.6765872 0.1850429 0.6588804 0.2156112 0.6644545 0.5954626 0.2442434 0.8069631 0.2285073 0.7087875 0.2477509 0.7087875 0.2477509 0.5966631 0.4749904 0.5954626 0.2442434 0.5966631 0.4749904 0.550913 0.550913 0.5954626 0.2442434 0.550913 0.550913 0 0 0.5954626 0.2442434 0.6559926 0.1192029 0.6591398 0.128997 0.6540873 0.131685 0.6540873 0.131685 0.629403 0.1137909 0.6559926 0.1192029 0.629403 0.1137909 0.6142641 0.07491111 0.649364 0.09970575 0.6380636 0.07073241 0.6493641 0.09970575 0.6142641 0.07491111 0.6142641 0.07491111 0.6273218 0.05639439 0.6342225 0.06115722 0.9983788 0 1 0 1 0.06119185</float_array>
          <technique_common>
            <accessor source="#Pot_low_cell_009-mesh-map-0-array" count="255" stride="2">
              <param name="S" type="float"/>
              <param name="T" type="float"/>
            </accessor>
          </technique_common>
        </source>
        <vertices id="Pot_low_cell_009-mesh-vertices">
          <input semantic="POSITION" source="#Pot_low_cell_009-mesh-positions"/>
        </vertices>
        <triangles material="PorcelinPot-material" count="85">
          <input semantic="VERTEX" source="#Pot_low_cell_009-mesh-vertices" offset="0"/>
          <input semantic="NORMAL" source="#Pot_low_cell_009-mesh-normals" offset="1"/>
          <input semantic="TEXCOORD" source="#Pot_low_cell_009-mesh-map-0" offset="2" set="0"/>
          <p>50 0 0 45 0 1 0 0 2 67 1 3 46 1 4 0 1 5 44 2 6 53 2 7 54 2 8 58 3 9 0 3 10 57 3 11 63 4 12 0 4 13 62 4 14 75 5 15 28 5 16 70 5 17 64 6 18 61 6 19 65 6 20 32 7 21 2 8 22 30 9 23 31 10 24 1 11 25 32 7 26 1 11 27 16 12 28 18 13 29 2 8 30 18 13 31 17 14 32 5 15 33 8 16 34 6 17 35 3 18 36 6 17 37 4 19 38 30 9 39 3 18 40 4 19 41 3 18 42 17 14 43 20 20 44 5 15 45 20 20 46 21 21 47 7 22 48 21 21 49 22 23 50 29 24 51 4 19 52 33 25 53 34 26 54 4 19 55 6 17 56 8 16 57 35 27 58 6 17 59 66 28 60 12 29 61 10 30 62 7 22 63 10 30 64 8 16 65 19 31 66 7 22 67 22 23 68 73 32 69 66 28 70 23 33 71 52 34 72 12 29 73 73 32 74 8 16 75 38 35 76 36 36 77 12 29 78 38 35 79 10 30 80 13 37 81 37 38 82 12 29 83 51 39 84 71 40 85 74 41 86 71 42 87 51 42 88 25 42 89 39 43 90 13 37 91 74 44 92 0 45 93 64 45 94 14 45 95 15 46 96 72 47 97 42 48 98 40 49 99 51 50 100 74 51 101 72 47 102 43 52 103 39 43 104 43 52 105 15 46 106 42 48 107 24 53 108 75 53 109 41 53 110 45 54 111 44 54 112 0 54 113 0 55 114 46 55 115 47 55 116 47 56 117 48 56 118 0 56 119 48 57 120 49 57 121 0 57 122 49 58 123 50 58 124 0 58 125 67 59 126 9 59 127 46 59 128 54 60 129 55 60 130 0 60 131 55 61 132 56 61 133 0 61 134 0 62 135 44 62 136 54 62 137 59 63 138 0 63 139 58 63 140 0 64 141 56 64 142 57 64 143 63 65 144 60 65 145 0 65 146 60 66 147 61 66 148 0 66 149 0 67 150 59 67 151 62 67 152 64 68 153 0 68 154 61 68 155 32 7 156 1 11 157 2 8 158 1 11 159 31 10 160 16 12 161 2 8 162 1 11 163 18 13 164 5 15 165 7 22 166 8 16 167 3 18 168 5 15 169 6 17 170 30 9 171 2 8 172 3 18 173 3 18 174 2 8 175 17 14 176 5 15 177 3 18 178 20 20 179 7 22 180 5 15 181 21 21 182 29 24 183 30 9 184 4 19 185 34 26 186 33 25 187 4 19 188 36 36 189 35 27 190 8 16 191 35 27 192 34 26 193 6 17 194 66 28 195 73 32 196 12 29 197 7 22 198 66 28 199 10 30 200 19 31 201 66 28 202 7 22 203 52 34 204 13 37 205 12 29 206 8 16 207 10 30 208 38 35 209 12 29 210 37 38 211 38 35 212 13 37 213 39 43 214 37 38 215 69 69 216 74 41 217 71 40 218 74 44 219 13 37 220 52 34 221 51 70 222 74 44 223 52 34 224 14 71 225 26 71 226 27 71 227 27 72 228 11 72 229 14 72 230 11 73 231 67 73 232 14 73 233 67 74 234 0 74 235 14 74 236 40 49 237 68 75 238 71 76 239 71 76 240 51 50 241 40 49 242 51 77 243 72 47 244 74 44 245 39 43 246 74 44 247 72 47 248 72 47 249 15 46 250 43 52 251 24 78 252 28 78 253 75 78 254</p>
        </triangles>
      </mesh>
    </geometry>
    <geometry id="Pot_low_cell_008-mesh" name="Pot_low_cell.008">
      <mesh>
        <source id="Pot_low_cell_008-mesh-positions">
          <float_array id="Pot_low_cell_008-mesh-positions-array" count="345">0.01731318 0.0820896 0.1018373 0.02712118 0.1312845 0.09103095 0.08546668 0.05749243 0.01627284 0.1053156 0.02144497 -0.00954169 0.01823842 -0.005280852 -0.1255783 0.05440062 -0.03150022 -0.1255783 0.04965257 -0.04611933 -0.1104865 0.005795896 -0.01432108 -0.1104865 0.04448485 -0.06203025 -0.09218281 -0.007746219 -0.02416038 -0.09218281 0.03971433 -0.07671856 -0.07289522 -0.02024763 -0.03324335 -0.07289522 0.03448051 -0.09283304 -0.0472573 -0.03396296 -0.04320842 -0.0472573 -0.04319429 0.03720617 -0.07289522 -0.06015539 0.03720617 -0.0472573 0.03064852 -0.1046314 -0.02192729 -0.04400485 -0.05050438 -0.02192729 0.02846485 -0.1113548 9.87254e-4 -0.0497272 -0.0546621 9.87254e-4 0.02766853 -0.1138067 0.024531 -0.05181407 -0.05617821 0.024531 -0.07257372 0.03720617 -0.02192729 -0.07965028 0.03720617 9.87254e-4 -0.08223098 0.03720617 0.024531 -0.04352712 -0.05015742 0.07026922 0.03083086 -0.1040703 0.07026922 0.0286749 -0.1107081 0.04737621 -0.04917681 -0.05426216 0.04737621 -0.03608053 -0.04474693 0.08754289 -0.04352712 0.1245697 0.07026922 -0.07198292 0.03720617 0.07026922 -0.07896965 0.03720617 0.04737621 -0.04917681 0.1286745 0.04737621 -0.03608053 0.1191594 0.08754289 -0.06277412 0.03720617 0.08754289 -0.05183106 0.03720617 0.1043368 -0.0344752 -0.003129482 0.1095752 -0.04116123 0.03628033 0.1172139 -0.03749853 0.06386846 0.1113516 -0.03278338 0.09568536 0.1043368 7.61431e-4 0.1430385 0.09124666 -0.02942836 0.1143261 0.1001678 -0.0299614 -0.0299369 0.1043368 -0.02821052 -0.03902888 0.102479 6.0742e-4 -0.07134735 0.08754289 0.04180812 -0.1047579 0.06789457 0.04516512 -0.1059474 0.06379103 0.05823314 -0.1107198 0.04727286 0.05063521 -0.02102965 -0.1315318 0.03423923 -0.01218402 -0.1291919 -0.05579453 0.1104468 9.87254e-4 -0.05376529 0.09495079 -0.02192729 -0.05377805 0.1245609 0.024531 -0.04750323 0.07605022 -0.0472573 -0.04336082 0.06757599 -0.05769103 -0.04195725 0.1339091 0.04737621 -0.05062639 0.1297278 0.03481906 -0.01859217 0.02995854 -0.09959471 -0.004316985 0.01672697 -0.1104865 -0.02240818 0.1398819 0.07026922 -0.003693342 0.1426416 0.08754289 -0.03732615 0.05522221 -0.07289522 -0.02641904 0.03720617 -0.09362041 0.06758832 -0.1138036 0.024531 0.07894307 -0.1046276 -0.02192729 0.07283979 -0.1113513 9.87254e-4 0.06526112 -0.1119272 0.03836721 0.1076032 -0.05059421 -0.103743 0.1026851 -0.06202572 -0.09218281 0.09548246 -0.07671415 -0.07289522 0.08668839 -0.09282886 -0.0472573 0.0601052 -0.02756172 -0.1293206 0.09688097 -0.04611545 -0.1104865 0.06769585 -0.03149914 -0.1255783 -0.0344752 -0.003129482 0.1095752 -0.04116123 0.03628033 0.1172139 -0.03278338 0.09568536 0.1043368 -0.02942836 0.1143261 0.1001678 -0.03749853 0.06386846 0.1113516 7.61431e-4 0.1430385 0.09124666 -0.0299614 -0.0299369 0.1043368 -0.02821052 -0.03902888 0.102479 6.0742e-4 -0.07134735 0.08754289 0.04180812 -0.1047579 0.06789457 0.04516512 -0.1059474 0.06379103 0.05063521 -0.02102965 -0.1315318 0.03423923 -0.01218402 -0.1291919 -0.05579453 0.1104468 9.87254e-4 -0.05377805 0.1245609 0.024531 -0.05062639 0.1297278 0.03481906 -0.04195725 0.1339091 0.04737621 -0.02240818 0.1398819 0.07026922 -0.003693342 0.1426416 0.08754289 -0.01859217 0.02995854 -0.09959471 -0.004316985 0.01672697 -0.1104865 -0.04750323 0.07605022 -0.0472573 -0.04336082 0.06757599 -0.05769103 -0.05376529 0.09495079 -0.02192729 -0.03732615 0.05522221 -0.07289522 -0.02641904 0.03720617 -0.09362041 0.06758832 -0.1138036 0.024531 0.06526112 -0.1119272 0.03836721 0.07283979 -0.1113513 9.87254e-4 0.07894307 -0.1046276 -0.02192729 0.08668839 -0.09282886 -0.0472573 0.09548246 -0.07671415 -0.07289522 0.1026851 -0.06202572 -0.09218281 0.05823314 -0.1107198 0.04727286 0.0601052 -0.02756172 -0.1293206 0.06769585 -0.03149914 -0.1255783 0.09688097 -0.04611545 -0.1104865 0.03083086 -0.1040703 0.07026922 0.01823842 -0.005280852 -0.1255783 0.1076032 -0.05059421 -0.103743</float_array>
          <technique_common>
            <accessor source="#Pot_low_cell_008-mesh-positions-array" count="115" stride="3">
              <param name="X" type="float"/>
              <param name="Y" type="float"/>
              <param name="Z" type="float"/>
            </accessor>
          </technique_common>
        </source>
        <source id="Pot_low_cell_008-mesh-normals">
          <float_array id="Pot_low_cell_008-mesh-normals-array" count="351">0.3412209 -0.1227439 0.9319347 0.1050558 0.1933364 0.975492 0.09738081 0.200497 0.9748426 0.3433293 -0.124113 0.9309785 0.7718865 -0.01427233 0.6356002 0.7825101 -0.01196277 0.622523 0.353874 0.788854 -0.5024766 0.3483703 0.7905033 -0.5037289 0.3468196 0.790566 -0.5046994 0.9569398 -0.2189081 0.1906449 0.7841095 -0.01259535 0.6204947 0.5702577 0.6621587 -0.4861605 0.5791475 0.6542947 -0.486299 -0.6163699 -0.4485256 -0.6472349 -0.2503033 -0.7717841 -0.584549 -0.6558579 -0.4773858 -0.5847678 -0.2227919 -0.6869717 -0.6916891 -0.5243459 -0.4626281 -0.7148683 -0.2064234 -0.6363328 -0.7432832 -0.3536927 -0.5552103 -0.752757 -0.4043008 -0.5576217 -0.7249821 5.71717e-5 -0.7125494 -0.701622 -0.07648789 -0.6263485 -0.7757817 0.02632313 -0.7431592 -0.6685966 -0.5837283 -0.4248967 -0.691899 -0.2352243 -0.7252917 -0.6470097 6.39425e-5 -0.8172752 -0.5762476 -0.7102739 -0.2313485 -0.6648224 -0.8100011 2.54509e-4 -0.5864283 -0.7879852 0.2566602 -0.5596472 -0.7608993 -0.1386242 -0.6338893 -0.7173619 -0.2336571 -0.6563509 -0.7041394 -0.5125219 -0.4914358 -0.2874308 -0.8862373 -0.3632726 -0.7532218 -0.5482363 -0.3634473 -0.2687159 -0.8285455 -0.4912273 6.90665e-5 -0.8729846 -0.4877478 7.415e-5 -0.9312165 -0.3644667 -0.9315623 -5.29553e-7 -0.3635817 -0.8440247 0.2749135 -0.4604834 -0.8708232 -3.70671e-6 -0.4915965 -0.8048419 0.2621509 -0.5324532 -0.3084769 -0.9510989 0.01590615 -0.7897848 -0.5748385 0.2140116 -0.8084197 -0.5883914 0.01591622 -0.792311 -0.5766733 -0.1992267 -0.302333 -0.9321719 -0.1991239 7.6707e-5 -0.9784409 -0.2065273 7.78408e-5 -0.9999994 0.001137316 7.69835e-5 -0.9909271 0.1344012 -0.9998733 -6.25622e-6 0.01592493 -0.9381141 0.3055598 -0.1630193 -0.9799372 -5.35811e-6 -0.1993067 -0.8977583 0.2924153 -0.329429 -0.7897841 0.5748382 0.2140143 -0.9005747 0.4120397 0.1385226 -0.9493479 0.3092187 0.05587857 -0.9768114 -3.49581e-7 0.2141017 -0.5702682 0.7865275 0.2369997 -0.7067718 -0.4509831 0.5450577 -0.697957 -0.5080241 0.504745 -0.5207332 -0.718209 0.4615333 -0.3013041 -0.9292214 0.213924 3.10394e-4 -0.960506 0.2782589 -0.3436186 -0.8853872 0.3130747 -0.7491098 -0.5452382 0.3762312 -0.8631725 4.27345e-7 0.5049092 -0.809848 0.001816987 0.586637 -0.8039951 0.2618746 0.5338668 -0.9264708 1.74769e-7 0.3763669 -0.749109 0.5452384 0.3762323 -0.8044767 -0.2620317 0.5330637 -0.6979588 0.5080232 0.5047435 -0.5367554 0.7403073 0.4047703 -0.5061075 0.6980368 0.5065569 -0.7000809 0.4609562 0.5453496 -0.4990572 0.6883124 0.5264674 -0.7524679 0.2434853 0.6119698 -0.7549822 -0.2459102 0.60789 -0.7705407 -0.01875406 0.6371149 0.1050547 0.1933367 0.975492 0.09738093 0.2004969 0.9748426 0.09738093 0.2004973 0.9748425 0.18067 -0.3234431 0.9288396 0.3433302 -0.1241127 0.9309782 0.3433305 -0.1241127 0.9309782 0.3433293 -0.1241128 0.9309785 0.7718879 -0.01427227 0.6355984 0.7825102 -0.01196271 0.622523 0.353874 0.7888541 -0.5024765 0.3483701 0.7905031 -0.5037294 0.3483711 0.7905017 -0.5037308 0.34837 0.7905038 -0.5037282 0.3483698 0.7905027 -0.5037302 0.3483683 0.7905019 -0.5037324 0.3483701 0.7905033 -0.5037289 0.09685343 0.6284931 -0.7717615 0.3483709 0.790503 -0.5037289 0.3483699 0.7905035 -0.5037289 0.3483704 0.7905031 -0.5037291 0.3483701 0.7905035 -0.5037287 0.3483701 0.7905033 -0.5037289 0.3468244 0.7905644 -0.5046987 0.9569399 -0.2189074 0.1906453 0.9569399 -0.2189077 0.1906449 0.9569399 -0.2189074 0.1906451 0.9569399 -0.2189075 0.1906449 0.9569399 -0.2189077 0.190645 0.95694 -0.2189077 0.1906448 0.7841096 -0.01259553 0.6204946 0.5702584 0.6621576 -0.4861613 0.5791485 0.6542932 -0.4862997 0.5791469 0.654295 -0.4862993 0.11772 -0.7306956 -0.6724776 0.01998031 -0.7685637 -0.6394612 2.26982e-4 -0.9842926 0.1765452 7.87894e-5 -0.9604425 0.2784786</float_array>
          <technique_common>
            <accessor source="#Pot_low_cell_008-mesh-normals-array" count="117" stride="3">
              <param name="X" type="float"/>
              <param name="Y" type="float"/>
              <param name="Z" type="float"/>
            </accessor>
          </technique_common>
        </source>
        <source id="Pot_low_cell_008-mesh-map-0">
          <float_array id="Pot_low_cell_008-mesh-map-0-array" count="876">0.6540974 0 1 0 1 0.3900033 0 0 1 0.4045279 0.3900033 0.3900033 0 0 0.1656189 0 0.3546537 0.1772897 0.8856212 0.3404117 0.8456191 0.3373408 0.5792106 0.2022923 1 1 0.1969016 0 1 0 1 0 0.1969016 0.1969016 0.2409322 0 0 0 1 0.2231019 1 1 1 1 0.2879945 0.04948067 0.4731671 0 0.3260163 0.3260163 0.4373452 0.4197496 0.4731672 0.4731672 0.5761291 0.210166 0.5159042 0.08570623 1 0 0 0 1 0.7590678 0.7187693 0.7187693 0.7081951 0.7081951 1 0 0.8949722 0.6797568 0 0 0.5527755 0.1481624 0.6346299 0.5503693 0.4864125 0.2824904 0.5147734 0.3670778 0.4618333 0.298048 0.5617269 0.3335565 0.5336563 0.2534865 0.5819172 0.3181478 0.5823963 0.3004918 0.5819172 0.3181478 0.5570749 0.2740152 0.6087138 0.3242217 0.5819172 0.3181478 0.599623 0.311237 0.5617269 0.3335565 0.5959531 0.3377538 0.6267628 0.3807904 0.511626 0.2673522 0.538106 0.3503252 0.4864125 0.2824904 0.538106 0.3503252 0.5617269 0.3335565 0.604422 0.3921329 0.538106 0.3503252 0.5777761 0.4051258 0.5147734 0.3670778 0.5336563 0.2534865 0.511626 0.2673522 0.4808261 0.2285078 0.4069827 0.2302211 0.3929723 0.2125985 0.4333176 0.2160614 0.4808261 0.2285078 0.4864125 0.2824904 0.4507486 0.2187696 0.4864125 0.2824904 0.4069827 0.2302211 0.4333176 0.2160614 0.4321731 0.3187161 0.4594539 0.4081546 0.4049783 0.3380496 0.4861903 0.3886103 0.4618333 0.298048 0.5147734 0.3670778 0.5471985 0.4120074 0.5147734 0.3670778 0.5532705 0.420421 0.4861903 0.3886103 0.5134581 0.4264567 0.4594539 0.4081546 0.3473089 0.2689836 0.3474023 0.215814 0.375521 0.2498438 0.375521 0.2498438 0.3474023 0.215814 0.3656814 0.2140006 0.4321731 0.3187161 0.4069827 0.2302211 0.4618333 0.298048 0.375521 0.2498438 0.4049783 0.3380496 0.3473089 0.2689836 0.4138499 0.4418801 0.3380564 0.3900123 0.3596836 0.3726586 0.3820812 0.3551708 0.4138499 0.4418801 0.3596836 0.3726586 0.4049783 0.3380496 0.4365772 0.4250269 0.3820812 0.3551708 0.4594539 0.4081546 0.4832839 0.4412779 0.4365772 0.4250269 0.4365772 0.4250269 0.4576221 0.4543043 0.4138499 0.4418801 0.4138499 0.4418801 0.4348059 0.4710471 0.4335836 0.4693459 0.3014522 0.3046919 0.2748159 0.230521 0.3239464 0.2864353 0.3239464 0.2864353 0.3075535 0.2224635 0.3473089 0.2689836 0.3473089 0.2689836 0.3820812 0.3551708 0.3239464 0.2864353 0.3239464 0.2864353 0.3596836 0.3726586 0.3014522 0.3046919 0.2176954 0.2558483 0.2295174 0.2447808 0.2432225 0.2401672 0.3596836 0.3726586 0.2800484 0.3231841 0.3014522 0.3046919 0.2111743 0.2493872 0.2295174 0.2447808 0.2176954 0.2558483 0.2822527 0.4380594 0.2979288 0.4238509 0.3253908 0.4580841 0.3915848 0.4582567 0.400305 0.4703878 0.3685884 0.4752781 0.3915848 0.4582567 0.3158052 0.4084641 0.3380564 0.3900123 0.3158052 0.4084641 0.3253908 0.4580841 0.2979288 0.4238509 0.2426148 0.3601635 0.2261159 0.378205 0.1794183 0.3319513 0.2590491 0.3432749 0.2176954 0.2558483 0.2800484 0.3231841 0.3380564 0.3900123 0.2590491 0.3432749 0.2800484 0.3231841 0.2426148 0.3601635 0.1970381 0.2783279 0.2590491 0.3432749 0.3158052 0.4084641 0.2426148 0.3601635 0.2590491 0.3432749 0.2742898 0.4329887 0.2261159 0.378205 0.2426148 0.3601635 0.1970381 0.2783279 0.2111743 0.2493872 0.2176954 0.2558483 0.180816 0.2976331 0.1768965 0.2597924 0.1970381 0.2783279 0.1484974 0.2693687 0.1695333 0.3132973 0.1421745 0.2717816 0.2261159 0.378205 0.1971623 0.3651358 0.1794183 0.3319513 0.2261159 0.378205 0.2504764 0.4180656 0.2131109 0.3933721 0 0 1 0 1 0.4045279 0.3546537 0.1772897 0.375424 0.2619396 0 0 0.375424 0.2619396 0.4045279 0.4045279 0 0 0.5792106 0.2022923 0.2774088 0.03351444 0.2410772 0 0.2410772 0 1 0 0.5792106 0.2022923 1 0 1 0.3459026 0.5792106 0.2022923 1 0.3459026 0.8856212 0.3404117 0.5792106 0.2022923 1 1 0.2410772 0.2410772 0.1969016 0 1 0 1 1 0.1969016 0.1969016 0 0 0.708195 0 1 0.2231019 0.6798672 0.1404775 0.7630047 0.2410705 0.8439601 0.4009562 0.7630047 0.2410705 0.7993992 0.2993619 0.8439601 0.4009562 0.8439601 0.4009562 0.9253075 0.6098139 1 1 0.9253075 0.6098139 0.9868015 0.7924334 1 1 0.9868015 0.7924334 1 0.8343809 1 1 1 1 0.2231018 0.2231018 0.2879945 0.04948067 0.2231018 0.2231018 0.2353643 0.1296803 0.2879945 0.04948067 0.2879945 0.04948067 0.3260163 0 0.4731671 0 0.4731671 0 0.5098653 0.01278394 1 1 0.5098653 0.01278394 0.5990667 0.06777554 1 1 0.5990667 0.06777554 0.6798672 0.1404775 1 1 1 1 0.6798672 0.1404775 0.8439601 0.4009562 0.3260163 0.3260163 0.3778433 0.3520062 0.4373452 0.4197496 0.5159042 0.08570623 0.4838651 0 1 0 1 0 1 0.7187691 0.9376308 0.6819679 0.9376308 0.6819679 0.8402187 0.5954793 1 0 0.8402187 0.5954793 0.7521062 0.492966 1 0 0.7521062 0.492966 0.6614476 0.3611875 1 0 0.6614476 0.3611875 0.5761291 0.210166 1 0 0 0 1 0 1 0.7590678 0.7081951 0.7081951 0 0 1 0 0.6346299 0.5503693 0.6549171 0.6549171 0 0 0 0 0.5284075 0.03535741 0.5527755 0.1481624 0.4864125 0.2824904 0.538106 0.3503252 0.5147734 0.3670778 0.5617269 0.3335565 0.511626 0.2673522 0.5336563 0.2534865 0.5902797 0.3120859 0.5819172 0.3181478 0.5823963 0.3004918 0.5819172 0.3181478 0.5358816 0.2521656 0.5570749 0.2740152 0.5617269 0.3335565 0.5819172 0.3181478 0.5959531 0.3377538 0.511626 0.2673522 0.5617269 0.3335565 0.538106 0.3503252 0.604422 0.3921329 0.5995537 0.4100846 0.6096677 0.3993299 0.6096677 0.3993299 0.538106 0.3503252 0.604422 0.3921329 0.538106 0.3503252 0.5833802 0.4128674 0.5777761 0.4051258 0.511626 0.2673522 0.4864125 0.2824904 0.4808261 0.2285078 0.4864125 0.2824904 0.4354534 0.2150266 0.4507486 0.2187696 0.4864125 0.2824904 0.4618333 0.298048 0.4069827 0.2302211 0.4321731 0.3187161 0.4861903 0.3886103 0.4594539 0.4081546 0.4861903 0.3886103 0.4321731 0.3187161 0.4618333 0.298048 0.5471985 0.4120074 0.4861903 0.3886103 0.5147734 0.3670778 0.4861903 0.3886103 0.5182096 0.4330516 0.5134581 0.4264567 0.3473089 0.2689836 0.3075535 0.2224635 0.3474023 0.215814 0.3929723 0.2125985 0.4069827 0.2302211 0.3656814 0.2140006 0.4069827 0.2302211 0.375521 0.2498438 0.3656814 0.2140006 0.4321731 0.3187161 0.375521 0.2498438 0.4069827 0.2302211 0.375521 0.2498438 0.4321731 0.3187161 0.4049783 0.3380496 0.4138499 0.4418801 0.3915848 0.4582567 0.3380564 0.3900123 0.3820812 0.3551708 0.4365772 0.4250269 0.4138499 0.4418801 0.4049783 0.3380496 0.4594539 0.4081546 0.4365772 0.4250269 0.4594539 0.4081546 0.4867322 0.446071 0.4832839 0.4412779 0.4365772 0.4250269 0.460448 0.4582358 0.4576221 0.4543043 0.4335836 0.4693459 0.4298509 0.4641506 0.4138499 0.4418801 0.4298509 0.4641506 0.4143773 0.4426141 0.4138499 0.4418801 0.3014522 0.3046919 0.2432225 0.2401672 0.2748159 0.230521 0.3239464 0.2864353 0.2748159 0.230521 0.3075535 0.2224635 0.3473089 0.2689836 0.4049783 0.3380496 0.3820812 0.3551708 0.3239464 0.2864353 0.3820812 0.3551708 0.3596836 0.3726586 0.2432225 0.2401672 0.3014522 0.3046919 0.2800484 0.3231841 0.2800484 0.3231841 0.2176954 0.2558483 0.2432225 0.2401672 0.3596836 0.3726586 0.3380564 0.3900123 0.2800484 0.3231841 0.4071733 0.4799426 0.400305 0.4703878 0.3915848 0.4582567 0.400305 0.4703878 0.3985295 0.4679177 0.3685884 0.4752781 0.3915848 0.4582567 0.3685884 0.4752781 0.3158052 0.4084641 0.3158052 0.4084641 0.3666901 0.4766836 0.3253908 0.4580841 0.1695333 0.3132973 0.180816 0.2976331 0.1794183 0.3319513 0.180816 0.2976331 0.2426148 0.3601635 0.1794183 0.3319513 0.2590491 0.3432749 0.1970381 0.2783279 0.2176954 0.2558483 0.3380564 0.3900123 0.3158052 0.4084641 0.2590491 0.3432749 0.2426148 0.3601635 0.180816 0.2976331 0.1970381 0.2783279 0.3158052 0.4084641 0.2979288 0.4238509 0.2426148 0.3601635 0.2426148 0.3601635 0.2979288 0.4238509 0.2742898 0.4329887 0.2979288 0.4238509 0.2822527 0.4380594 0.2742898 0.4329887 0.1970381 0.2783279 0.1768965 0.2597924 0.2111743 0.2493872 0.180816 0.2976331 0.1484974 0.2693687 0.1768965 0.2597924 0.1484974 0.2693687 0.180816 0.2976331 0.1695333 0.3132973 0.2261159 0.378205 0.2131109 0.3933721 0.1971623 0.3651358 0.2261159 0.378205 0.2742898 0.4329886 0.2504764 0.4180656</float_array>
          <technique_common>
            <accessor source="#Pot_low_cell_008-mesh-map-0-array" count="438" stride="2">
              <param name="S" type="float"/>
              <param name="T" type="float"/>
            </accessor>
          </technique_common>
        </source>
        <vertices id="Pot_low_cell_008-mesh-vertices">
          <input semantic="POSITION" source="#Pot_low_cell_008-mesh-positions"/>
        </vertices>
        <triangles material="PorcelinPot-material" count="146">
          <input semantic="VERTEX" source="#Pot_low_cell_008-mesh-vertices" offset="0"/>
          <input semantic="NORMAL" source="#Pot_low_cell_008-mesh-normals" offset="1"/>
          <input semantic="TEXCOORD" source="#Pot_low_cell_008-mesh-map-0" offset="2" set="0"/>
          <p>75 0 0 0 0 1 76 0 2 0 1 3 79 1 4 76 1 5 1 2 6 80 2 7 78 2 8 81 3 9 82 3 10 83 3 11 0 4 12 85 4 13 1 4 14 2 5 15 85 5 16 108 5 17 2 6 18 87 6 19 1 6 20 1 7 21 95 7 22 97 7 23 94 8 24 99 8 25 97 8 26 106 9 27 107 9 28 3 9 29 3 10 30 108 10 31 102 10 32 86 11 33 3 11 34 109 11 35 3 12 36 111 12 37 110 12 38 9 13 39 10 14 40 11 15 41 6 16 42 113 17 43 5 18 44 49 19 45 5 18 46 50 20 47 74 21 48 5 18 49 72 22 50 6 16 51 74 21 52 73 23 53 7 24 54 8 25 55 9 13 56 8 25 57 6 16 58 73 23 59 8 25 60 70 26 61 10 14 62 113 17 63 7 24 64 59 27 65 14 28 66 62 29 67 63 30 68 59 27 69 9 13 70 58 31 71 9 13 72 14 28 73 63 30 74 13 32 75 16 33 76 17 34 77 12 35 78 11 15 79 10 14 80 71 36 81 10 14 82 70 26 83 12 35 84 65 37 85 16 33 86 22 38 87 54 39 88 15 40 89 15 40 90 54 39 91 55 41 92 13 32 93 14 28 94 11 15 95 15 40 96 17 34 97 22 38 98 20 42 99 28 43 100 21 44 101 19 45 102 20 42 103 21 44 104 17 34 105 18 46 106 19 45 107 16 33 108 66 47 109 18 46 110 18 46 111 64 48 112 20 42 113 20 42 114 64 48 115 67 49 116 24 50 117 51 51 118 23 52 119 23 52 120 52 53 121 22 38 122 22 38 123 19 45 124 23 52 125 23 52 126 21 44 127 24 50 128 33 54 129 57 55 130 53 56 131 21 44 132 32 57 133 24 50 134 56 58 135 57 55 136 33 54 137 44 59 138 29 60 139 45 61 140 27 62 141 47 63 142 112 64 143 27 62 144 25 65 145 28 43 146 25 65 147 45 61 148 29 60 149 35 66 150 36 67 151 40 68 152 31 69 153 33 54 154 32 57 155 28 43 156 31 69 157 32 57 158 35 66 159 30 70 160 31 69 161 25 65 162 35 66 163 31 69 164 43 71 165 36 67 166 35 66 167 30 70 168 56 58 169 33 54 170 34 72 171 60 73 172 30 70 173 61 74 174 42 75 175 41 76 176 36 67 177 39 77 178 40 68 179 36 67 180 37 78 181 38 79 182 0 80 183 1 80 184 79 80 185 78 81 186 77 81 187 1 81 188 77 82 189 79 82 190 1 82 191 83 83 192 26 83 193 84 83 194 84 84 195 0 84 196 83 84 197 0 85 198 75 85 199 83 85 200 75 86 201 81 86 202 83 86 203 0 87 204 84 87 205 85 87 206 2 88 207 1 88 208 85 88 209 2 89 210 86 89 211 87 89 212 88 90 213 89 90 214 91 90 215 89 91 216 90 91 217 91 91 218 91 92 219 92 92 220 1 92 221 92 93 222 93 93 223 1 93 224 93 94 225 80 94 226 1 94 227 1 95 228 87 95 229 95 95 230 87 96 231 4 96 232 95 96 233 95 97 234 94 97 235 97 97 236 97 98 237 96 98 238 1 98 239 96 99 240 98 99 241 1 99 242 98 100 243 88 100 244 1 100 245 1 101 246 88 101 247 91 101 248 94 102 249 100 102 250 99 102 251 107 103 252 114 103 253 3 103 254 3 104 255 102 104 256 101 104 257 101 105 258 103 105 259 3 105 260 103 106 261 104 106 262 3 106 263 104 107 264 105 107 265 3 107 266 105 108 267 106 108 268 3 108 269 3 109 270 2 109 271 108 109 272 86 110 273 2 110 274 3 110 275 110 111 276 109 111 277 3 111 278 3 112 279 114 112 280 111 112 281 9 13 282 8 25 283 10 14 284 6 16 285 7 24 286 113 17 287 72 22 288 5 18 289 49 19 290 5 18 291 113 17 292 50 20 293 6 16 294 5 18 295 74 21 296 7 24 297 6 16 298 8 25 299 73 23 300 68 113 301 69 114 302 69 114 303 8 25 304 73 23 305 8 25 306 69 114 307 70 26 308 7 24 309 9 13 310 59 27 311 9 13 312 63 30 313 58 31 314 9 13 315 11 15 316 14 28 317 13 32 318 12 35 319 16 33 320 12 35 321 13 32 322 11 15 323 71 36 324 12 35 325 10 14 326 12 35 327 71 36 328 65 37 329 22 38 330 52 53 331 54 39 332 62 29 333 14 28 334 55 41 335 14 28 336 15 40 337 55 41 338 13 32 339 15 40 340 14 28 341 15 40 342 13 32 343 17 34 344 20 42 345 27 62 346 28 43 347 19 45 348 18 46 349 20 42 350 17 34 351 16 33 352 18 46 353 16 33 354 65 37 355 66 47 356 18 46 357 66 47 358 64 48 359 67 49 360 48 115 361 20 42 362 48 115 363 27 62 364 20 42 365 24 50 366 53 56 367 51 51 368 23 52 369 51 51 370 52 53 371 22 38 372 17 34 373 19 45 374 23 52 375 19 45 376 21 44 377 53 56 378 24 50 379 32 57 380 32 57 381 33 54 382 53 56 383 21 44 384 28 43 385 32 57 386 48 115 387 47 63 388 27 62 389 47 63 390 46 116 391 112 64 392 27 62 393 112 64 394 25 65 395 25 65 396 112 64 397 45 61 398 42 75 399 34 72 400 40 68 401 34 72 402 35 66 403 40 68 404 31 69 405 30 70 406 33 54 407 28 43 408 25 65 409 31 69 410 35 66 411 34 72 412 30 70 413 25 65 414 29 60 415 35 66 416 35 66 417 29 60 418 43 71 419 29 60 420 44 59 421 43 71 422 30 70 423 60 73 424 56 58 425 34 72 426 61 74 427 60 73 428 61 74 429 34 72 430 42 75 431 36 67 432 38 79 433 39 77 434 36 67 435 43 71 436 37 78 437</p>
        </triangles>
      </mesh>
    </geometry>
    <geometry id="Pot_low_cell_007-mesh" name="Pot_low_cell.007">
      <mesh>
        <source id="Pot_low_cell_007-mesh-positions">
          <float_array id="Pot_low_cell_007-mesh-positions-array" count="438">-0.08721369 0.04372239 -0.03539407 -7.42032e-5 -0.01529407 -0.1453198 -0.07754397 0.09363126 -0.04578119 -0.01959079 0.02102458 -0.1201566 0.09042596 0.08650583 -0.06806576 0.08298021 0.08109432 -0.05079215 0.009881913 -0.1230001 -0.03399819 0.08264756 -8.75879e-4 -0.01400816 0.06111836 -0.06695717 -0.01400816 0.004912793 -0.1077088 -0.01400816 0.06621652 -8.75879e-4 0.00282669 0.04783308 -0.0573014 0.00282669 -1.59826e-4 -0.09209859 0.00282669 0.009881913 0.1212483 -0.03399819 0.004912793 0.105957 -0.01400816 0.07413226 0.07466375 -0.03399819 0.06111836 0.06520533 -0.01400816 -1.59826e-4 0.09034693 0.00282669 0.04783308 0.0555498 0.00282669 0.04838317 -8.75879e-4 0.01842856 0.033414 -0.04682195 0.01842856 -0.005665421 -0.07515633 0.01842856 0.03247731 -8.75879e-4 0.03061711 0.02055341 -0.03747487 0.03061711 -0.01057595 -0.06004524 0.03061711 0.01889777 -8.75879e-4 0.03994691 0.009573698 -0.029495 0.03994691 -0.0147683 -0.04714423 0.03994691 -0.005665421 0.07340455 0.01842856 -0.01057595 0.0582934 0.03061711 0.033414 0.04507011 0.01842856 0.02055341 0.03572314 0.03061711 -0.0147683 0.04539233 0.03994691 0.009573698 0.02774316 0.03994691 0.001766324 -8.75879e-4 0.05033046 -0.0200572 -0.03086858 0.05033046 -0.004277825 -0.01942789 0.05033046 -0.03954547 -0.03087013 0.05033046 -0.0200572 0.02911686 0.05033046 -0.004277825 0.01767605 0.05033046 -0.005938112 -0.01822113 0.03724831 -0.02069115 -0.02891778 0.03724831 -2.87093e-4 -8.75879e-4 0.03724831 -0.03891181 -0.02891927 0.03724831 -0.03891181 0.02716737 0.03724831 -0.02069115 0.02716594 0.03724831 -0.005938112 0.01646929 0.03724831 -0.04028546 -0.1497364 -0.09795677 -0.04587966 -0.1487877 -0.09095877 -0.06353491 -0.1423648 -0.06880199 -0.05871456 -0.1334019 -0.05079215 -0.05461215 -0.1230052 -0.03399819 -0.04401552 -0.0676862 0.02445626 -0.04476773 -0.07515943 0.01842856 -0.0502904 -0.1077132 -0.01400816 -0.04717677 -0.09210234 0.00282669 -0.04321366 -0.06004768 0.03061711 -0.04290682 -0.05592334 0.03359973 -0.03885281 -0.02873766 0.05694854 -0.02911603 -0.03073638 0.08144861 -0.04136461 -0.03647112 0.04675728 -0.04205387 -0.04714632 0.03994691 -0.05290889 0.007536053 0.03724831 -0.04747611 -0.02270972 0.03724831 -0.04915243 0.01974248 0.03724831 -0.03887337 0.02704906 0.05008602 -0.02339237 0.02681863 0.07494753 -0.04000037 0.04836899 0.03779572 -0.04316377 0.06881713 0.02213114 -0.04127007 0.05829584 0.03061711 -0.0600323 0.1195363 -0.03175306 -0.04917895 0.121253 -0.03399819 -0.03014874 0.1238728 -0.0382325 0.002099335 0.1282439 -0.04529756 0.01216757 0.1282819 -0.04536026 0.0283187 0.1207265 -0.05079215 0.07641381 0.09666532 -0.06806576 0.08735573 0.09035235 -0.07258892 0.09200596 0.08765417 -0.07446867 0.09853351 0.07550418 -0.08288675 -0.03445273 -0.1487869 -0.09095877 -0.01653265 -0.1431425 -0.07149702 0.09976208 0.05784976 -0.06806576 0.09869569 0.03285753 -0.05079215 0.09832841 0.0286197 -0.04810953 0.004422485 -0.1333969 -0.05079215 0.01188999 -0.1291796 -0.04398059 0.06440395 -0.06934511 -0.019055 0.03188163 -0.1070492 -0.03399819 0.09632343 0.006550669 -0.03399819 0.09529823 -8.75879e-4 -0.02971988 -0.02009993 -0.0307371 0.08111131 -0.008033275 -0.02199584 0.07967001 -0.01437681 0.02486914 0.07479834 -0.04395204 0.07340764 0.01842856 -0.05342793 0.1059616 -0.01400816 -0.04807883 0.09035068 0.00282669 0.001648306 -8.75879e-4 0.07657212 -0.004367172 0.01761108 0.07490319 -0.04028546 -0.1497364 -0.09795677 -0.04587966 -0.1487877 -0.09095877 -0.06353491 -0.1423648 -0.06880199 -0.04476773 -0.07515943 0.01842856 -0.04717677 -0.09210234 0.00282669 -0.04401552 -0.0676862 0.02445626 -0.05871456 -0.1334019 -0.05079215 -0.05461215 -0.1230052 -0.03399819 -0.0502904 -0.1077132 -0.01400816 -0.04321366 -0.06004768 0.03061711 -0.04290682 -0.05592334 0.03359973 -0.04205387 -0.04714632 0.03994691 -0.04136461 -0.03647112 0.04675728 -0.03885281 -0.02873766 0.05694854 -0.04747611 -0.02270972 0.03724831 -0.05290889 0.007536053 0.03724831 -0.04915243 0.01974248 0.03724831 -0.03887337 0.02704906 0.05008602 -0.04000037 0.04836899 0.03779572 -0.04127007 0.05829584 0.03061711 -0.04316377 0.06881713 0.02213114 -0.0600323 0.1195363 -0.03175306 -0.04917895 0.121253 -0.03399819 -0.03014874 0.1238728 -0.0382325 0.002099335 0.1282439 -0.04529756 0.01216757 0.1282819 -0.04536026 0.0283187 0.1207265 -0.05079215 0.07641381 0.09666532 -0.06806576 0.08735573 0.09035235 -0.07258892 0.09200596 0.08765417 -0.07446867 0.09853351 0.07550418 -0.08288675 -0.03445273 -0.1487869 -0.09095877 -0.01653265 -0.1431425 -0.07149702 0.09976208 0.05784976 -0.06806576 0.09869569 0.03285753 -0.05079215 0.09832841 0.0286197 -0.04810953 0.09632343 0.006550669 -0.03399819 0.09529823 -8.75879e-4 -0.02971988 0.06440395 -0.06934511 -0.019055 0.03188163 -0.1070492 -0.03399819 0.01188999 -0.1291796 -0.04398059 0.004422485 -0.1333969 -0.05079215 -0.05342793 0.1059616 -0.01400816 -0.04395204 0.07340764 0.01842856 -0.04807883 0.09035068 0.00282669 -0.03954547 -0.03087013 0.05033046 -0.02911603 -0.03073638 0.08144861</float_array>
          <technique_common>
            <accessor source="#Pot_low_cell_007-mesh-positions-array" count="146" stride="3">
              <param name="X" type="float"/>
              <param name="Y" type="float"/>
              <param name="Z" type="float"/>
            </accessor>
          </technique_common>
        </source>
        <source id="Pot_low_cell_007-mesh-normals">
          <float_array id="Pot_low_cell_007-mesh-normals-array" count="444">-0.7796997 0.01471984 -0.6259807 -0.7801685 0.01301008 -0.6254341 -0.9248365 -0.1780264 0.3361312 -0.9241691 -0.1762986 0.3388663 -0.8584389 -0.4551407 0.2364946 -0.8203315 0.2524514 0.5131517 -0.8179069 0.2647765 0.5108051 -0.7788704 0.02044385 -0.6268517 -0.2519971 0.5869839 -0.7693813 -0.2483578 0.5878027 -0.7699393 -0.002662181 0.5685433 -0.8226491 0.7268879 -0.4111883 -0.550053 0.7299184 -0.414061 -0.5438498 -0.8143394 0.2731897 0.5120729 7.635e-5 -0.9713948 0.2374706 7.62781e-5 -0.9909269 0.1344023 7.47271e-5 -0.9710074 0.2390497 0.5593193 0.4071602 0.7220682 0.6375173 0 0.7704361 0.6916643 0 0.7222192 0.8174909 0.266337 0.5106596 0.6979397 0.5080486 0.5047444 0.6571972 0.478398 0.5824322 0.001535475 -0.9220736 0.3870117 0.00660634 -0.9241838 0.3818911 0.2508847 -0.7733604 0.5822118 0.1618701 -0.8241509 0.5427462 0.4704027 -0.6487889 0.5981591 0.0044142 -0.8789409 0.4769103 6.88825e-5 -0.8657209 0.5005272 6.56041e-5 -0.8265573 0.5628526 0.7490916 0.5452625 0.3762322 0.9131427 0.2975007 0.2786823 0.8230969 0.487911 0.2906107 0.5637578 0.7775484 0.2785601 0.5291181 0.729771 0.4329763 0.250882 0.7733609 0.5822123 0.2878716 0.7872781 0.5452736 6.72885e-5 0.8502591 0.5263646 0.8657174 0.2820496 0.4134991 0.5019696 0.692327 0.5183725 0.232218 -0.7158315 0.6585288 0.5593195 -0.4071591 0.7220687 0.2135362 -0.658257 0.7218727 0.7522308 2.57761e-6 0.6588999 0.6211245 -0.470322 0.6268985 0.7771776 0.06645768 0.6257622 0.6082751 -0.4427912 0.6587393 6.0898e-5 -0.7675426 0.640998 0.5155481 -0.3753017 0.770298 5.6382e-5 -0.7079867 0.7062259 0.1968341 -0.6067733 0.7701186 5.17339e-5 -0.6543813 0.7561649 0.6082752 0.4427926 0.6587383 0.2322161 0.715833 0.6585279 5.59303e-5 0.7094317 0.7047742 0.2135345 0.6582576 0.7218725 6.27229e-5 0.7991095 0.6011855 6.26327e-5 0.7942585 0.6075801 6.00589e-5 0.7695252 0.6386166 0.7671707 0.2499431 0.5907433 0.1968343 0.6067723 0.7701193 5.27835e-5 0.6553652 0.7553123 0.5155477 0.3753004 0.7702988 0.1824269 -0.562367 0.8065135 0.4419775 -0.3217474 0.8373377 0.168751 -0.5202198 0.8371945 0.4777982 -0.3478227 0.8066773 0.590822 0 0.806802 0.5465172 0 0.837448 4.58335e-5 -0.6080469 0.7939011 4.86309e-5 -0.6278092 0.7783674 4.2818e-5 -0.5631648 0.8263446 4.43145e-5 -0.5859919 0.8103169 0.6779432 -0.4915617 0.5465896 0.2599295 -0.8013192 0.5388174 0.8421434 3.82854e-6 0.5392538 6.40691e-5 -0.8209895 0.5709433 4.14018e-5 -0.5378372 0.8430488 0.4777979 0.347823 0.8066774 0.4419767 0.3217473 0.8373382 0.1668934 0.5196716 0.8379069 4.80185e-5 0.6087039 0.7933977 -0.01557105 0.5574882 0.8300389 5.02368e-5 0.6278074 0.7783687 0.182425 0.5623658 0.8065147 0.2032856 0.7926295 0.5748161 0.1219121 -0.7247008 0.6781934 0.6809479 0.4957219 0.5390453 0.0897302 -0.1232317 0.988313 0.2826686 -0.1476321 0.9477887 0.2552902 0.1886928 0.9482731 0.03585851 0.2845522 0.9579897 -0.4207348 0.04129052 0.9062436 0.1598984 0.1566364 0.9746269 0.2211065 0.02023273 0.9750398 -0.00726366 0.5734359 -0.8192183 0.2438076 0.336264 0.9096617 0.2370117 0.7307655 0.6401619 -0.2231986 0.7213277 0.6556437 -0.609508 0.4436985 0.6569868 0.1206599 0.9923626 0.02564597 0.2370127 -0.7307682 0.6401585 0.1784453 -0.2461161 0.9526721 -0.2212076 -0.7272866 0.6497088 -0.6053594 -0.4405989 0.6628822 -0.7493712 5.07448e-4 0.66215 -0.7801684 0.0130099 -0.6254342 -0.7801692 0.01300984 -0.6254333 -0.9248366 -0.1780263 0.336131 -0.9248364 -0.1780269 0.336131 -0.9248365 -0.1780264 0.336131 -0.9248366 -0.1780263 0.336131 -0.9248365 -0.1780264 0.336131 -0.9241681 -0.176302 0.3388673 -0.9210538 -0.1654409 0.352547 -0.921054 -0.1654396 0.3525471 -0.9210538 -0.1654407 0.3525471 -0.9210538 -0.1654406 0.3525472 -0.7808469 -0.5661351 0.2641387 -0.8649294 -0.03833132 0.5004279 -0.8203314 0.2524515 0.5131517 -0.8203313 0.2524516 0.5131518 -0.8179066 0.2647774 0.5108051 -0.8179065 0.2647773 0.5108054 -0.2519975 0.5869842 -0.7693808 -0.2519977 0.5869844 -0.7693806 -0.002657055 0.5685415 -0.8226504 -0.002656757 0.5685415 -0.8226503 0.7268876 -0.4111892 -0.5500527 0.726889 -0.4111884 -0.5500514 0.7268877 -0.4111891 -0.5500527 0.7268876 -0.4111892 -0.5500526 0.7268877 -0.4111891 -0.5500527 0.7299185 -0.4140605 -0.5438502 0.7299189 -0.4140608 -0.5438494 0.7299192 -0.4140604 -0.5438492 0.7299196 -0.4140601 -0.5438489 0.7299188 -0.4140608 -0.5438495 -0.8143396 0.2731893 0.5120728 -0.8143397 0.2731899 0.5120725 -0.8143395 0.2731893 0.5120731 0.8082581 0.2633294 0.5266655 6.71642e-5 0.8502577 0.5263668 -0.007330477 0.5734571 -0.8192028 -0.007589995 0.5736785 -0.8190455 -0.007264256 0.5734359 -0.8192183 0 0 1</float_array>
          <technique_common>
            <accessor source="#Pot_low_cell_007-mesh-normals-array" count="148" stride="3">
              <param name="X" type="float"/>
              <param name="Y" type="float"/>
              <param name="Z" type="float"/>
            </accessor>
          </technique_common>
        </source>
        <source id="Pot_low_cell_007-mesh-map-0">
          <float_array id="Pot_low_cell_007-mesh-map-0-array" count="1164">0 0 1 0 1 1 1 0.2429049 0 0 0.7885474 0.05609226 0.4994997 0.3214078 0.6596022 0.3834792 1 1 0.5460676 0.5460676 1 0.4599648 1 1 0.7520959 0.2494142 0.7810947 0.2220197 0.7497765 0.3965376 1 1 0.557882 0.3557492 1 0.3193096 1 1 0.3662387 0.1609202 0.4240329 0 1 1 0 0 1 0 0 0 0.6178358 0.09055846 1 0.2518076 1 1 0.2518075 0.2518075 1 0.3079951 0.463085 0.463085 0.4511691 0.334513 0.4511747 0 0.3519514 0.03572922 0.3450366 0 1 1 0.7304692 0.5289977 0.7932486 0.6348676 0.8051753 0.6853601 0.8136128 0.3567285 0.6918479 0.1776819 1 0 0.4311572 0.4659688 0.4340942 0.4700565 0.4371559 0.4743177 0.417641 0.7980881 0.3657264 0.7301915 0.3978685 0.726577 0.4992389 0.7407936 0.5200901 0.7907088 0.4913879 0.795541 0.4084894 0.4817734 0.4256592 0.505659 0.3991515 0.468783 0.3782175 0.5693994 0.3902875 0.5620872 0.3931258 0.5932522 0.3580817 0.5001236 0.3835376 0.5359858 0.3935576 0.5501018 0.3603861 0.5033701 0.3580817 0.5001237 0.3935576 0.5501019 0.5473318 0.7842313 0.5616835 0.7627565 0.5562952 0.7806912 0.5473318 0.7842313 0.5554632 0.7874318 0.5531323 0.8033666 0.02773296 0.1833904 0.02542757 0.1819165 0.03558671 0.1884115 0.5200901 0.7907088 0.5344204 0.7554942 0.5473318 0.7842313 0.5200901 0.7907088 0.5531323 0.8033667 0.5375929 0.8688797 0.4913879 0.795541 0.5200901 0.7907088 0.5375929 0.8688798 0.3517259 0.5843254 0.3656725 0.6602986 0.3269997 0.5974115 0.3517259 0.5843254 0.3782175 0.5693994 0.3931258 0.5932522 0.428129 0.7217388 0.4001539 0.6478646 0.4532666 0.7157291 0.3928577 0.6508377 0.3978685 0.726577 0.3656725 0.6602986 0.3752669 0.5652515 0.3399325 0.5155804 0.3782175 0.5693994 0.3484252 0.5797001 0.3158164 0.5340042 0.3517259 0.5843254 0.3377609 0.6691743 0.3269997 0.5974115 0.3656725 0.6602986 0.3657264 0.7301915 0.3656725 0.6602986 0.3978685 0.726577 0.2928942 0.5498474 0.3230051 0.5918406 0.2946408 0.5522832 0.3978685 0.726577 0.453338 0.7990641 0.417641 0.7980881 0.003087997 0.2637959 0.06370073 0.28946 0 0.3086802 0.07580822 0.2506902 0.087269 0.2569472 0.08029341 0.2531389 0.428129 0.7217388 0.4532666 0.7157291 0.4631865 0.7221001 0.5052738 0.891285 0.453338 0.7990641 0.4913879 0.795541 0.4579606 0.8841993 0.417641 0.7980881 0.453338 0.7990641 0.006718873 0.310804 0.05849212 0.3271693 0.05345326 0.3255766 0.4153673 0.8719578 0.3811306 0.7931846 0.417641 0.7980881 0.2805778 0.6209822 0.2915961 0.6803666 0.2624372 0.6294401 0.3019174 0.6107964 0.3126868 0.6757116 0.2805778 0.6209822 0.3377609 0.6691743 0.3383337 0.7306839 0.3126868 0.6757116 0.3126868 0.6757116 0.3154049 0.7301463 0.2915961 0.6803666 0.2978825 0.6050127 0.2710695 0.5665786 0.2704112 0.5656349 0.2764471 0.6152378 0.2495672 0.5778575 0.2487275 0.5766897 0.2624372 0.6294401 0.2661768 0.6860914 0.240435 0.6400399 0.2915961 0.6803666 0.2861198 0.7296726 0.2661768 0.6860914 0.2561277 0.6208192 0.2067587 0.5958208 0.2135788 0.5905294 0.3154049 0.7301463 0.3501961 0.7859013 0.3251428 0.7781613 0.02137637 0.4208148 0.05324071 0.3975163 0.05098044 0.3971806 0.005204677 0.3537949 0.05334103 0.3648134 0.05234962 0.3645865 0.3383337 0.7306839 0.3811306 0.7931846 0.3501961 0.7859013 0.3741948 0.8541347 0.3501961 0.7859013 0.3811306 0.7931846 0.3414988 0.8353103 0.3251428 0.7781613 0.3501961 0.7859013 0.03406643 0.4523731 0.05577409 0.424353 0.05371135 0.4241409 0.3251428 0.7781613 0.2861198 0.7296726 0.3154049 0.7301463 0.3167852 0.8180066 0.2965381 0.7683848 0.3251428 0.7781613 0.2278164 0.6934726 0.200923 0.7249523 0.1919951 0.7085003 0.2372238 0.7157706 0.2162309 0.7509384 0.2037615 0.7298477 0.2278164 0.6934726 0.2234397 0.6831131 0.2184034 0.6711922 0.1723197 0.5587815 0.007656693 0.6519281 0.1443439 0.5704739 0.2467174 0.7380866 0.2278015 0.7724351 0.2162309 0.7509384 0.2660142 0.7829409 0.2380618 0.7946416 0.2342467 0.7866078 0.3079952 0.3079952 0.3794264 0.3175301 0.5541495 0.383481 0.02780103 0.006678879 0.04373276 2.31947e-5 0.06387329 0.0110318 0.587606 0.1113045 0.6166604 0.161951 0.5738564 0.1293476 0.621631 0.1081568 0.7651328 0.2293596 0.632992 0.1451131 0.6010307 0.09322315 0.6087092 0.08259785 0.6216319 0.1081575 0.6531245 0.01887625 0.6665334 0.02783328 0.6442142 0.03191769 0.6665338 0.02783358 0.6659797 0 0.8323505 0.1150923 0.5456881 0.1655825 0.5834283 0.1950379 0.5754114 0.2043346 0.5598296 0.1474435 0.5834283 0.1950379 0.5456881 0.1655825 0.5738564 0.1293476 0.5995752 0.1781837 0.5598296 0.1474435 1 1 0 0 1 0.2429049 0 0 0.7198106 0 0.7885474 0.05609226 0.8027675 0.4468744 0.9429958 0.515702 1 1 0.9429958 0.515702 1 0.5460676 1 1 1 1 0.2477349 0.2437676 0.372467 0.2792333 0.8027675 0.4468744 1 1 0.6596022 0.3834792 0.372467 0.2792333 0.4994997 0.3214078 1 1 0.5460676 0.5460676 0.8467037 0.4882187 1 0.4599648 0.7497765 0.3965376 1 0.3691325 1 1 1 1 0.4599648 0.4599648 0.7497765 0.3965376 0.4599648 0.4599648 0.5587344 0.3940249 0.7497765 0.3965376 0.5587344 0.3940249 0.6751164 0.3221333 0.7497765 0.3965376 0.7520959 0.2494142 0.8830122 0 0.7810947 0.2220197 0.7497765 0.3965376 0.6751164 0.3221333 0.7520959 0.2494142 1 1 0.3691325 0.3691325 0.557882 0.3557492 0.557882 0.3557492 0.6900182 0.2247119 1 0.3193096 0.4240329 0 1 0 1 1 1 1 0.3193098 0.3193098 0.3662387 0.1609202 1 0.2518076 1 1 0 0 0 0 0.3994276 0 0.6178358 0.09055846 1 0 1 1 0.4511747 0 1 1 0.463085 0.463085 0.4511747 0 0.8326985 0 0.9573793 0.2049003 1 1 0.9573793 0.2049003 1 0.2801893 1 1 1 1 0.4511747 0.4511747 0.4011781 0.2623699 0.8326985 0 1 1 0.3450366 0 0.4011781 0.2623699 0.3519514 0.03572922 1 1 0.8051753 0.6853601 0.8326985 0.8326985 0.7304692 0.5289977 0.8326985 0.8326985 0.3450365 0.3450365 0.7304692 0.5289977 0.3450365 0.3450365 0.4078232 0.3019915 0.6234946 0.3613712 0.4078232 0.3019915 0.4289483 0.2904112 0.6234946 0.3613712 0.3450365 0.3450365 0.6234946 0.3613712 0.7304692 0.5289977 0.6918479 0.1776819 0.6005722 0 1 0 1 0 1 0.575967 0.9583244 0.5321522 0.9583244 0.5321522 0.8136128 0.3567285 1 0 0.417641 0.7980881 0.3811306 0.7931846 0.3657264 0.7301915 0.4631865 0.7221001 0.4934154 0.7378879 0.4913879 0.795541 0.4934154 0.7378879 0.4992389 0.7407936 0.4913879 0.795541 0.4084894 0.4817734 0.4145326 0.4901802 0.4256592 0.505659 0.3580817 0.5001236 0.3555012 0.4964883 0.3835376 0.5359858 0.3977531 0.5560126 0.3966244 0.5544223 0.3935576 0.5501019 0.3966244 0.5544223 0.3603861 0.5033701 0.3935576 0.5501019 0.5473318 0.7842313 0.5344204 0.7554942 0.5616835 0.7627565 0.5473318 0.7842313 0.5562952 0.7806912 0.5554632 0.7874318 0.03558671 0.1884115 0.06812572 0.2092144 0.02773296 0.1833904 0.06812572 0.2092144 0.08732759 0.2214906 0.02773296 0.1833904 0.5200901 0.7907088 0.4992389 0.7407937 0.5344204 0.7554942 0.5200901 0.7907088 0.5473318 0.7842313 0.5531323 0.8033667 0.5304017 0.8906962 0.5052738 0.891285 0.5375929 0.8688798 0.5052738 0.891285 0.4913879 0.795541 0.5375929 0.8688798 0.3517259 0.5843254 0.3928577 0.6508377 0.3656725 0.6602986 0.3931258 0.5932522 0.4001539 0.6478646 0.3928577 0.6508377 0.3928577 0.6508377 0.3517259 0.5843254 0.3931258 0.5932522 0.428129 0.7217388 0.3928577 0.6508377 0.4001539 0.6478646 0.3928577 0.6508377 0.428129 0.7217388 0.3978685 0.726577 0.3752669 0.5652515 0.3424971 0.5191855 0.3399325 0.5155804 0.3484252 0.5797001 0.3178409 0.5368413 0.3158164 0.5340042 0.3377609 0.6691743 0.3019174 0.6107964 0.3269997 0.5974115 0.3657264 0.7301915 0.3377609 0.6691743 0.3656725 0.6602986 0.2928942 0.5498474 0.3269997 0.5974115 0.3230051 0.5918406 0.3978685 0.726577 0.428129 0.7217388 0.453338 0.7990641 0.003087997 0.2637959 0.06982076 0.2920513 0.06370073 0.28946 0.08029341 0.2531389 0.003087997 0.2637959 0.07580822 0.2506902 0.003087997 0.2637959 0.0134409 0.2166407 0.07580822 0.2506902 0.4913879 0.795541 0.453338 0.7990641 0.4631865 0.7221001 0.453338 0.7990641 0.428129 0.7217388 0.4631865 0.7221001 0.5052738 0.891285 0.4579606 0.8841993 0.453338 0.7990641 0.4579606 0.8841993 0.4153673 0.8719578 0.417641 0.7980881 0.006718873 0.310804 0 0.3086802 0.05849212 0.3271693 0.4153673 0.8719578 0.3741948 0.8541347 0.3811306 0.7931846 0.2805778 0.6209822 0.3126868 0.6757116 0.2915961 0.6803666 0.3019174 0.6107964 0.3377609 0.6691743 0.3126868 0.6757116 0.3377609 0.6691743 0.3657264 0.7301915 0.3383337 0.7306839 0.3126868 0.6757116 0.3383337 0.7306839 0.3154049 0.7301463 0.2697936 0.5647497 0.3019174 0.6107964 0.2704112 0.5656349 0.3019174 0.6107964 0.2978825 0.6050127 0.2704112 0.5656349 0.2484254 0.5762696 0.2805778 0.6209822 0.2487275 0.5766897 0.2805778 0.6209822 0.2764471 0.6152378 0.2487275 0.5766897 0.2624372 0.6294401 0.2915961 0.6803666 0.2661768 0.6860914 0.2915961 0.6803666 0.3154049 0.7301463 0.2861198 0.7296726 0.2161616 0.5885256 0.2624372 0.6294401 0.2135788 0.5905294 0.2624372 0.6294401 0.2561277 0.6208192 0.2135788 0.5905294 0.3154049 0.7301463 0.3383337 0.7306839 0.3501961 0.7859013 0.02137637 0.4208148 0.01244539 0.3914557 0.05324071 0.3975163 0.05234962 0.3645865 0.04996788 0.3640413 0.01244539 0.3914557 0.01244539 0.3914557 0.005204677 0.3537949 0.05234962 0.3645865 0.3383337 0.7306839 0.3657264 0.7301915 0.3811306 0.7931846 0.3741948 0.8541347 0.3414988 0.8353103 0.3501961 0.7859013 0.3414988 0.8353103 0.3167852 0.8180066 0.3251428 0.7781613 0.03406643 0.4523731 0.02137637 0.4208148 0.05577409 0.424353 0.3251428 0.7781613 0.2965381 0.7683848 0.2861198 0.7296726 0.3167852 0.8180066 0.2911078 0.7968953 0.2965381 0.7683848 0.2278164 0.6934726 0.2372238 0.7157706 0.200923 0.7249523 0.2372238 0.7157706 0.2467174 0.7380866 0.2162309 0.7509384 0.2278164 0.6934726 0.2277946 0.693421 0.2234397 0.6831131 0.2467174 0.7380866 0.2562909 0.7604168 0.2278015 0.7724351 0.2278015 0.7724351 0.2562909 0.7604168 0.2342467 0.7866078 0.2562909 0.7604168 0.2660142 0.7829409 0.2342467 0.7866078 0.5541495 0.383481 0.7346836 0.5175485 1 1 0.7346836 0.5175485 1 0.463085 1 1 1 1 0.3079952 0.3079952 0.5541495 0.383481 0.06387329 0.0110318 0.07371985 0.03176826 0.01131927 0.02256739 0.07371985 0.03176826 0.06948852 0.05435585 0.01131927 0.02256739 0.06948852 0.05435585 0.05276358 0.0701158 0.01131927 0.02256739 0.05276358 0.0701158 0.03645598 0.06120234 0.01131927 0.02256739 0.03645598 0.06120234 0.009851217 0.06202256 0.01131927 0.02256739 0.009851217 0.06202256 0.003016352 0.04762858 0.01131927 0.02256739 0.01131927 0.02256739 0.02780103 0.006678879 0.06387329 0.0110318 0.587606 0.1113045 0.6329919 0.1451131 0.6166604 0.161951 0.632992 0.1451131 0.587606 0.1113045 0.621631 0.1081568 0.587606 0.1113045 0.6010307 0.09322315 0.621631 0.1081568 0.6665338 0.02783358 0.6531245 0.01887625 0.6659797 0 0.5683222 0.2125183 0.5315107 0.1840316 0.5754114 0.2043346 0.5315107 0.1840316 0.5456881 0.1655825 0.5754114 0.2043346 0.5598296 0.1474435 0.5995752 0.1781837 0.5834283 0.1950379 0.5738564 0.1293476 0.6166603 0.161951 0.5995752 0.1781837</float_array>
          <technique_common>
            <accessor source="#Pot_low_cell_007-mesh-map-0-array" count="582" stride="2">
              <param name="S" type="float"/>
              <param name="T" type="float"/>
            </accessor>
          </technique_common>
        </source>
        <vertices id="Pot_low_cell_007-mesh-vertices">
          <input semantic="POSITION" source="#Pot_low_cell_007-mesh-positions"/>
        </vertices>
        <triangles material="PorcelinPot-material" count="194">
          <input semantic="VERTEX" source="#Pot_low_cell_007-mesh-vertices" offset="0"/>
          <input semantic="NORMAL" source="#Pot_low_cell_007-mesh-normals" offset="1"/>
          <input semantic="TEXCOORD" source="#Pot_low_cell_007-mesh-map-0" offset="2" set="0"/>
          <p>3 0 0 1 0 1 0 0 2 101 1 3 1 1 4 100 1 5 106 2 6 107 2 7 0 2 8 104 3 9 109 3 10 0 3 11 144 4 12 112 4 13 113 4 14 0 5 15 115 5 16 117 5 17 0 6 18 118 6 19 119 6 20 0 7 21 2 7 22 3 7 23 2 8 24 121 8 25 122 8 26 3 9 27 122 9 28 123 9 29 77 10 30 128 10 31 129 10 32 133 11 33 134 11 34 1 11 35 138 12 36 139 12 37 140 12 38 143 13 39 141 13 40 2 13 41 48 14 42 47 15 43 80 16 44 18 17 45 19 18 46 10 19 47 83 20 48 5 21 49 15 22 50 48 14 51 81 23 52 49 24 53 6 25 54 86 26 55 88 27 56 50 28 57 81 23 58 85 29 59 51 30 60 50 28 61 85 29 62 4 31 63 79 32 64 78 33 65 4 31 66 127 34 67 126 35 68 13 36 69 124 37 70 73 38 71 5 21 72 82 39 73 4 31 74 5 21 75 126 35 76 125 40 77 15 22 78 5 21 79 125 40 80 9 41 81 11 42 82 12 43 83 9 41 84 6 25 85 88 27 86 7 44 87 87 45 88 90 46 89 8 47 90 10 19 91 11 42 92 9 41 93 51 30 94 6 25 95 12 43 96 54 48 97 9 41 98 20 49 99 12 43 100 11 42 101 19 18 102 11 42 103 10 19 104 55 50 105 21 51 106 53 52 107 10 19 108 16 53 109 18 17 110 14 54 111 96 55 112 17 56 113 71 57 114 70 58 115 95 59 116 7 44 117 90 46 118 89 60 119 13 36 120 16 53 121 15 22 122 14 54 123 18 17 124 16 53 125 28 61 126 96 55 127 94 62 128 17 56 129 30 63 130 18 17 131 24 64 132 26 65 133 27 66 134 21 51 135 23 67 136 24 64 137 20 49 138 22 68 139 23 67 140 23 67 141 25 69 142 26 65 143 24 64 144 56 70 145 52 71 146 27 66 147 61 72 148 57 73 149 27 66 150 36 74 151 35 75 152 26 65 153 34 76 154 36 74 155 35 75 156 37 77 157 60 78 158 25 69 159 31 79 160 33 80 161 32 81 162 69 82 163 67 83 164 28 61 165 94 62 166 68 84 167 22 68 168 30 63 169 31 79 170 28 61 171 31 79 172 30 63 173 29 85 174 33 80 175 31 79 176 38 86 177 67 83 178 65 87 179 33 80 180 34 76 181 25 69 182 32 81 183 39 88 184 33 80 185 35 75 186 92 89 187 91 90 188 36 74 189 97 91 190 92 89 191 35 75 192 59 92 193 37 77 194 38 86 195 65 87 196 66 93 197 34 76 198 98 94 199 97 91 200 38 86 201 66 93 202 93 95 203 123 96 204 74 96 205 75 96 206 63 97 207 43 98 208 41 99 209 41 99 210 92 89 211 40 100 212 58 101 213 59 92 214 91 90 215 43 98 216 63 97 217 58 101 218 44 102 219 65 87 220 64 103 221 65 87 222 45 104 223 66 93 224 46 105 225 98 94 226 93 95 227 42 106 228 98 94 229 46 105 230 40 100 231 97 91 232 42 106 233 0 107 234 1 107 235 101 107 236 1 108 237 99 108 238 100 108 239 103 109 240 102 109 241 0 109 242 102 110 243 104 110 244 0 110 245 0 111 246 101 111 247 105 111 248 103 112 249 0 112 250 107 112 251 105 113 252 106 113 253 0 113 254 104 114 255 108 114 256 109 114 257 113 115 258 114 115 259 0 115 260 0 116 261 109 116 262 113 116 263 109 117 264 110 117 265 113 117 266 110 118 267 111 118 268 113 118 269 144 119 270 145 119 271 112 119 272 113 120 273 111 120 274 144 120 275 0 121 276 114 121 277 115 121 278 115 122 279 116 122 280 117 122 281 119 123 282 2 123 283 0 123 284 0 124 285 117 124 286 118 124 287 122 125 288 3 125 289 2 125 290 2 126 291 120 126 292 121 126 293 1 127 294 3 127 295 129 127 296 3 128 297 77 128 298 129 128 299 131 129 300 130 129 301 1 129 302 130 130 303 99 130 304 1 130 305 1 131 306 129 131 307 132 131 308 131 132 309 1 132 310 134 132 311 132 133 312 133 133 313 1 133 314 140 134 315 131 134 316 138 134 317 131 135 318 134 135 319 138 135 320 134 136 321 135 136 322 137 136 323 135 137 324 136 137 325 137 137 326 134 138 327 137 138 328 138 138 329 141 139 330 120 139 331 2 139 332 2 140 333 119 140 334 142 140 335 142 141 336 143 141 337 2 141 338 18 17 339 30 63 340 19 18 341 89 60 342 84 142 343 15 22 344 84 142 345 83 20 346 15 22 347 48 14 348 80 16 349 81 23 350 50 28 351 49 24 352 81 23 353 86 26 354 6 25 355 85 29 356 6 25 357 51 30 358 85 29 359 4 31 360 82 39 361 79 32 362 4 31 363 78 33 364 127 34 365 73 38 366 72 143 367 13 36 368 72 143 369 71 57 370 13 36 371 5 21 372 83 20 373 82 39 374 5 21 375 4 31 376 126 35 377 124 37 378 13 36 379 125 40 380 13 36 381 15 22 382 125 40 383 9 41 384 8 47 385 11 42 386 88 27 387 87 45 388 8 47 389 8 47 390 9 41 391 88 27 392 7 44 393 8 47 394 87 45 395 8 47 396 7 44 397 10 19 398 9 41 399 54 48 400 51 30 401 12 43 402 55 50 403 54 48 404 20 49 405 21 51 406 12 43 407 19 18 408 20 49 409 11 42 410 55 50 411 12 43 412 21 51 413 10 19 414 7 44 415 16 53 416 14 54 417 95 59 418 96 55 419 95 59 420 14 54 421 71 57 422 14 54 423 13 36 424 71 57 425 15 22 426 16 53 427 89 60 428 16 53 429 7 44 430 89 60 431 13 36 432 14 54 433 16 53 434 14 54 435 17 56 436 18 17 437 28 61 438 17 56 439 96 55 440 17 56 441 28 61 442 30 63 443 24 64 444 23 67 445 26 65 446 21 51 447 20 49 448 23 67 449 20 49 450 19 18 451 22 68 452 23 67 453 22 68 454 25 69 455 53 52 456 21 51 457 52 71 458 21 51 459 24 64 460 52 71 461 56 70 462 24 64 463 57 73 464 24 64 465 27 66 466 57 73 467 27 66 468 26 65 469 36 74 470 26 65 471 25 69 472 34 76 473 61 72 474 27 66 475 60 78 476 27 66 477 35 75 478 60 78 479 25 69 480 22 68 481 31 79 482 32 81 483 29 85 484 69 82 485 68 84 486 69 82 487 29 85 488 29 85 489 28 61 490 68 84 491 22 68 492 19 18 493 30 63 494 28 61 495 29 85 496 31 79 497 29 85 498 32 81 499 33 80 500 38 86 501 32 81 502 67 83 503 33 80 504 39 88 505 34 76 506 32 81 507 38 86 508 39 88 509 35 75 510 36 74 511 92 89 512 36 74 513 34 76 514 97 91 515 35 75 516 91 90 517 59 92 518 34 76 519 39 88 520 98 94 521 98 94 522 39 88 523 93 95 524 39 88 525 38 86 526 93 95 527 75 144 528 76 144 529 3 144 530 76 145 531 77 145 532 3 145 533 3 146 534 123 146 535 75 146 536 41 99 537 40 100 538 62 147 539 40 100 540 42 106 541 62 147 542 42 106 543 46 105 544 62 147 545 46 105 546 45 104 547 62 147 548 45 104 549 44 102 550 62 147 551 44 102 552 64 103 553 62 147 554 62 147 555 63 97 556 41 99 557 41 99 558 91 90 559 92 89 560 91 90 561 41 99 562 58 101 563 41 99 564 43 98 565 58 101 566 65 87 567 44 102 568 45 104 569 66 93 570 45 104 571 93 95 572 45 104 573 46 105 574 93 95 575 42 106 576 97 91 577 98 94 578 40 100 579 92 89 580 97 91 581</p>
        </triangles>
      </mesh>
    </geometry>
    <geometry id="Pot_low_cell_006-mesh" name="Pot_low_cell.006">
      <mesh>
        <source id="Pot_low_cell_006-mesh-positions">
          <float_array id="Pot_low_cell_006-mesh-positions-array" count="291">0.02469974 0.01748234 -0.01969683 0.01889204 -7.48364e-4 -0.01991611 7.85317e-4 -0.03635436 -0.01651966 0.01127183 0.0272386 -0.01872092 0.002155959 -7.48364e-4 -0.01872092 7.85317e-4 0.03485763 -0.01651966 -0.01081216 -7.48364e-4 -0.01651966 -0.009806036 -0.04404979 -0.01187247 -0.01504021 -0.04785275 -0.007713973 -0.01783794 -0.04988539 -0.003113925 -0.02391004 -7.48364e-4 -0.01187247 -0.009806036 0.04255294 -0.01187247 -0.03038287 -7.48364e-4 -0.007713973 -0.01504021 0.04635584 -0.007713973 -0.03384268 -7.48364e-4 -0.003113925 -0.01783794 0.04838848 -0.003113925 -0.01943343 -0.05104458 0.001565158 -0.01943343 0.04954779 0.001565158 -0.01729172 -0.04948848 0.01119375 -0.01420801 -0.04724788 0.01717412 -0.007558584 -0.04241681 0.02283883 -0.03522372 -7.48364e-4 0.006261348 -0.03316718 -7.48364e-4 0.01119375 -0.01729172 0.04799175 0.01119375 -0.02935373 -7.48364e-4 0.01717412 -0.01420801 0.04575121 0.01717412 -0.02113068 -7.48364e-4 0.02283883 -0.007558584 0.04092001 0.02283883 0.001039624 -0.03616952 0.02686822 -0.01049762 -7.48364e-4 0.02686822 0.001039624 0.03467291 0.02686822 0.01099395 -0.02893722 0.03162407 0.01099395 0.02744036 0.03162407 0.001812338 -7.48288e-4 0.03162407 0.0142517 -0.02657026 -0.01500368 0.005841076 -7.48288e-4 -0.01500368 0.0142517 0.02507346 -0.01500368 0.0282368 -0.04283124 0.03116589 0.02332568 -0.01476055 -0.01969683 0.02402919 -0.00737369 -0.01756155 0.02235543 -0.01150292 -0.02871274 0.02166372 -7.48364e-4 -0.03894716 0.01975023 0.002374112 -0.05523639 0.0259754 0.02963107 -0.01913487 0.0249654 0.008751213 -0.01756155 -0.007964849 0.05786299 0.001565158 -0.007226705 0.05608212 -0.003113925 5.99429e-4 0.05648732 0.01717412 -5.70713e-4 0.04924899 -0.01187247 -0.003812611 0.0577647 0.01119375 -0.005216121 0.05347877 -0.007713973 0.009577989 0.04123276 -0.01651966 0.02395701 0.03211021 -0.01500368 0.02010309 0.03364169 -0.01872092 0.02981692 0.04108792 0.03162407 0.00867635 0.0526911 0.02283883 0.01846563 0.04730749 0.02686822 -0.004432082 -0.06122624 0.006261348 -0.006489872 -0.06042921 0.001565158 -0.001316606 -0.06107115 0.01119375 0.003338754 -0.0599702 0.01717412 0.0108152 -0.05573862 0.02283883 -0.006164252 -0.05428814 -0.007713973 -0.00683552 -0.05786263 -0.003113925 0.01931518 -0.04942023 0.02686822 0.0115779 -0.02895724 -0.01872092 0.01867508 -0.02335649 -0.01587653 -0.003332555 -0.04874336 -0.01187247 -0.007964849 0.05786299 0.001565158 -0.007226705 0.05608212 -0.003113925 5.99429e-4 0.05648732 0.01717412 -0.003812611 0.0577647 0.01119375 0.00867635 0.0526911 0.02283883 0.01846563 0.04730749 0.02686822 0.02981692 0.04108792 0.03162407 0.02395701 0.03211021 -0.01500368 0.0259754 0.02963107 -0.01913487 0.02010309 0.03364169 -0.01872092 0.009577989 0.04123276 -0.01651966 -5.70713e-4 0.04924899 -0.01187247 -0.005216121 0.05347877 -0.007713973 0.0282368 -0.04283124 0.03116589 0.01931518 -0.04942023 0.02686822 0.0108152 -0.05573862 0.02283883 0.003338754 -0.0599702 0.01717412 -0.001316606 -0.06107115 0.01119375 -0.004432082 -0.06122624 0.006261348 -0.006489872 -0.06042921 0.001565158 -0.00683552 -0.05786263 -0.003113925 -0.006164252 -0.05428814 -0.007713973 -0.003332555 -0.04874336 -0.01187247 0.0142517 -0.02657026 -0.01500368 0.01867508 -0.02335649 -0.01587653 0.02332568 -0.01476055 -0.01969683 0.02332568 -0.01476055 -0.01969683 7.85317e-4 -0.03635436 -0.01651966 0.0115779 -0.02895724 -0.01872092</float_array>
          <technique_common>
            <accessor source="#Pot_low_cell_006-mesh-positions-array" count="97" stride="3">
              <param name="X" type="float"/>
              <param name="Y" type="float"/>
              <param name="Z" type="float"/>
            </accessor>
          </technique_common>
        </source>
        <source id="Pot_low_cell_006-mesh-normals">
          <float_array id="Pot_low_cell_006-mesh-normals-array" count="282">0.5388281 0.8120686 -0.2240736 0.6613047 -0.6360054 -0.3977099 -0.6548953 -0.005058169 -0.7557028 0.2650695 0.9253109 -0.271179 -0.9985231 0.05059593 -0.01978874 -0.9583521 -0.2839975 -0.03011023 -0.3707669 -0.2699118 -0.8886392 -0.2562551 -0.1178345 -0.9594 -0.2775745 -0.3828384 -0.8811284 -0.2678463 0 -0.9634617 -0.3707678 0.2699112 -0.888639 -0.2166065 0.1576973 -0.9634383 -0.1264458 -2.03042e-4 -0.9919735 -0.5035838 -0.1641899 -0.8482011 -0.1266216 -0.04229223 -0.9910492 -0.100251 0.07299184 -0.9922812 0.740606 -0.6149915 -0.2707181 -0.1456994 0.2009515 -0.9687055 -0.06287676 0.08672118 -0.9942465 -0.2606362 0.3594753 -0.896017 -0.4186654 -0.5774357 -0.700919 -0.564847 -0.411161 -0.7154681 -0.7056037 -0.5135792 -0.4882212 -0.5211839 -0.7188313 -0.4600534 -0.4584764 2.68364e-7 -0.8887066 -0.5648479 0.4111589 -0.7154687 -0.6985193 3.64601e-7 -0.7155913 -0.4052807 0.5589729 -0.7233927 -0.705603 0.5135766 -0.4882249 -0.9267796 2.9757e-7 -0.3756057 -0.515635 0.711176 -0.4778593 -0.8097956 -0.5826797 -0.06866973 -0.5855347 -0.8075861 -0.07038331 -0.5687005 -0.7735263 0.2797088 -0.8056293 0.5890299 -0.06328743 -0.5868391 0.8093834 -0.0227667 -0.2885887 -0.2100782 0.9341219 -0.2697451 -0.3720384 0.8881583 -0.2195759 -0.3028419 0.9274014 -0.5964178 -0.4341266 0.6751444 -0.5196235 -0.7166762 0.4651523 -0.4110621 -0.5669456 0.7138633 -0.7432885 -0.5344256 0.4023825 -0.3902859 -0.284119 0.8757588 -0.7400764 0.5427684 0.3971013 -0.7375751 0 0.6752652 -0.5964172 0.4341275 0.6751444 -0.8899245 0 0.456108 -0.9921423 0 0.1251153 -0.5330098 0.735141 0.4188895 -0.3902854 0.2841171 0.8757596 -0.3568087 0 0.9341776 -0.2885884 0.2100793 0.9341218 -0.4826132 0 0.8758338 -0.4109615 0.5668081 0.7140303 -0.265974 0.366838 0.8914526 0.3386671 0.2230323 0.9140903 0.2907163 0.331184 0.8976643 0.3947383 -3.45378e-7 0.9187937 -0.2197223 0.303047 0.9272997 0.3193591 -0.2323405 0.9187098 0.3601372 -0.4967098 0.7896713 0.7651482 0.3477119 0.5418901 0.8033717 -0.009926736 0.5953953 0.7068424 -0.4398158 0.5540181 0.5505069 -0.759271 0.3470588 0.2512899 0.1055037 0.9621448 0.4969618 -0.2291625 0.8369669 0.9885051 -0.04616963 0.1439657 0.728138 0.07167631 0.6816726 0.3837698 0.1745967 0.9067728 0.5388286 0.8120685 -0.2240731 0.538828 0.8120691 -0.2240718 0.5388285 0.8120687 -0.2240722 0.5388283 0.812069 -0.2240719 0.5388283 0.8120691 -0.2240718 0.5388282 0.8120689 -0.2240718 0.5388283 0.8120691 -0.2240716 0.5388281 0.8120691 -0.2240718 0.5388284 0.8120688 -0.2240722 0.5388281 0.8120688 -0.2240723 0.651539 -0.5733022 -0.4968113 0.6613289 -0.6219174 -0.4193601 0.5964745 -0.7982703 0.08356279 0.4073406 -0.4363391 -0.8022978 0.5767287 -0.810112 0.1053696 0.6888164 -0.6030733 -0.4022868 0.6613039 -0.6360064 -0.3977099 0.6613048 -0.6360054 -0.3977099 0.6613044 -0.636006 -0.3977096 0.6613044 -0.6360059 -0.3977099 0.6613047 -0.6360056 -0.3977097 0.6611977 -0.6220273 -0.419404 0.271777 0.01684999 0.9622128</float_array>
          <technique_common>
            <accessor source="#Pot_low_cell_006-mesh-normals-array" count="94" stride="3">
              <param name="X" type="float"/>
              <param name="Y" type="float"/>
              <param name="Z" type="float"/>
            </accessor>
          </technique_common>
        </source>
        <source id="Pot_low_cell_006-mesh-map-0">
          <float_array id="Pot_low_cell_006-mesh-map-0-array" count="774">0.4592897 0.3900247 0.5905312 0.3947464 0.4452662 0.4149703 0.6457483 0.2332434 0.6116685 0.3304542 0.4368322 0.3840935 0.02624493 0.6986373 0.02037864 0.6746815 0.06350666 0.6831467 0.04197639 0.7077299 0.02624493 0.6986373 0.06350666 0.6831467 0.903101 0.571395 0.886353 0.5641269 0.9042764 0.5633631 0.8760926 0.6123857 0.8799053 0.6621393 0.8632588 0.6558892 0.8594499 0.6076155 0.8289458 0.6411335 0.8378555 0.6014097 0.8594499 0.6076155 0.8471778 0.5681086 0.8691937 0.5653622 0.8632588 0.6558892 0.8594499 0.6076155 0.8760926 0.6123857 0.8857089 0.5684263 0.8594499 0.6076155 0.8691937 0.5653622 0.903101 0.571395 0.8760926 0.6123857 0.8857089 0.5684263 0.8482592 0.6494208 0.8345112 0.6612806 0.8289458 0.6411335 0.8482592 0.6494208 0.8586356 0.668559 0.8428741 0.6642909 0.8632588 0.6558892 0.8753523 0.6738029 0.8586356 0.668559 0.903101 0.571395 0.914245 0.5630004 0.9127483 0.5733146 0.920105 0.5746866 0.9142451 0.5630004 0.9218945 0.5622596 0.8930998 0.616614 0.888837 0.6654788 0.8799053 0.6621393 0.8930998 0.616614 0.9127483 0.5733146 0.9024856 0.619244 0.8799053 0.6621393 0.884282 0.6771656 0.8753523 0.6738029 0.9024856 0.619244 0.8956931 0.6679043 0.888837 0.6654788 0.9024856 0.619244 0.920105 0.5746866 0.9096603 0.6211623 0.888837 0.6654788 0.8909115 0.6801787 0.884282 0.6771656 0.9266618 0.5758486 0.9287273 0.5613951 0.9351385 0.5604007 0.9266618 0.5758486 0.9218945 0.5622596 0.9287273 0.5613951 0.9096603 0.6211623 0.9018338 0.6699961 0.8956931 0.6679043 0.9266618 0.5758486 0.9096603 0.6211623 0.920105 0.5746866 0.8956931 0.6679043 0.8967357 0.6830871 0.8909115 0.6801787 0.9745182 0.5841213 0.9644648 0.5554303 0.9787976 0.5527047 0.9486301 0.5795575 0.942297 0.5592146 0.9516871 0.5575409 0.9396519 0.5780467 0.9351385 0.5604007 0.942297 0.5592146 0.9608668 0.581687 0.9516872 0.5575409 0.9644648 0.5554303 0.9140537 0.6739881 0.9375671 0.6282476 0.9225694 0.6766613 0.9396519 0.5780467 0.9375671 0.6282476 0.9287695 0.6260263 0.9396519 0.5780467 0.9220642 0.6243507 0.9327979 0.5769096 0.9140537 0.6739881 0.9220642 0.6243507 0.9287695 0.6260263 0.9225694 0.6766613 0.9078059 0.6900513 0.9140537 0.6739881 0.9140537 0.6739881 0.9019975 0.6862912 0.9075947 0.6719147 0.9342663 0.6803381 0.9630215 0.6349971 0.9474866 0.6844944 0.9225694 0.6766613 0.9495772 0.6313788 0.9342663 0.6803381 0.9486301 0.5795575 0.9495772 0.6313788 0.9375671 0.6282476 0.9608668 0.581687 0.9630215 0.6349971 0.9495772 0.6313788 0.9342663 0.6803381 0.9153894 0.6951822 0.9225694 0.6766613 0.9474866 0.6844944 0.9256175 0.7028512 0.9342663 0.6803381 0.9913986 0.5864621 0.9787976 0.5527046 0.9952185 0.5477912 0.978902 0.638264 0.9474866 0.6844944 0.9630215 0.6349971 0.9745182 0.5841213 0.978902 0.638264 0.9630215 0.6349971 0.9369345 0.7124449 0.9631628 0.6883938 0.9492051 0.7256359 0.8045316 0.2081524 0.8561066 0.2398535 0.8391707 0.2540292 0.8880899 0.1846367 0.8191491 0.185368 0.8324941 0.1615906 0.8561066 0.2398535 0.8191491 0.185368 0.8726887 0.2134034 0.8880899 0.1846367 0.8377999 0.1503357 0.8984566 0.1594891 0.8191491 0.185368 0.8045316 0.2081524 0.7985509 0.2043247 0.8191491 0.185368 0.8075271 0.1634396 0.8324941 0.1615906 0.8324941 0.1615906 0.8340502 0.1489788 0.8377999 0.1503357 0.7774543 0.1600152 0.7998889 0.1754994 0.7946853 0.1841571 0.8075271 0.1634396 0.7998889 0.1754994 0.7774543 0.1600152 0.8744947 0.4606156 0.9374548 0.5164499 0.9449442 0.5476709 0.9449442 0.5476709 0.9418662 0.5864009 0.7360745 0.4141877 0.9418662 0.5864009 0.8964815 0.6261454 0.7360745 0.4141877 0.8201358 0.6575899 0.7322364 0.6945443 0.4452662 0.4149703 0.8964815 0.6261454 0.8201358 0.6575899 0.5905312 0.3947464 0.5905312 0.3947464 0.8201358 0.6575899 0.4452662 0.4149703 0.817978 0.4350659 0.8744947 0.4606156 0.9449442 0.5476709 0.5905312 0.3947464 0.7360745 0.4141877 0.8964815 0.6261454 0.7360745 0.4141877 0.817978 0.4350659 0.9449442 0.5476709 0.3921918 0.3921918 0.4592897 0.3900247 0.4452662 0.4149703 0.3949028 0.1481764 0.4062272 0 0.4126681 0.06941169 0.4179316 0.1173809 0.6958278 0 0.6699811 0.1193981 0.3949028 0.1481764 0.4126681 0.06941169 0.4179316 0.1173809 0.4368322 0.3840935 0.4088376 0.2784325 0.4179316 0.1173809 0.4088376 0.2784325 0.3949028 0.1481764 0.4179316 0.1173809 0.4368322 0.3840935 0.4179316 0.1173809 0.6457483 0.2332434 0.4895664 0.4453869 0.4618732 0.4296106 0.5756806 0.3876006 0.4618732 0.4296106 0.4368322 0.3840935 0.5756806 0.3876006 0.5459972 0.4245606 0.5177327 0.4469879 0.4895664 0.4453869 0.6116685 0.3304542 0.5756806 0.3876006 0.4368322 0.3840935 0.5756806 0.3876006 0.5459972 0.4245606 0.4895664 0.4453869 0.6699811 0.1193981 0.6457483 0.2332434 0.4179316 0.1173809 0.04197639 0.7077299 0.03319078 0.7155519 0.02624493 0.6986373 0.8760926 0.6123857 0.8930998 0.616614 0.8799053 0.6621393 0.8594499 0.6076155 0.8482592 0.6494208 0.8289458 0.6411335 0.8594499 0.6076155 0.8378555 0.6014097 0.8471778 0.5681086 0.8632588 0.6558892 0.8482592 0.6494208 0.8594499 0.6076155 0.8857089 0.5684263 0.8760926 0.6123857 0.8594499 0.6076155 0.903101 0.571395 0.8930998 0.616614 0.8760926 0.6123857 0.8482592 0.6494208 0.8428742 0.664291 0.8345112 0.6612806 0.8482592 0.6494208 0.8632588 0.6558892 0.8586356 0.668559 0.8632588 0.6558892 0.8799053 0.6621393 0.8753523 0.6738029 0.903101 0.571395 0.9042764 0.5633631 0.914245 0.5630004 0.920105 0.5746866 0.9127483 0.5733146 0.9142451 0.5630004 0.8930998 0.616614 0.9024856 0.619244 0.888837 0.6654788 0.8930998 0.616614 0.903101 0.571395 0.9127483 0.5733146 0.8799053 0.6621393 0.888837 0.6654788 0.884282 0.6771656 0.9024856 0.619244 0.9096603 0.6211623 0.8956931 0.6679043 0.9024856 0.619244 0.9127483 0.5733146 0.920105 0.5746866 0.888837 0.6654788 0.8956931 0.6679043 0.8909115 0.6801787 0.9266618 0.5758486 0.920105 0.5746866 0.9218945 0.5622596 0.9096603 0.6211623 0.9160665 0.6228162 0.9018338 0.6699961 0.9266618 0.5758486 0.9160665 0.6228162 0.9096603 0.6211623 0.8956931 0.6679043 0.9018338 0.6699961 0.8967357 0.6830871 0.9745182 0.5841213 0.9608668 0.581687 0.9644648 0.5554303 0.9486301 0.5795575 0.9396519 0.5780467 0.942297 0.5592146 0.9396519 0.5780467 0.9327979 0.5769096 0.9351385 0.5604007 0.9608668 0.581687 0.9486301 0.5795575 0.9516872 0.5575409 0.9140537 0.6739881 0.9287695 0.6260263 0.9375671 0.6282476 0.9396519 0.5780467 0.9486301 0.5795575 0.9375671 0.6282476 0.9396519 0.5780467 0.9287695 0.6260263 0.9220642 0.6243507 0.9140537 0.6739881 0.9075947 0.6719147 0.9220642 0.6243507 0.9225694 0.6766613 0.9153895 0.6951822 0.9078059 0.6900513 0.9140537 0.6739881 0.9078059 0.6900513 0.9019975 0.6862912 0.9342663 0.6803381 0.9495772 0.6313788 0.9630215 0.6349971 0.9225694 0.6766613 0.9375671 0.6282476 0.9495772 0.6313788 0.9486301 0.5795575 0.9608668 0.581687 0.9495772 0.6313788 0.9608668 0.581687 0.9745182 0.5841213 0.9630215 0.6349971 0.9342663 0.6803381 0.9256175 0.7028512 0.9153894 0.6951822 0.9474866 0.6844944 0.9369346 0.7124449 0.9256175 0.7028512 0.9913986 0.5864621 0.9745182 0.5841213 0.9787976 0.5527046 0.978902 0.638264 0.9631628 0.6883938 0.9474866 0.6844944 0.9745182 0.5841213 0.9913986 0.5864621 0.978902 0.638264 0.9369345 0.7124449 0.9474866 0.6844944 0.9631628 0.6883938 0.8880899 0.1846367 0.8726887 0.2134034 0.8191491 0.185368 0.8561066 0.2398535 0.8045316 0.2081524 0.8191491 0.185368 0.8880899 0.1846367 0.8324941 0.1615906 0.8377999 0.1503357 0.7985509 0.2043247 0.7926203 0.1973368 0.8191491 0.185368 0.7926203 0.1973368 0.7946853 0.1841571 0.8191491 0.185368 0.7946853 0.1841571 0.7998889 0.1754994 0.8191491 0.185368 0.7998889 0.1754994 0.8075271 0.1634396 0.8191491 0.185368 0.8075271 0.1634396 0.8156712 0.1555984 0.8324941 0.1615906 0.8324941 0.1615906 0.8156712 0.1555984 0.8340502 0.1489788</float_array>
          <technique_common>
            <accessor source="#Pot_low_cell_006-mesh-map-0-array" count="387" stride="2">
              <param name="S" type="float"/>
              <param name="T" type="float"/>
            </accessor>
          </technique_common>
        </source>
        <vertices id="Pot_low_cell_006-mesh-vertices">
          <input semantic="POSITION" source="#Pot_low_cell_006-mesh-positions"/>
        </vertices>
        <triangles material="PorcelinPot-material" count="129">
          <input semantic="VERTEX" source="#Pot_low_cell_006-mesh-vertices" offset="0"/>
          <input semantic="NORMAL" source="#Pot_low_cell_006-mesh-normals" offset="1"/>
          <input semantic="TEXCOORD" source="#Pot_low_cell_006-mesh-map-0" offset="2" set="0"/>
          <p>77 0 0 78 0 1 75 0 2 83 1 3 84 1 4 90 1 5 1 2 6 0 3 7 42 4 8 40 5 9 1 2 10 42 4 11 7 6 12 95 7 13 67 8 14 6 9 15 11 10 16 5 11 17 4 12 18 0 3 19 1 2 20 4 12 21 93 13 22 65 14 23 5 11 24 4 12 25 6 9 26 95 7 27 4 12 28 65 14 29 7 6 30 6 9 31 95 7 32 3 15 33 43 16 34 0 3 35 3 15 36 51 17 37 53 18 38 5 11 39 48 19 40 51 17 41 7 6 42 62 20 43 8 21 44 9 22 45 62 20 46 63 23 47 10 24 48 13 25 49 11 10 50 10 24 51 8 21 52 12 26 53 11 10 54 50 27 55 48 19 56 12 26 57 15 28 58 13 25 59 12 26 60 9 22 61 14 29 62 13 25 63 46 30 64 50 27 65 16 31 66 58 32 67 57 33 68 16 31 69 63 23 70 58 32 71 14 29 72 17 34 73 15 28 74 16 31 75 14 29 76 9 22 77 15 28 78 45 35 79 46 30 80 28 36 81 61 37 82 64 38 83 19 39 84 59 40 85 60 41 86 18 42 87 57 33 88 59 40 89 20 43 90 60 41 91 61 37 92 23 44 93 24 45 94 25 46 95 18 42 96 24 45 97 22 47 98 18 42 99 21 48 100 16 31 101 23 44 102 21 48 103 22 47 104 25 46 105 49 49 106 23 44 107 23 44 108 45 35 109 17 34 110 27 50 111 29 51 112 30 52 113 25 46 114 26 53 115 27 50 116 19 39 117 26 53 118 24 45 119 20 43 120 29 51 121 26 53 122 27 50 123 47 54 124 25 46 125 30 52 126 55 55 127 27 50 128 31 56 129 64 38 130 37 57 131 33 58 132 30 52 133 29 51 134 28 36 135 33 58 136 29 51 137 56 59 138 32 60 139 54 61 140 91 62 141 31 56 142 37 57 143 32 60 144 35 63 145 36 64 146 31 56 147 35 63 148 33 58 149 32 60 150 52 65 151 54 61 152 35 63 153 91 62 154 66 66 155 35 63 156 44 67 157 36 64 158 36 64 159 43 16 160 52 65 161 41 68 162 1 69 163 39 70 164 44 67 165 1 69 166 41 68 167 69 71 168 68 71 169 71 71 170 71 72 171 70 72 172 79 72 173 70 73 174 72 73 175 79 73 176 73 74 177 74 74 178 75 74 179 72 75 180 73 75 181 78 75 182 78 76 183 73 76 184 75 76 185 80 77 186 69 77 187 71 77 188 78 78 189 79 78 190 72 78 191 79 79 192 80 79 193 71 79 194 76 80 195 77 80 196 75 80 197 96 81 198 38 81 199 92 81 200 34 82 201 81 82 202 82 82 203 96 83 204 92 83 205 34 83 206 90 84 207 2 84 208 34 84 209 2 85 210 96 85 211 34 85 212 90 86 213 34 86 214 83 86 215 88 87 216 89 87 217 85 87 218 89 88 219 90 88 220 85 88 221 86 89 222 87 89 223 88 89 224 84 90 225 85 90 226 90 90 227 85 91 228 86 91 229 88 91 230 82 92 231 83 92 232 34 92 233 40 5 234 93 13 235 1 2 236 6 9 237 10 24 238 11 10 239 4 12 240 3 15 241 0 3 242 4 12 243 1 2 244 93 13 245 5 11 246 3 15 247 4 12 248 95 7 249 6 9 250 4 12 251 7 6 252 10 24 253 6 9 254 3 15 255 53 18 256 43 16 257 3 15 258 5 11 259 51 17 260 5 11 261 11 10 262 48 19 263 7 6 264 67 8 265 62 20 266 9 22 267 8 21 268 62 20 269 10 24 270 12 26 271 13 25 272 10 24 273 7 6 274 8 21 275 11 10 276 13 25 277 50 27 278 12 26 279 14 29 280 15 28 281 12 26 282 8 21 283 9 22 284 13 25 285 15 28 286 46 30 287 16 31 288 9 22 289 63 23 290 14 29 291 21 48 292 17 34 293 16 31 294 21 48 295 14 29 296 15 28 297 17 34 298 45 35 299 28 36 300 20 43 301 61 37 302 19 39 303 18 42 304 59 40 305 18 42 306 16 31 307 57 33 308 20 43 309 19 39 310 60 41 311 23 44 312 22 47 313 24 45 314 18 42 315 19 39 316 24 45 317 18 42 318 22 47 319 21 48 320 23 44 321 17 34 322 21 48 323 25 46 324 47 54 325 49 49 326 23 44 327 49 49 328 45 35 329 27 50 330 26 53 331 29 51 332 25 46 333 24 45 334 26 53 335 19 39 336 20 43 337 26 53 338 20 43 339 28 36 340 29 51 341 27 50 342 55 55 343 47 54 344 30 52 345 56 59 346 55 55 347 31 56 348 28 36 349 64 38 350 33 58 351 32 60 352 30 52 353 28 36 354 31 56 355 33 58 356 56 59 357 30 52 358 32 60 359 32 60 360 33 58 361 35 63 362 31 56 363 91 62 364 35 63 365 32 60 366 36 64 367 52 65 368 66 66 369 94 93 370 35 63 371 94 93 372 39 70 373 35 63 374 39 70 375 1 69 376 35 63 377 1 69 378 44 67 379 35 63 380 44 67 381 0 3 382 36 64 383 36 64 384 0 3 385 43 16 386</p>
        </triangles>
      </mesh>
    </geometry>
    <geometry id="Pot_low_cell_005-mesh" name="Pot_low_cell.005">
      <mesh>
        <source id="Pot_low_cell_005-mesh-positions">
          <float_array id="Pot_low_cell_005-mesh-positions-array" count="375">-0.004248201 0.01559376 -0.001883387 0.019993 -3.04523e-4 -6.88247e-4 -0.009412527 -3.0681e-4 -6.88247e-4 0.02399659 -0.01262474 0.001513004 -0.0134142 -0.01262766 0.001513004 0.02804023 -0.02506828 0.006160199 -0.01745587 -0.02507197 0.006160199 0.03003859 -0.03121775 0.01031869 0.03110671 -0.03450465 0.01491874 -0.01945322 -0.03122156 0.01031869 -0.02052086 -0.03450876 0.01491874 0.03171586 -0.03637915 0.01959782 -0.02112972 -0.03638327 0.01959782 0.03089815 -0.03386282 0.02922642 -0.02031242 -0.03386694 0.02922642 0.02972084 -0.03023993 0.03520679 0.02718222 -0.02242773 0.0408715 -0.01913571 -0.03024393 0.03520679 -0.01659822 -0.02243125 0.0408715 -0.01331716 -0.01232904 0.04490089 0.01885533 0.003196418 0.003028929 -0.008275389 0.003194153 0.003028929 -0.02200919 0.05681174 -0.05957406 -0.02013987 0.06273984 -0.07325333 0.01497733 0.015693 -0.004126191 0.0125873 0.01835006 -0.007709145 -0.01594996 0.06321561 -0.07754051 0.01903855 0.01117813 0.001962065 0.02363318 0.006070196 0.008850038 0.04882031 -0.01639205 0.03520679 0.04313451 -0.01560974 0.0380851 0.02565139 0.008123874 0.003028929 0.02089804 0.01991522 -0.01749205 0.01998656 0.02257114 -0.02260714 0.03271466 0.006827116 -3.85731e-4 0.0494138 -0.02354735 0.01959782 0.04750549 -0.02261477 0.01491874 0.05053693 -0.02203798 0.02429401 0.04516136 -0.02025306 0.01031869 0.05127477 -0.01908886 0.02922642 0.01404029 0.01801353 -0.04423022 0.04201215 -0.01493805 0.006160199 0.03668701 -0.003423631 0.001513004 -1.94611e-4 0.01522481 -0.08830219 -0.004384458 0.01517421 -0.1000743 -0.009312808 0.02158361 -0.1030557 -0.02164644 0.05029422 -0.07713407 -0.02433282 0.04944473 -0.04268169 -0.0201677 0.0278331 -0.001664161 -0.0153554 0.001311838 0.04890412 -0.009675323 -0.001116156 0.04946047 -0.009042561 0.02256685 4.71123e-4 -0.01601147 0.004829287 0.04221123 0.001868486 0.01842463 4.71123e-4 0.01933771 0.001711845 0.02111417 0.03760457 -0.01487106 0.0408715 0.02452439 -0.01187306 0.04490089 -0.01800709 0.0280267 -0.09082317 -0.02339118 0.04495114 -0.0775848 -0.04760867 -0.01648998 0.02429401 -0.04968106 -0.01568233 0.01959782 -0.04447245 -0.01634991 0.02922642 -0.03978699 -0.0152707 0.03520679 -0.032265 -0.01107221 0.0408715 -0.04651522 -0.00400269 0.006160199 -0.04935991 -0.009538054 0.01031869 -0.05003178 -0.013112 0.01491874 -0.02371484 -0.004790186 0.04490089 -0.03152608 0.01572644 -6.88247e-4 -0.02773439 0.01730293 0.003028929 -0.03941375 0.006223142 0.001513004 -0.02464777 0.02320194 -0.001312196 -0.02577483 0.04495114 -0.03788 -0.007528841 0.01741844 -0.1068105 0.01903855 0.01117813 0.001962065 0.02565139 0.008123874 0.003028929 0.02363318 0.006070196 0.008850038 0.04882031 -0.01639205 0.03520679 0.04313451 -0.01560974 0.0380851 0.01497733 0.015693 -0.004126191 0.02089804 0.01991522 -0.01749205 0.02089804 0.01991522 -0.01749205 0.02089804 0.01991522 -0.01749205 0.0494138 -0.02354735 0.01959782 0.04750549 -0.02261477 0.01491874 0.04516136 -0.02025306 0.01031869 0.04201215 -0.01493805 0.006160199 0.03668701 -0.003423631 0.001513004 0.03271466 0.006827116 -3.85731e-4 0.05053693 -0.02203798 0.02429401 0.05127477 -0.01908886 0.02922642 0.01998656 0.02257114 -0.02260714 0.01404029 0.01801353 -0.04423022 -0.0153554 0.001311838 0.04890412 -0.009675323 -0.001116156 0.04946047 -0.009675323 -0.001116156 0.04946047 -0.009675323 -0.001116156 0.04946047 0.03760457 -0.01487106 0.0408715 0.02452439 -0.01187306 0.04490089 0.01933771 0.001711845 0.02111417 -0.02200919 0.05681174 -0.05957406 -0.02433282 0.04944473 -0.04268169 0.0125873 0.01835006 -0.007709145 0.001868486 0.01842463 4.71123e-4 -0.009312808 0.02158361 -0.1030557 -0.01800709 0.0280267 -0.09082317 -0.02577483 0.04495114 -0.03788 -0.02577483 0.04495114 -0.03788 -0.04651522 -0.00400269 0.006160199 -0.04935991 -0.009538054 0.01031869 -0.05003178 -0.013112 0.01491874 -0.04968106 -0.01568233 0.01959782 -0.04760867 -0.01648998 0.02429401 -0.04447245 -0.01634991 0.02922642 -0.03978699 -0.0152707 0.03520679 -0.032265 -0.01107221 0.0408715 -0.02371484 -0.004790186 0.04490089 -0.01601147 0.004829287 0.04221123 -0.02773439 0.01730293 0.003028929 -0.03152608 0.01572644 -6.88247e-4 -0.02464777 0.02320194 -0.001312196 -0.03941375 0.006223142 0.001513004 -0.007528841 0.01741844 -0.1068105 -0.0201677 0.0278331 -0.001664161 -0.0201677 0.0278331 -0.001664161</float_array>
          <technique_common>
            <accessor source="#Pot_low_cell_005-mesh-positions-array" count="125" stride="3">
              <param name="X" type="float"/>
              <param name="Y" type="float"/>
              <param name="Z" type="float"/>
            </accessor>
          </technique_common>
        </source>
        <source id="Pot_low_cell_005-mesh-normals">
          <float_array id="Pot_low_cell_005-mesh-normals-array" count="396">0.3260892 0.8503226 0.4130588 0.3260893 0.8503227 0.4130585 0.7868791 0.6154336 0.04542118 0.9043328 0.2929384 -0.3104341 0.3228635 0.8504572 0.4153093 -0.6524395 0.6411386 0.4040592 -0.6575787 0.6384361 0.3999871 0.4832199 -0.8733137 -0.06182211 0.03260028 -0.7067171 -0.7067448 0.1867234 -0.980511 -0.0610972 0.1393207 -0.9901888 0.01076215 0.01845961 -0.9998165 0.005134046 0.1575205 -0.9874476 0.01160413 -0.9774596 0.2044415 -0.05269151 -0.9669494 0.2482724 -0.05805104 -0.9697772 0.237309 -0.05671584 -0.9543073 -0.2953262 -0.0456081 -0.9383715 -0.3445295 -0.02754127 -0.9635292 -0.2612766 -0.05784577 -0.08267945 -0.2549736 -0.9634068 -0.2659317 -0.3667802 -0.891489 -0.1556544 -0.2146831 -0.9642006 -0.04018634 -0.1218828 -0.9917306 -0.07179886 -0.09902721 -0.9924911 -0.04092913 -0.04654711 -0.9980773 0.1100254 -0.1546177 -0.9818289 0.04283398 -0.1643824 -0.9854663 -0.03945887 -0.3406263 -0.9393705 0.2639448 -0.3640393 -0.8932013 0.0826953 -0.254967 -0.9634072 0.1479209 -0.204016 -0.9677278 0.14155 -0.4363957 -0.8885508 -0.1415204 -0.4364117 -0.8885477 -0.3995515 -0.5510742 -0.7325817 0.4099168 -0.5653672 -0.7157711 0.2156312 -0.6647033 -0.7153131 -0.2155751 -0.6647207 -0.7153139 0.5178434 -0.714222 -0.4708771 -0.50801 -0.7006632 -0.5009961 -0.2692787 -0.8302494 -0.4880319 -0.5758515 -0.7942303 -0.19389 -0.3069457 -0.9497356 -0.06153583 -0.5617169 -0.7986494 0.2159475 0.3021736 -0.9509974 -0.06553739 0.5847269 -0.8064695 -0.08775871 0.2693405 -0.8302258 -0.4880377 0.5611727 -0.7802553 0.2762008 -0.1090796 -0.3393619 0.9343101 -0.2959701 -0.4082078 0.8635787 -0.1489718 -0.4593735 0.8756618 -0.2834047 -0.8738134 0.3951353 -0.4509026 -0.6218954 0.6402601 -0.5215169 -0.7507607 0.4054363 0.2276761 -0.701828 0.6749823 0.5227477 -0.7209868 0.4548768 0.4553719 -0.6280625 0.6310103 0.2763803 -0.8742226 0.3991854 -0.2276228 -0.7018463 0.6749813 0.07451713 -0.3416654 0.9368629 0.147548 -0.4575985 0.8768314 0.3107298 -0.4285665 0.8483973 0.3445004 -0.4751447 0.8096649 -0.2210666 -0.304898 0.9263729 -0.2189089 -0.3019223 0.9278588 -0.1121897 -0.3428235 0.9326766 -0.2398132 0.7400797 0.6283087 -0.5850217 0.806878 0.08183878 -0.4395417 0.6062279 0.6627902 0.615756 0.7829056 0.08890134 0.2444391 0.7534754 0.6103477 0.3478667 0.5965992 0.7232277 -0.09726005 0.9912555 0.08918035 -0.0548076 0.133526 0.9895287 -0.3078368 0.8110595 0.4974124 0.6018679 0.7460243 0.2849612 0.08436292 0.5222942 0.8485822 -0.2050043 0.9784952 -0.02281415 -0.3868922 0.9195852 0.06839239 -0.3570536 0.9338054 -0.02281099 0.6769307 0.7360446 -0.001827895 0.6095708 0.7925602 0.01649296 0.6197748 0.7846583 0.0138098 0.9628666 -0.1276924 -0.2378712 0.322865 0.8504568 0.415309 0.6524397 -0.6411386 -0.4040592 0.3228651 0.8504568 0.4153086 -0.7041274 0.2847929 -0.6504595 0.3556298 0.8358477 0.4181938 0.3260889 0.8503226 0.4130587 0.3380378 0.8508952 0.4021291 0.3449189 0.8541989 0.3890697 0.9043311 0.292944 -0.3104338 0.9043316 0.2929413 -0.3104349 0.9043313 0.2929431 -0.310434 0.9043319 0.2929411 -0.3104342 0.9043313 0.2929429 -0.3104342 -0.6575798 0.638435 0.3999871 -0.6575782 0.6384369 0.3999866 -0.6575776 0.6384378 0.3999862 -0.6575787 0.6384361 0.3999871 -0.6575781 0.638437 0.3999866 -0.6575793 0.6384355 0.399987 -0.6575787 0.6384363 0.399987 -0.6575787 0.6384363 0.3999868 -0.6575782 0.6384368 0.3999868 -0.6336895 0.6454202 0.4264628 -0.6575786 0.6384364 0.3999868 -0.6575785 0.6384364 0.3999868 -0.6575785 0.6384366 0.3999867 7.84509e-5 -0.9999909 0.00427258 -0.9800894 0.1918575 -0.05114227 -0.9787274 0.1849255 -0.08885622 -0.9871087 0.1423226 -0.07321697 -0.9575483 0.2632452 -0.1174877 -0.9381129 0.3179175 -0.1373783 -0.9343479 -0.3555923 -0.02341449 -0.04134356 -0.03588759 -0.9985003 0.3426301 0.9344415 0.09707713 -0.003667294 0.7420701 0.6703123 0.3030012 0.8667826 0.3960788 0.6847819 0.7287368 -0.004064023 0.6749003 -0.6701138 0.3089614 0.6565745 -0.5683774 -0.4958398 0.7820512 0.6216779 0.04373472 0.737156 0.6510218 0.1810292 0.9774206 -0.202992 0.05867975 0.322865 0.8504567 0.4153091 0.3228651 0.8504566 0.4153093 0.3228654 0.8504567 0.4153089 0.9508252 -0.3096986 -0.004276514 -0.4472136 0.7155418 0.5366563 -0.6628375 -0.7462934 0.06076794</float_array>
          <technique_common>
            <accessor source="#Pot_low_cell_005-mesh-normals-array" count="132" stride="3">
              <param name="X" type="float"/>
              <param name="Y" type="float"/>
              <param name="Z" type="float"/>
            </accessor>
          </technique_common>
        </source>
        <source id="Pot_low_cell_005-mesh-map-0">
          <float_array id="Pot_low_cell_005-mesh-map-0-array" count="828">0.390714 0 0.4115713 0 0.6984991 0.2589671 1 0.6681427 0.353488 0 0.3750066 0 0.5583023 0.5583023 0.3608177 0.3608177 1 0.3446924 0.3610847 0.3400151 0.3864467 0.3378693 0.463446 0.3802193 0.3743754 0.3114302 0.3464624 0.3464624 0.3062515 0.3062515 1 0.6300218 1 0.8564956 0.9834342 0.8165128 0.9317328 0.5359829 0.9621515 0.5825102 0.9020494 0.5383645 0.07624238 0.767408 0.0565685 0.7653141 0.1036174 0.7455763 0.2184976 0.6714152 0.2210218 0.6773899 0.2277408 0.6932935 0.111198 0.6633203 0.06816941 0.6812083 0.07149624 0.6733376 0.1373205 0.6787758 0.06816941 0.6812083 0.111198 0.6633203 0.8923313 0.5242179 0.9045165 0.5617224 0.8866499 0.562145 0.8758215 0.5226704 0.8696687 0.5623027 0.8557788 0.5626943 0.8774136 0.4599311 0.878903 0.4798254 0.8618119 0.4772045 0.878903 0.4798254 0.854943 0.5204727 0.8603566 0.4799369 0.9112191 0.4618508 0.8950252 0.4796558 0.8937687 0.461044 0.878903 0.4798254 0.8937686 0.461044 0.8950252 0.4796558 0.8758215 0.5226704 0.8866499 0.562145 0.8696688 0.5623027 0.878903 0.4798254 0.8923313 0.5242179 0.8758215 0.5226704 0.9120333 0.4794462 0.8923313 0.5242179 0.8950252 0.4796558 0.9097929 0.5256678 0.9144659 0.5614788 0.9045165 0.5617224 0.9120333 0.4794462 0.9209426 0.4615708 0.9218215 0.4794493 0.9097929 0.5256678 0.9218215 0.4794493 0.919509 0.5267261 0.9282949 0.4605488 0.9218215 0.4794493 0.9209426 0.4615708 0.9221073 0.5607814 0.919509 0.5267261 0.9269073 0.5274494 0.9218215 0.4794493 0.9269073 0.5274494 0.919509 0.5267261 0.928937 0.5599279 0.9396499 0.5285822 0.9353527 0.5588905 0.9269073 0.5274494 0.928937 0.5599279 0.9221073 0.5607814 0.935862 0.4793651 0.9282949 0.4605488 0.9348052 0.4592224 0.9292538 0.4794135 0.933493 0.5280457 0.9269073 0.5274494 0.935862 0.4793651 0.9348052 0.4592224 0.9408589 0.457305 0.9815776 0.5322949 0.9647439 0.5533942 0.9678117 0.531006 0.9465208 0.5291432 0.9519274 0.5558103 0.9425204 0.5576241 0.9579129 0.4792869 0.9523651 0.4527246 0.9565779 0.4548556 0.9489057 0.4792838 0.9408589 0.457305 0.9475859 0.4547882 0.9489057 0.4792838 0.9555254 0.5298985 0.9465208 0.5291432 0.9396499 0.5285822 0.9489057 0.4792838 0.9465208 0.5291432 0.9396499 0.5285822 0.9425204 0.5576241 0.9353527 0.5588905 0.9839643 0.4798764 0.9702014 0.4794659 0.9693631 0.464292 0.9579129 0.4792869 0.9630327 0.4589512 0.9693631 0.464292 0.9555254 0.5298985 0.9647439 0.5533942 0.9519274 0.5558103 0.9579129 0.4792869 0.9678117 0.531006 0.9555254 0.5298985 0.9702014 0.4794659 0.9815776 0.5322949 0.9678117 0.531006 0.9815776 0.5322949 0.9931328 0.5445869 0.9791429 0.5501691 0.9818111 0.5271661 0.9815776 0.5322949 0.9839509 0.4801703 0.773426 0.2512388 0.7756459 0.260531 0.7683103 0.2576628 0.8356935 0.2524901 0.789403 0.2301967 0.8027977 0.2106789 0.789403 0.2301967 0.8207914 0.2890332 0.8210905 0.288634 0.7642318 0.2434474 0.773426 0.2512388 0.7683103 0.2576628 0.773426 0.2512388 0.7752395 0.2488505 0.7834292 0.2380643 0.7787627 0.2093357 0.7907655 0.1994103 0.8027977 0.2106789 0.7490596 0.2315733 0.7276746 0.2288846 0.7121704 0.2040941 0.6911364 0.1292137 0.7809857 0.1926833 0.7730529 0.2179257 0.7798523 0.6949963 0.6644257 0.6644257 0.6472373 0.6472373 1 0.3714824 1 0.5470611 0.8682727 0.4733576 0.813483 0.8075625 0.8564958 0.8564958 0.6668229 0.6316868 1 0.5884287 1 0.646512 0.8292149 0.5973203 3.33161e-5 0 0.3509916 0.3168377 0.09335392 0.09335392 0.6984991 0.2589671 0.4529389 0 1 0.5583023 0.4529389 0 0.6285176 0 1 0.3608176 1 0.5583023 0.4529389 0 1 0.3608176 1 0.5583023 0.390714 0 0.6984991 0.2589671 0.4112523 0.3420277 0.4372024 0.3578067 0.3864467 0.3378693 0.4372024 0.3578067 0.463446 0.3802193 0.3864467 0.3378693 0.463446 0.3802193 0.4887821 0.415667 0.3610847 0.3400151 0.4887821 0.415667 0.5199206 0.4819036 0.3610847 0.3400151 0.5199206 0.4819036 0.5354536 0.5354536 0.3610847 0.3400151 0.7664164 0.4060554 0.7382483 0.3621385 0.7645264 0.266204 0.7382483 0.3621385 0.728524 0.3279656 0.7645264 0.266204 0.7645264 0.266204 0.728524 0.3279656 0.7415514 0.2803953 0.728524 0.3279656 0.727589 0.2992252 0.7415514 0.2803953 0.7645264 0.266204 0.8000294 0.254137 0.7664164 0.4060554 0.8000294 0.254137 0.8603674 0.260659 0.7664164 0.4060554 0.8603674 0.260659 0.9309983 0.2839242 1 0.3464623 0.8318663 0.4779668 1 0.3464623 0.9317328 0.5359829 0.9309983 0.2839242 1 0.3062514 1 0.3464623 0.9317328 0.5359829 1 0.6100191 0.9621515 0.5825102 0.8603674 0.260659 1 0.3464623 0.8318663 0.4779668 0.9020494 0.5383645 0.8318663 0.4779668 0.9317328 0.5359829 0.8318663 0.4779668 0.7664164 0.4060554 0.8603674 0.260659 0.2277408 0.6932935 0.2265149 0.6903921 0.2184976 0.6714152 0.2184976 0.6714152 0.2184355 0.6712683 0.2210218 0.6773899 0.07149624 0.6733376 0.08747667 0.6561096 0.111198 0.6633203 0.08747667 0.6561096 0.1004559 0.642246 0.1059674 0.6529742 0.111198 0.6633203 0.08747667 0.6561096 0.1059674 0.6529742 0.1373205 0.6787758 0.03767907 0.7161762 0.06816941 0.6812083 0.8923313 0.5242179 0.9097929 0.5256678 0.9045165 0.5617224 0.8557788 0.5626943 0.8482123 0.5611895 0.854943 0.5204727 0.854943 0.5204727 0.8758215 0.5226704 0.8557788 0.5626943 0.878903 0.4798254 0.8758215 0.5226704 0.854943 0.5204727 0.9112191 0.4618508 0.9120333 0.4794462 0.8950252 0.4796558 0.878903 0.4798254 0.8795327 0.4584238 0.8937686 0.461044 0.8758215 0.5226704 0.8923313 0.5242179 0.8866499 0.562145 0.878903 0.4798254 0.8950252 0.4796558 0.8923313 0.5242179 0.9120333 0.4794462 0.9097929 0.5256678 0.8923313 0.5242179 0.9097929 0.5256678 0.919509 0.5267261 0.9144659 0.5614788 0.9120333 0.4794462 0.9112191 0.4618508 0.9209426 0.4615708 0.9097929 0.5256678 0.9120333 0.4794462 0.9218215 0.4794493 0.9282949 0.4605488 0.9292538 0.4794135 0.9218215 0.4794493 0.9221073 0.5607814 0.9144659 0.5614789 0.919509 0.5267261 0.9218215 0.4794493 0.9292538 0.4794135 0.9269073 0.5274494 0.9269073 0.5274494 0.933493 0.5280457 0.928937 0.5599279 0.935862 0.4793651 0.9292538 0.4794135 0.9282949 0.4605488 0.9292538 0.4794135 0.935862 0.4793651 0.933493 0.5280457 0.9815776 0.5322949 0.9791429 0.5501691 0.9647439 0.5533942 0.9465208 0.5291432 0.9555254 0.5298985 0.9519274 0.5558103 0.9579129 0.4792869 0.9489057 0.4792838 0.9523651 0.4527246 0.9489057 0.4792838 0.9420313 0.4793305 0.9408589 0.457305 0.9489057 0.4792838 0.9488508 0.4804305 0.9555254 0.5298985 0.9396499 0.5285822 0.9420313 0.4793305 0.9489057 0.4792838 0.9396499 0.5285822 0.9465208 0.5291432 0.9425204 0.5576241 0.9693631 0.464292 0.9702014 0.4794659 0.9579129 0.4792869 0.9579129 0.4792869 0.9565779 0.4548556 0.9630327 0.4589512 0.9555254 0.5298985 0.9678117 0.531006 0.9647439 0.5533942 0.9579129 0.4792869 0.9577888 0.4819172 0.9678117 0.531006 0.9702014 0.4794659 0.9700222 0.4833308 0.9815776 0.5322949 0.9815776 0.5322949 0.9960498 0.5330369 0.9931328 0.5445869 0.773426 0.2512388 0.7916142 0.2661423 0.7756459 0.260531 0.8356935 0.2524901 0.8370358 0.2638743 0.789403 0.2301967 0.789403 0.2301967 0.8370358 0.2638743 0.8207914 0.2890332 0.7834292 0.2380643 0.7730529 0.2179257 0.789403 0.2301967 0.789403 0.2301967 0.773426 0.2512388 0.7834292 0.2380643 0.8027977 0.2106789 0.789403 0.2301967 0.7787627 0.2093357 0.789403 0.2301967 0.7730529 0.2179257 0.7787627 0.2093357 0.7490596 0.2315733 0.7306399 0.2294735 0.7276746 0.2288846 0.7730529 0.2179257 0.7687098 0.2241957 0.7490596 0.2315734 0.7121699 0.2040937 0.7730529 0.2179257 0.7490596 0.2315734 0.7809857 0.1926833 0.7787627 0.2093357 0.7730529 0.2179257 0.7730529 0.2179257 0.6724092 0.144967 0.6911364 0.1292137 0.6724092 0.144967 0.6667343 0.1321837 0.6701284 0.1317651 0.6911364 0.1292137 0.6724092 0.144967 0.6701284 0.1317651 0.7475783 0.1225398 0.763164 0.1501521 0.7180044 0.1189831 0.8682727 0.4733576 0.3623047 0.3029308 0.7555069 0.3304587 0.7555069 0.3304587 0.9219894 0.3547194 0.8682727 0.4733576 0.9219894 0.3547194 1 0.3714824 0.8682727 0.4733576 0.813483 0.8075625 1 0.9579997 0.8564958 0.8564958 1 0.5884287 1 0.6249934 1 0.646512 0.1373205 0.6787758 0.1651827 0.6881865 0.1592074 0.6959486</float_array>
          <technique_common>
            <accessor source="#Pot_low_cell_005-mesh-map-0-array" count="414" stride="2">
              <param name="S" type="float"/>
              <param name="T" type="float"/>
            </accessor>
          </technique_common>
        </source>
        <vertices id="Pot_low_cell_005-mesh-vertices">
          <input semantic="POSITION" source="#Pot_low_cell_005-mesh-positions"/>
        </vertices>
        <lines count="1">
          <input semantic="VERTEX" source="#Pot_low_cell_005-mesh-vertices" offset="0"/>
          <p>26 23</p>
        </lines>
        <triangles material="PorcelinPot-material" count="138">
          <input semantic="VERTEX" source="#Pot_low_cell_005-mesh-vertices" offset="0"/>
          <input semantic="NORMAL" source="#Pot_low_cell_005-mesh-normals" offset="1"/>
          <input semantic="TEXCOORD" source="#Pot_low_cell_005-mesh-map-0" offset="2" set="0"/>
          <p>79 0 0 74 0 1 75 0 2 80 1 3 102 1 4 79 1 5 88 2 6 77 2 7 90 2 8 90 3 9 89 3 10 85 3 11 94 4 12 117 4 13 93 4 14 124 5 15 47 5 16 106 5 17 118 6 18 120 6 19 119 6 20 82 7 21 24 8 22 92 9 23 0 10 24 43 11 25 92 12 26 58 13 27 107 14 28 101 15 29 105 16 30 107 17 31 58 18 32 4 19 33 64 20 34 70 21 35 2 22 36 68 23 37 71 24 38 34 25 39 1 26 40 24 8 41 1 26 42 0 27 43 24 8 44 41 28 45 3 29 46 42 30 47 1 26 48 42 30 49 3 29 50 2 22 51 70 21 52 68 23 53 1 26 54 4 19 55 2 22 56 5 31 57 4 19 58 3 29 59 6 32 60 65 33 61 64 20 62 5 31 63 38 34 64 7 35 65 6 32 66 7 35 67 9 36 68 36 37 69 7 35 70 38 34 71 66 38 72 9 36 73 10 39 74 7 35 75 10 39 76 9 36 77 60 40 78 12 41 79 59 42 80 10 39 81 60 40 82 66 38 83 11 43 84 36 37 85 35 44 86 8 45 87 12 41 88 10 39 89 11 43 90 35 44 91 37 46 92 19 47 93 63 48 94 18 49 95 14 50 96 62 51 97 61 52 98 15 53 99 39 54 100 29 55 101 13 56 102 37 46 103 39 54 104 13 56 105 17 57 106 14 50 107 12 41 108 13 56 109 14 50 110 12 41 111 61 52 112 59 42 113 98 58 114 16 59 115 97 60 116 15 53 117 30 61 118 97 60 119 17 57 120 63 48 121 62 51 122 15 53 123 18 49 124 17 57 125 16 59 126 19 47 127 18 49 128 19 47 129 49 62 130 67 63 131 95 64 132 19 47 133 98 58 134 20 65 135 28 66 136 31 67 137 52 68 138 21 69 139 69 70 140 21 69 141 99 71 142 20 65 143 27 72 144 20 65 145 31 67 146 20 65 147 27 72 148 103 73 149 51 74 150 123 75 151 69 70 152 25 76 153 91 77 154 92 78 155 105 79 156 123 80 157 0 81 158 40 82 159 33 82 160 32 82 161 78 83 162 76 83 163 54 83 164 72 84 165 47 84 166 124 84 167 74 85 168 102 85 169 53 85 170 73 86 171 57 86 172 45 86 173 75 87 174 76 87 175 88 87 176 76 88 177 78 88 178 77 88 179 88 89 180 76 89 181 77 89 182 88 90 183 79 90 184 75 90 185 83 91 186 84 91 187 89 91 188 84 92 189 85 92 190 89 92 191 85 93 192 86 93 193 90 93 194 86 94 195 87 94 196 90 94 197 87 95 198 88 95 199 90 95 200 108 96 201 109 96 202 113 96 203 109 97 204 110 97 205 113 97 206 113 98 207 110 98 208 112 98 209 110 99 210 111 99 211 112 99 212 113 100 213 114 100 214 108 100 215 114 101 216 115 101 217 108 101 218 115 102 219 116 102 220 117 102 221 121 103 222 117 103 223 118 103 224 116 104 225 93 104 226 117 104 227 118 105 228 48 105 229 120 105 230 115 106 231 117 106 232 121 106 233 119 107 234 121 107 235 118 107 236 121 108 237 108 108 238 115 108 239 92 9 240 24 8 241 0 27 242 0 10 243 44 109 244 43 11 245 101 15 246 100 110 247 58 13 248 100 111 249 23 112 250 46 113 251 58 114 252 100 111 253 46 113 254 105 16 255 123 115 256 107 17 257 4 19 258 6 32 259 64 20 260 71 24 261 123 116 262 0 27 263 0 27 264 2 22 265 71 24 266 1 26 267 2 22 268 0 27 269 41 28 270 5 31 271 3 29 272 1 26 273 34 25 274 42 30 275 2 22 276 4 19 277 70 21 278 1 26 279 3 29 280 4 19 281 5 31 282 6 32 283 4 19 284 6 32 285 9 36 286 65 33 287 5 31 288 41 28 289 38 34 290 6 32 291 5 31 292 7 35 293 36 37 294 8 45 295 7 35 296 66 38 297 65 33 298 9 36 299 7 35 300 8 45 301 10 39 302 10 39 303 12 41 304 60 40 305 11 43 306 8 45 307 36 37 308 8 45 309 11 43 310 12 41 311 19 47 312 67 63 313 63 48 314 14 50 315 17 57 316 62 51 317 15 53 318 13 56 319 39 54 320 13 56 321 11 43 322 37 46 323 13 56 324 15 53 325 17 57 326 12 41 327 11 43 328 13 56 329 12 41 330 14 50 331 61 52 332 97 60 333 16 59 334 15 53 335 15 53 336 29 55 337 30 61 338 17 57 339 18 49 340 63 48 341 15 53 342 16 59 343 18 49 344 16 59 345 98 58 346 19 47 347 19 47 348 95 64 349 49 62 350 20 65 351 99 71 352 28 66 353 52 68 354 96 117 355 21 69 356 21 69 357 96 117 358 99 71 359 103 73 360 0 118 361 21 69 362 21 69 363 20 65 364 103 73 365 69 70 366 21 69 367 51 74 368 21 69 369 0 118 370 51 74 371 25 76 372 81 119 373 91 77 374 0 118 375 103 73 376 25 76 377 92 78 378 0 118 379 25 76 380 123 75 381 51 74 382 0 118 383 0 81 384 44 120 385 105 79 386 44 121 387 122 122 388 104 123 389 105 124 390 44 121 391 104 123 392 100 125 393 107 125 394 58 125 395 54 126 396 50 126 397 56 126 398 56 127 399 55 127 400 54 127 401 55 128 402 78 128 403 54 128 404 72 129 405 22 129 406 47 129 407 74 130 408 79 130 409 102 130 410 105 131 411 122 122 412 44 121 413</p>
        </triangles>
      </mesh>
    </geometry>
    <geometry id="Pot_low_cell_004-mesh" name="Pot_low_cell.004">
      <mesh>
        <source id="Pot_low_cell_004-mesh-positions">
          <float_array id="Pot_low_cell_004-mesh-positions-array" count="249">-0.01554685 0.007003664 -0.06485944 -0.005690038 0.05733281 -0.07589977 0.02671331 -0.0139752 0.0860961 -0.06048709 0.03762608 -0.06457901 -0.06899112 -0.03789776 -0.04458898 -0.04747182 0.02816969 -0.04458898 0.008760392 0.06894057 -0.04458898 -0.05256009 -0.03789776 -0.02775406 -0.03418511 0.01851612 -0.02775406 0.01383066 0.0533297 -0.02775406 -0.03472673 -0.03789776 -0.01215219 -0.01976442 0.00803864 -0.01215219 -0.01882088 -0.03789776 3.63626e-5 -0.006902396 -0.001306354 3.63626e-5 0.01933354 0.03638654 -0.01215219 0.02424174 0.02127456 3.63626e-5 -0.005241334 -0.03789776 0.009366095 0.004078447 -0.009284615 0.009366095 0.02843207 0.008372783 0.009366095 0.01793152 -0.01934969 0.01974964 0.01959198 -0.02055615 0.006667494 0.01814341 -0.05629193 0.07801324 0.01221781 -0.03789776 0.09262043 0.01644486 -0.03270953 0.09028971 -0.07325655 -0.03777921 -0.04993444 -0.03992646 -0.0430513 -0.01816982 -0.03289896 -0.04350918 -0.01215219 -0.01700896 -0.04346066 3.63626e-5 0.01701128 -0.02847933 0.006667494 0.02625226 -0.06227678 0.05801045 0.01801955 -0.05638194 0.04395025 -0.003667652 -0.04272913 0.009366095 0.01287358 -0.04091715 0.01974964 0.0302155 -0.0623151 0.0617069 0.04791623 -0.0102126 0.04539829 0.03379404 -0.008136332 0.07424598 0.02925372 -0.01146918 0.08199292 0.02405077 -0.0182507 0.08808887 0.0182017 -0.01954597 0.09403765 -0.06338852 0.02871835 -0.06457901 -0.05823624 0.04168736 -0.0677551 0.02475601 -0.01687073 0.01182186 -0.03008288 0.0682246 -0.07576268 0.03231829 -0.008918642 0.01974964 0.03235656 -0.003710389 0.01707464 0.02991259 0.02127408 3.63626e-5 0.02804654 0.03189742 -0.008531928 0.02725243 0.03638589 -0.01215219 0.01763659 0.06893986 -0.04458898 0.0110346 0.08243191 -0.06222575 0.02304661 0.05332899 -0.02775406 -0.005074799 0.07932454 -0.06656891 2.59649e-4 0.08167022 -0.06457901 -0.01700896 -0.04346066 3.63626e-5 -0.003667652 -0.04272913 0.009366095 -0.03289896 -0.04350918 -0.01215219 -0.03992646 -0.0430513 -0.01816982 0.01287358 -0.04091715 0.01974964 0.03379404 -0.008136332 0.07424598 0.02925372 -0.01146918 0.08199292 0.02671331 -0.0139752 0.0860961 -0.07325655 -0.03777921 -0.04993444 -0.06338852 0.02871835 -0.06457901 -0.05823624 0.04168736 -0.0677551 -0.03008288 0.0682246 -0.07576268 0.02991259 0.02127408 3.63626e-5 0.02804654 0.03189742 -0.008531928 0.03231829 -0.008918642 0.01974964 0.03235656 -0.003710389 0.01707464 0.02725243 0.03638589 -0.01215219 0.02304661 0.05332899 -0.02775406 0.01763659 0.06893986 -0.04458898 0.0110346 0.08243191 -0.06222575 -0.005074799 0.07932454 -0.06656891 2.59649e-4 0.08167022 -0.06457901 -0.06048709 0.03762608 -0.06457901 -0.06899112 -0.03789776 -0.04458898 -0.05256009 -0.03789776 -0.02775406 0.02843207 0.008372783 0.009366095 0.01959198 -0.02055615 0.006667494 0.01701128 -0.02847933 0.006667494 0.02405077 -0.0182507 0.08808887 0.02475601 -0.01687073 0.01182186</float_array>
          <technique_common>
            <accessor source="#Pot_low_cell_004-mesh-positions-array" count="83" stride="3">
              <param name="X" type="float"/>
              <param name="Y" type="float"/>
              <param name="Z" type="float"/>
            </accessor>
          </technique_common>
        </source>
        <source id="Pot_low_cell_004-mesh-normals">
          <float_array id="Pot_low_cell_004-mesh-normals-array" count="264">0.4656294 -0.7593796 -0.4544578 -0.005106627 0.001663327 -0.9999856 0.7751384 -0.3597041 -0.5193973 -0.09297221 -0.1959331 -0.9762 0.7432926 -0.171153 -0.6467015 0.8176098 -0.2668554 -0.5101984 0.1715345 0.3807266 -0.9086382 0.1651483 0.3813034 -0.9095789 -0.6060036 0.511044 0.6095848 -0.4990563 0.6883108 0.5264704 -0.4990573 0.6883125 0.5264674 -0.6082895 0.4427738 0.6587375 -0.6772273 0.181106 0.7131366 -0.5593317 0.4071436 0.722068 -0.7549815 0.2459103 0.6078907 -0.2134864 0.6582756 0.7218704 6.01174e-5 0.7594437 0.6505731 -0.232819 0.7184259 0.6554843 -0.147543 0.7946588 0.5888535 -0.3732281 0.7113686 0.5955296 -0.637516 3.95467e-7 0.7704371 -0.6438094 -0.2096998 0.735891 -0.6165068 -0.200807 0.761312 5.51516e-5 0.7021465 0.7120326 -0.196784 0.6067893 0.7701188 5.26324e-5 0.6504071 0.7595858 -0.5155596 0.3752855 0.7702983 -0.4778089 0.3478097 0.8066766 -0.5422198 8.62988e-4 0.8402363 -0.4419836 0.321739 0.8373377 -0.5908211 0 0.8068026 -0.5740262 -0.18697 0.7972052 -0.531359 -0.1730732 0.8292788 -0.1823835 0.5623789 0.8065149 -0.3005861 0.4738571 0.8277122 4.78046e-5 0.6067978 0.7948564 5.06646e-5 0.6278082 0.7783681 -0.6878576 0.4644365 0.5578088 -0.8027163 0.1644436 0.5732408 -0.4908748 0.6770253 0.5483418 -0.3156474 0.4353483 0.8431125 -0.5671526 -0.8152401 0.117139 -0.9038416 -0.4271993 0.02389961 -0.5275992 0.6278939 0.5721787 -0.9800639 -0.198682 -5.8678e-4 -0.9625517 0.2703695 -0.0198642 -0.7820181 0.6223908 -0.03282558 -0.8792665 -0.4763094 0.004456341 0.1108242 0.9936901 -0.01726508 -0.6721463 0.7391361 0.04355776 0.5564911 0.06645506 0.8281916 0.8538708 -0.5204401 0.006859302 0.6313358 -0.775455 -0.009202957 0.4240524 -0.7195259 -0.5499655 0.8677902 -0.3401697 0.3622496 0.491104 -0.7691497 -0.4089323 0.2089256 -0.7195246 -0.6622948 -0.3224936 -0.4657306 -0.824071 -0.09665757 -0.2003642 -0.9749419 0.820197 -0.2671521 -0.5058721 0.8143624 -0.2719561 -0.5126928 -0.09297233 -0.1959334 -0.9762 0.8170534 -0.2681526 -0.5104095 0.8170534 -0.2681527 -0.5104095 0.8170537 -0.2681525 -0.5104092 0.9877017 -0.1485705 -0.04870659 0.8176099 -0.2668555 -0.5101982 0.8176102 -0.2668535 -0.5101988 0.81761 -0.2668551 -0.5101985 0.1715341 0.3807258 -0.9086385 -0.4990582 0.6883118 0.5264673 -0.7304752 0.2379279 0.6401534 -0.7549819 0.2459099 0.6078904 -0.2888492 -0.8191195 -0.4955901 0.06780397 0.6429862 -0.7628705 -0.8684553 0.3787953 -0.3198429 -0.8672187 0.4051206 -0.2894983 -0.8680623 0.3458086 -0.3562081 -0.8677902 0.3401697 -0.3622496 0.9568513 -0.2902725 0.01332783 0.9508148 -0.3096966 0.006288111 0.729538 -0.6838681 -0.009938955 0.7170539 -0.6969893 -0.006295561 0.4240527 -0.7195265 -0.5499646 0.4240525 -0.7195261 -0.5499653 0.4240526 -0.719526 -0.5499653 0.4240525 -0.719526 -0.5499653 0.8672192 -0.4051198 0.2894977</float_array>
          <technique_common>
            <accessor source="#Pot_low_cell_004-mesh-normals-array" count="88" stride="3">
              <param name="X" type="float"/>
              <param name="Y" type="float"/>
              <param name="Z" type="float"/>
            </accessor>
          </technique_common>
        </source>
        <source id="Pot_low_cell_004-mesh-map-0">
          <float_array id="Pot_low_cell_004-mesh-map-0-array" count="576">1 0 0.8750253 0.1405811 0.6737053 0.03305512 0.7170531 0.02507287 1 0 0.7523228 0.0718255 0.8191463 0.1802147 1 1 0.6955789 0 1 0 0.7145614 0.7145614 0.8469845 0 0.701334 0.2838847 0.7564008 0.4391848 0.6955789 0.6955789 0.533239 0.3522697 0 0 0.4740308 0.174901 0.3863723 0.3863723 0.2349071 0 0.3433392 0.2194435 0.234907 0.234907 0 0 0.1530155 0 0.1658076 0.31847 0.1078245 0.2667403 0.1387665 0.2729205 0.1481459 0.3465543 0.1879264 0.4248709 0.1337034 0.3738974 0.1481459 0.3465543 0.1658076 0.31847 0.1729207 0.3255155 0.07668834 0.2949591 0.07233649 0.2931165 0.08248943 0.2974153 0.09198898 0.2595241 0.08958888 0.2582138 0.09687662 0.2621925 0.1481459 0.3465543 0.1010054 0.2654717 0.1658076 0.31847 0.08248943 0.2974153 0.1337034 0.3738974 0.07235181 0.3315503 0.1715149 0.4496303 0.1337034 0.3738974 0.1879264 0.4248709 0.1715149 0.4496303 0.1827849 0.445552 0.1771354 0.4558817 0.06110239 0.3279944 0.06563317 0.3294266 0.05596703 0.3263711 0.1215533 0.4032676 0.07235181 0.3315503 0.1337034 0.3738974 0.1119135 0.4296426 0.1466907 0.4895644 0.1049062 0.4520173 0.1215533 0.4032676 0.1576974 0.4711666 0.1119135 0.4296426 0.1576974 0.4711666 0.1771354 0.4558817 0.1642774 0.4783583 0.1466907 0.4895644 0.1642774 0.4783583 0.1535578 0.4969983 0.06354391 0.399047 0.05388718 0.3976123 0.05600684 0.3979273 0.05971425 0.3662722 0.05258446 0.3646402 0.05493146 0.3651775 0.06588631 0.367685 0.1119135 0.4296426 0.06354391 0.399047 0.06354391 0.399047 0.1049062 0.4520173 0.06307142 0.4251036 0.1466907 0.4895644 0.09701746 0.4785589 0.1049062 0.4520173 0.1328397 0.513568 0.1466907 0.4895644 0.1535578 0.4969983 0.09701746 0.4785589 0.06626945 0.457387 0.06322407 0.4475407 0.165139 0.6850431 0.1809505 0.6605864 0.1694111 0.6790631 0.1998541 0.626464 0.1149832 0.6617467 0.1098899 0.6516806 0.1149832 0.6617467 0.1809505 0.6605865 0.1412754 0.677127 0.1181488 0.6078014 0.002189099 0.636081 0.1795348 0.5823449 0.1181508 0.6078007 0.1907053 0.6039991 0.1074578 0.6269758 0.72909 0.09021532 0.6410721 0.0365166 0.650147 0.03473156 0.6181809 0.0034222 0.6870176 0.04857432 0.545502 0.1002018 0.9056828 0 1 0.04507327 0.739651 0.02201145 0.6737053 0.03305512 0.6161926 0 1 0 1 0 1 0.2035529 0.8750253 0.1405811 0.7145613 0 1 0 0.7170531 0.02507287 1 0 1 0.3838074 0.7523228 0.0718255 0.8191463 0.1802147 1 0.3784198 1 1 1 1 0 0 0.6955789 0 1 0 1 1 0.7145614 0.7145614 0.7564008 0.4391848 0.807829 0.5037608 0.6955789 0.6955789 0.6955789 0.6955789 0 0 0.5685443 0 0.5685443 0 0.63281 0.1250895 0.6955789 0.6955789 0.63281 0.1250895 0.701334 0.2838847 0.6955789 0.6955789 0.533239 0.3522697 0.5659436 0.5260875 0 0 0.5659436 0.5260875 0.5685443 0.5685443 0 0 0 0 0.3863722 0 0.4740308 0.174901 0.3863723 0.3863723 0 0 0.2349071 0 0.1387665 0.2729205 0.1645279 0.3111051 0.1658076 0.31847 0.1658076 0.31847 0.1010054 0.2654717 0.1078245 0.2667403 0.1481459 0.3465543 0.205707 0.4020068 0.1879264 0.4248709 0.210844 0.3960157 0.205707 0.4020068 0.1729207 0.3255155 0.205707 0.4020068 0.1481459 0.3465543 0.1729207 0.3255155 0.07668834 0.2949591 0.06614673 0.2904956 0.07233649 0.2931165 0.09198898 0.2595241 0.08261591 0.2544069 0.08958888 0.2582138 0.1481459 0.3465543 0.08248943 0.2974153 0.1010054 0.2654717 0.08248943 0.2974153 0.1481459 0.3465543 0.1337034 0.3738974 0.1715149 0.4496303 0.1215533 0.4032676 0.1337034 0.3738974 0.1715149 0.4496303 0.1916903 0.4290057 0.1827849 0.445552 0.06110239 0.3279944 0.07235181 0.3315503 0.06563317 0.3294266 0.1215533 0.4032676 0.06588631 0.367685 0.07235181 0.3315503 0.1119135 0.4296426 0.1576974 0.4711666 0.1466907 0.4895644 0.1215533 0.4032676 0.1715149 0.4496303 0.1576974 0.4711666 0.1576974 0.4711666 0.1715149 0.4496303 0.1771354 0.4558817 0.1466907 0.4895644 0.1576974 0.4711666 0.1642774 0.4783583 0.05493146 0.3651775 0.05593025 0.3654061 0.06588631 0.367685 0.06588631 0.367685 0.05971425 0.3662722 0.05493146 0.3651775 0.06588631 0.367685 0.1215533 0.4032676 0.1119135 0.4296426 0.06354391 0.399047 0.1119135 0.4296426 0.1049062 0.4520173 0.1466907 0.4895644 0.1328397 0.513568 0.09701746 0.4785589 0.06322407 0.4475407 0.06307142 0.4251036 0.1049062 0.4520173 0.1049062 0.4520173 0.09701746 0.4785589 0.06322407 0.4475407 0.165139 0.6850431 0.1412754 0.677127 0.1809505 0.6605864 0.1041447 0.6399201 0.1907053 0.6039991 0.1098899 0.6516806 0.1907053 0.6039991 0.1998541 0.626464 0.1098899 0.6516806 0.1149832 0.6617467 0.2013655 0.6301056 0.1809505 0.6605865 0.1181508 0.6078007 0.1823453 0.5835106 0.1907053 0.6039991 0.1907053 0.6039991 0.1049619 0.6356373 0.1074578 0.6269758 0.1074578 0.6269758 0.1091803 0.6233447 0.1117736 0.6180793 0.1117736 0.6180793 0.1181508 0.6078007 0.1074578 0.6269758 0.6378458 0.06365799 0.6343606 0.04622668 0.6402819 0.03767317 0.6402819 0.03767317 0.7289804 0.09773147 0.6378458 0.06365799 0.7289804 0.09773147 0.7190706 0.1108455 0.6378458 0.06365799 0.650147 0.03473156 0.6708738 0.03073257 0.7212843 0.06440615 0.72909 0.09021532 0.7289804 0.09773153 0.6410721 0.0365166 0.650147 0.03473156 0.7212843 0.06440615 0.72909 0.09021532 0.545502 0.1002018 0.4250146 0.1398783 0.6181809 0.0034222 0.4250146 0.1398783 0.2743532 0.1849218 0 0 0.6181809 0.0034222 0.4250146 0.1398783 0 0 0.2743532 0.1849218 0.2035527 0.2035527 0 0 0.9056828 0 1 0 1 0.04507327</float_array>
          <technique_common>
            <accessor source="#Pot_low_cell_004-mesh-map-0-array" count="288" stride="2">
              <param name="S" type="float"/>
              <param name="T" type="float"/>
            </accessor>
          </technique_common>
        </source>
        <vertices id="Pot_low_cell_004-mesh-vertices">
          <input semantic="POSITION" source="#Pot_low_cell_004-mesh-positions"/>
        </vertices>
        <triangles material="PorcelinPot-material" count="96">
          <input semantic="VERTEX" source="#Pot_low_cell_004-mesh-vertices" offset="0"/>
          <input semantic="NORMAL" source="#Pot_low_cell_004-mesh-normals" offset="1"/>
          <input semantic="TEXCOORD" source="#Pot_low_cell_004-mesh-map-0" offset="2" set="0"/>
          <p>0 0 0 77 0 1 4 0 2 75 1 3 0 1 4 62 1 5 79 2 6 0 2 7 82 2 8 1 3 9 63 3 10 64 3 11 18 4 12 68 4 13 82 4 14 70 5 15 1 5 16 71 5 17 72 6 18 73 6 19 74 6 20 73 7 21 1 7 22 64 7 23 3 8 24 51 9 25 42 10 26 5 11 27 7 12 28 8 13 29 5 11 30 3 8 31 39 14 32 9 15 33 48 16 34 6 17 35 6 17 36 49 18 37 52 19 38 5 11 39 52 19 40 3 8 41 6 17 42 8 13 43 9 15 44 10 20 45 8 13 46 7 12 47 10 20 48 25 21 49 55 22 50 50 23 51 14 24 52 47 25 53 11 26 54 9 15 55 8 13 56 13 27 57 16 28 58 17 29 59 11 26 60 12 30 61 13 27 62 12 30 63 55 22 64 53 31 65 16 28 66 53 31 67 54 32 68 15 33 69 78 34 70 45 35 71 15 33 72 45 35 73 46 36 74 14 24 75 13 27 76 15 33 77 15 33 78 17 29 79 78 34 80 16 28 81 19 37 82 17 29 83 57 38 84 16 28 85 54 32 86 19 37 87 43 39 88 44 40 89 33 41 90 30 42 91 29 43 92 57 44 93 22 45 94 23 46 95 22 45 96 30 42 97 21 47 98 58 48 99 34 48 100 43 48 101 58 49 102 19 37 103 81 50 104 81 50 105 20 51 106 41 52 107 80 53 108 32 53 109 31 53 110 36 54 111 37 54 112 35 54 113 4 55 114 61 55 115 0 55 116 0 56 117 56 56 118 77 56 119 63 57 120 0 57 121 75 57 122 0 58 123 61 58 124 62 58 125 79 59 126 80 59 127 0 59 128 0 60 129 1 60 130 82 60 131 1 61 132 0 61 133 63 61 134 68 62 135 67 62 136 82 62 137 82 63 138 1 63 139 66 63 140 66 64 141 65 64 142 82 64 143 65 65 144 18 65 145 82 65 146 70 66 147 69 66 148 1 66 149 69 67 150 66 67 151 1 67 152 1 68 153 72 68 154 71 68 155 72 69 156 1 69 157 73 69 158 42 10 159 40 70 160 3 8 161 3 8 162 52 19 163 51 9 164 5 11 165 76 71 166 7 12 167 24 72 168 76 71 169 39 14 170 76 71 171 5 11 172 39 14 173 9 15 174 50 23 175 48 16 176 6 17 177 48 16 178 49 18 179 5 11 180 6 17 181 52 19 182 6 17 183 5 11 184 8 13 185 10 20 186 11 26 187 8 13 188 10 20 189 7 12 190 25 21 191 50 23 192 9 15 193 14 24 194 11 26 195 14 24 196 9 15 197 13 27 198 12 30 199 16 28 200 11 26 201 10 20 202 12 30 203 12 30 204 10 20 205 55 22 206 16 28 207 12 30 208 53 31 209 46 36 210 47 25 211 14 24 212 14 24 213 15 33 214 46 36 215 14 24 216 11 26 217 13 27 218 15 33 219 13 27 220 17 29 221 16 28 222 57 38 223 19 37 224 44 40 225 78 34 226 17 29 227 17 29 228 19 37 229 44 40 230 33 41 231 21 47 232 30 42 233 38 73 234 19 37 235 23 74 236 19 37 237 57 38 238 23 74 239 22 45 240 57 44 241 30 42 242 58 49 243 43 39 244 19 37 245 19 37 246 38 73 247 81 50 248 81 75 249 60 76 250 59 77 251 59 77 252 58 78 253 81 75 254 57 79 255 28 80 256 20 51 257 20 51 258 38 73 259 57 79 260 38 73 261 23 74 262 57 79 263 41 52 264 43 81 265 58 82 266 81 50 267 38 73 268 20 51 269 41 52 270 58 82 271 81 50 272 31 83 273 27 83 274 80 83 275 27 84 276 26 84 277 0 84 278 80 85 279 27 85 280 0 85 281 26 86 282 56 86 283 0 86 284 36 87 285 2 87 286 37 87 287</p>
        </triangles>
      </mesh>
    </geometry>
    <geometry id="Pot_low_cell_003-mesh" name="Pot_low_cell.003">
      <mesh>
        <source id="Pot_low_cell_003-mesh-positions">
          <float_array id="Pot_low_cell_003-mesh-positions-array" count="111">-0.005843341 0.01062101 -0.01109433 0.004746854 0.002924025 -0.006447136 0.00998044 -8.79667e-4 -0.002288639 0.01277786 -0.0029127 0.002311348 0.01437318 -0.004072248 0.006990492 -0.01124376 0.01454597 -0.01222807 -0.02548915 0.008162677 -0.01279854 0.01004952 0.01920002 -0.006447136 0.01182973 -0.00280714 0.01661908 -0.003737986 0.01708304 -0.01109433 0.01614797 0.01805073 -0.002288639 0.01653474 0.00437957 0.01168668 0.01904273 0.0102604 0.006990492 0.01849436 0.01463335 0.002311348 -0.009192764 -0.02115863 0.006990492 -0.01110386 -0.02022808 0.002311348 -0.008066058 -0.0196467 0.01168668 -0.01345032 -0.01786804 -0.002288639 -0.007324099 -0.0166946 0.01661908 -0.02192538 -0.001039147 -0.01109433 -0.0166006 -0.01255387 -0.006447136 0.01904273 0.0102604 0.006990492 0.01849436 0.01463335 0.002311348 0.01614797 0.01805073 -0.002288639 0.01004952 0.01920002 -0.006447136 -0.003737986 0.01708304 -0.01109433 -0.01124376 0.01454597 -0.01222807 -0.02548915 0.008162677 -0.01279854 0.01653474 0.00437957 0.01168668 -0.009192764 -0.02115863 0.006990492 -0.01110386 -0.02022808 0.002311348 -0.008066058 -0.0196467 0.01168668 -0.007324099 -0.0166946 0.01661908 -0.02192538 -0.001039147 -0.01109433 -0.0166006 -0.01255387 -0.006447136 -0.01345032 -0.01786804 -0.002288639 0.01182973 -0.00280714 0.01661908</float_array>
          <technique_common>
            <accessor source="#Pot_low_cell_003-mesh-positions-array" count="37" stride="3">
              <param name="X" type="float"/>
              <param name="Y" type="float"/>
              <param name="Z" type="float"/>
            </accessor>
          </technique_common>
        </source>
        <source id="Pot_low_cell_003-mesh-normals">
          <float_array id="Pot_low_cell_003-mesh-normals-array" count="105">-0.3272876 0.67093 0.6653839 -0.904215 -0.292567 0.3111271 0.2166014 -0.1576996 -0.963439 0.2741913 -0.3781715 -0.8841977 0.1621569 -0.2236508 -0.9610856 0.1232172 -0.1151785 -0.9856731 0.1032086 -0.1423476 -0.9844213 0.2808708 -0.09150719 -0.9553732 0.3707591 -0.2699182 -0.8886405 0.4549718 -0.148229 -0.8780825 0.4092477 -0.5644447 -0.7168812 0.6485351 -0.2112915 -0.7312716 0.5648334 -0.4111728 -0.7154722 0.5116546 -0.7056864 -0.4901186 0.8124092 -0.2646816 -0.5195528 0.7055832 -0.5136013 -0.4882276 0.5776126 -0.7966572 -0.1780483 0.9157878 -0.2983624 -0.2689101 0.8028323 -0.5919423 -0.07116734 0.5757457 -0.7891321 0.2139801 0.9256434 -0.334755 0.1764187 0.7153858 -0.6391122 0.282416 0.5457105 -0.752656 0.3683872 -0.3272876 0.67093 0.6653841 -0.3272877 0.6709303 0.6653836 -0.3272876 0.67093 0.6653839 -0.3272876 0.6709299 0.6653841 -0.3272876 0.67093 0.665384 -0.3084282 0.6241532 0.7178474 -0.4241847 0.5850452 0.6912232 -0.9042147 -0.2925682 0.3111264 -0.9042145 -0.2925679 0.3111272 -0.9042147 -0.2925679 0.311127 -0.9042147 -0.2925679 0.311127 -0.9042147 -0.292568 0.3111267</float_array>
          <technique_common>
            <accessor source="#Pot_low_cell_003-mesh-normals-array" count="35" stride="3">
              <param name="X" type="float"/>
              <param name="Y" type="float"/>
              <param name="Z" type="float"/>
            </accessor>
          </technique_common>
        </source>
        <source id="Pot_low_cell_003-mesh-map-0">
          <float_array id="Pot_low_cell_003-mesh-map-0-array" count="228">0.8935452 0.6522058 0.8574935 0.6250314 0.8941331 0.4905425 0.6261306 0.5470231 0.6487042 0.5734906 0.669189 0.6249008 0.8920258 0.4352309 0.9111306 0.4599387 0.8936182 0.4588168 0.8836206 0.4362086 0.8936182 0.4588168 0.8807912 0.4560078 0.8920258 0.4352309 0.8836207 0.4362086 0.8909411 0.4271039 0.9098866 0.4330547 0.8909411 0.4271039 0.9071858 0.4154795 0.9098866 0.4330547 0.9208542 0.4597745 0.9111306 0.4599387 0.9098866 0.4330547 0.9165698 0.4129005 0.9194924 0.432074 0.9194924 0.432074 0.9282059 0.4587982 0.9208542 0.4597745 0.9194924 0.432074 0.9241732 0.4140638 0.9268093 0.4313252 0.9268093 0.4313252 0.9347142 0.4574873 0.9282059 0.4587982 0.9268093 0.4313252 0.9311794 0.4167486 0.9333069 0.430666 0.9347142 0.4574873 0.9394097 0.4300814 0.9407646 0.4555339 0.9381802 0.4220851 0.9333069 0.430666 0.9311794 0.4167486 0.9461261 0.4294463 0.9394097 0.4300814 0.9381802 0.4220851 0.9407646 0.4555339 0.9462462 0.4299207 0.9474866 0.4529464 0.8309652 0.5985053 0.8200641 0.5715298 0.8374667 0.5197069 0.8200641 0.5715298 0.8185581 0.5446863 0.8374667 0.5197069 0.8374667 0.5197069 0.8941331 0.4905425 0.8574935 0.6250314 0.8309652 0.5985053 0.8374667 0.5197069 0.8574935 0.6250314 0.8941331 0.4905425 0.9290679 0.4826853 0.8935452 0.6522058 0.9290679 0.4826853 1 0.476856 1 0.6639584 1 0.6639584 0.8935452 0.6522058 0.9290679 0.4826853 0.6487042 0.5734906 0.6647065 0.5997223 0.669189 0.6249008 0.669189 0.6249008 0.6639584 0.6639584 0.6261306 0.5470231 0.6639584 0.6639584 0.4768561 0.4768561 0.5246403 0.4905739 0.5906673 0.521602 0.6639584 0.6639584 0.5246403 0.4905739 0.5906673 0.521602 0.6261306 0.5470231 0.6639584 0.6639584 0.8920258 0.4352309 0.9098866 0.4330547 0.9111306 0.4599387 0.8836206 0.4362086 0.8920258 0.4352309 0.8936182 0.4588168 0.9098866 0.4330547 0.8920258 0.4352309 0.8909411 0.4271039 0.9098866 0.4330547 0.9194924 0.432074 0.9208542 0.4597745 0.9098866 0.4330547 0.9071858 0.4154795 0.9165698 0.4129005 0.9194924 0.432074 0.9268093 0.4313252 0.9282059 0.4587982 0.9194924 0.432074 0.9165698 0.4129005 0.9241732 0.4140638 0.9268093 0.4313252 0.9333069 0.430666 0.9347142 0.4574873 0.9268093 0.4313252 0.9241732 0.4140638 0.9311794 0.4167486 0.9407646 0.4555339 0.9394097 0.4300814 0.9462462 0.4299207</float_array>
          <technique_common>
            <accessor source="#Pot_low_cell_003-mesh-map-0-array" count="114" stride="2">
              <param name="S" type="float"/>
              <param name="T" type="float"/>
            </accessor>
          </technique_common>
        </source>
        <vertices id="Pot_low_cell_003-mesh-vertices">
          <input semantic="POSITION" source="#Pot_low_cell_003-mesh-positions"/>
        </vertices>
        <triangles material="PorcelinPot-material" count="38">
          <input semantic="VERTEX" source="#Pot_low_cell_003-mesh-vertices" offset="0"/>
          <input semantic="NORMAL" source="#Pot_low_cell_003-mesh-normals" offset="1"/>
          <input semantic="TEXCOORD" source="#Pot_low_cell_003-mesh-map-0" offset="2" set="0"/>
          <p>36 0 0 28 0 1 25 0 2 35 1 3 30 1 4 31 1 5 0 2 6 20 3 7 19 4 8 5 5 9 19 4 10 6 6 11 0 2 12 5 5 13 9 7 14 1 8 15 9 7 16 7 9 17 1 8 18 17 10 19 20 3 20 1 8 21 10 11 22 2 12 23 2 12 24 15 13 25 17 10 26 2 12 27 13 14 28 3 15 29 3 15 30 14 16 31 15 13 32 3 15 33 12 17 34 4 18 35 14 16 36 4 18 37 16 19 38 11 20 39 4 18 40 12 17 41 8 21 42 4 18 43 11 20 44 16 19 45 8 21 46 18 22 47 21 23 48 22 23 49 24 23 50 22 24 51 23 24 52 24 24 53 24 25 54 25 25 55 28 25 56 21 26 57 24 26 58 28 26 59 25 27 60 26 27 61 36 27 62 26 28 63 27 28 64 32 28 65 32 29 66 36 29 67 26 29 68 30 30 69 29 30 70 31 30 71 31 31 72 32 31 73 35 31 74 32 32 75 27 32 76 33 32 77 34 33 78 32 33 79 33 33 80 34 34 81 35 34 82 32 34 83 0 2 84 1 8 85 20 3 86 5 5 87 0 2 88 19 4 89 1 8 90 0 2 91 9 7 92 1 8 93 2 12 94 17 10 95 1 8 96 7 9 97 10 11 98 2 12 99 3 15 100 15 13 101 2 12 102 10 11 103 13 14 104 3 15 105 4 18 106 14 16 107 3 15 108 13 14 109 12 17 110 16 19 111 4 18 112 8 21 113</p>
        </triangles>
      </mesh>
    </geometry>
    <geometry id="Pot_low_cell_002-mesh" name="Pot_low_cell.002">
      <mesh>
        <source id="Pot_low_cell_002-mesh-positions">
          <float_array id="Pot_low_cell_002-mesh-positions-array" count="207">-0.009187519 -0.01550102 -0.02083963 0.02422159 -0.003183126 -0.01863837 -0.01318919 -0.003180086 -0.01863837 -0.01723092 0.009263932 -0.01399117 0.02826523 0.009260356 -0.01399117 -0.01922827 0.01541364 -0.00983268 0.03026354 0.0154097 -0.00983268 -0.02029585 0.01870071 -0.005232632 0.03133171 0.01869666 -0.005232632 -0.02090471 0.02057534 -5.53545e-4 0.03194081 0.02057117 -5.53545e-4 -0.02008742 0.01805901 0.009075045 0.03112316 0.01805496 0.009075045 -0.0189107 0.01443588 0.01505541 0.02994585 0.01443201 0.01505541 -0.01637327 0.006623327 0.02072012 0.02740716 0.006619811 0.02072012 -0.01309216 -0.003479003 0.02474951 -0.05046105 -8.54323e-4 -5.53545e-4 -0.04972231 -0.002634763 -0.005232632 -0.04189854 -0.00223124 0.01505541 -0.04306519 -0.009467065 -0.01399117 -0.04771119 -0.005237698 -0.00983268 -0.04630994 -9.53442e-4 0.009075045 -0.03291571 -0.01748275 -0.01863837 -0.02239018 -0.02507352 -0.02083963 -0.01705151 -0.02871954 -0.02121597 -0.01268231 -0.01763164 0.02950537 -0.03382211 -0.006027877 0.02072012 -0.02403318 -0.01141172 0.02474951 -0.006704926 -0.02314484 -0.01781815 -0.001441657 -0.01517528 0.02950537 0.001392543 -0.01900303 -0.01712244 0.009202182 -0.01550251 -0.02083963 0.0224176 -0.008734583 -0.01963025 0.02292746 -0.003481805 0.02474951 0.03417837 0.001710355 0.02072012 0.04002332 7.35184e-4 -0.01399117 0.04256618 0.005281686 0.01505541 0.05018156 0.007345736 -5.53545e-4 0.0487231 0.006087064 -0.005232632 0.04676377 0.006714761 0.009075045 0.04583489 0.004119753 -0.00983268 -0.02239018 -0.02507352 -0.02083963 -0.01705151 -0.02871954 -0.02121597 -0.01268231 -0.01763164 0.02950537 -0.02403318 -0.01141172 0.02474951 -0.03382211 -0.006027877 0.02072012 -0.04189854 -0.00223124 0.01505541 -0.04630994 -9.53442e-4 0.009075045 -0.05046105 -8.54323e-4 -5.53545e-4 -0.04972231 -0.002634763 -0.005232632 -0.04771119 -0.005237698 -0.00983268 -0.04306519 -0.009467065 -0.01399117 -0.03291571 -0.01748275 -0.01863837 0.0487231 0.006087064 -0.005232632 0.04583489 0.004119753 -0.00983268 0.05018156 0.007345736 -5.53545e-4 0.04256618 0.005281686 0.01505541 0.04676377 0.006714761 0.009075045 0.03417837 0.001710355 0.02072012 -0.001441657 -0.01517528 0.02950537 0.02292746 -0.003481805 0.02474951 0.001392543 -0.01900303 -0.01712244 -0.006704926 -0.02314484 -0.01781815 0.009202182 -0.01550251 -0.02083963 0.0224176 -0.008734583 -0.01963025 0.04002332 7.35184e-4 -0.01399117 0.02422159 -0.003183126 -0.01863837</float_array>
          <technique_common>
            <accessor source="#Pot_low_cell_002-mesh-positions-array" count="69" stride="3">
              <param name="X" type="float"/>
              <param name="Y" type="float"/>
              <param name="Z" type="float"/>
            </accessor>
          </technique_common>
        </source>
        <source id="Pot_low_cell_002-mesh-normals">
          <float_array id="Pot_low_cell_002-mesh-normals-array" count="195">-0.538832 -0.8121018 0.2239441 0.4462603 -0.8892841 0.1001281 0.02710378 -0.008269429 -0.9995985 7.73017e-6 0.09514498 -0.9954635 0.4190398 -0.7813441 -0.4625009 0.2981471 -0.4700208 -0.830776 -0.08267974 0.2549737 -0.9634067 0.1415517 0.4363985 -0.8885492 0.04868185 0.2824403 -0.9580488 1.40545e-5 0.1758803 -0.9844116 -0.07692301 0.1060938 -0.9913763 -0.1643807 0.2267168 -0.9599888 -0.2776135 0.3828906 -0.8810934 0.2910783 0.4014617 -0.8683904 -0.1415205 0.4364084 -0.8885492 0.2156289 0.6647015 -0.7153154 -0.4143545 0.5714878 -0.7083165 0.4234263 0.583999 -0.6925715 -0.2155776 0.6647235 -0.7153105 0.2693418 0.8302293 -0.4880312 -0.5141046 0.7090653 -0.4826208 -0.2692775 0.8302496 -0.4880319 0.3080394 0.9493908 -0.06139093 -0.5835067 0.8047865 -0.1088055 0.5851091 0.8069943 -0.08004742 0.5181504 0.7146437 -0.4698984 0.2834805 0.8737866 0.3951405 -0.227622 0.7018446 0.6749832 0.227677 0.7018209 0.6749894 -0.4519875 0.6233929 0.6380349 -0.283402 0.8738133 0.3951375 -0.5479089 0.7556899 0.358788 -0.3079461 0.9494209 -0.06139439 0.4523969 0.6239551 0.6371948 0.5468347 0.7542052 0.3635196 0.04496246 0.3538186 0.9342327 -0.1489735 0.4593718 0.8756623 -0.1085225 0.3355931 0.9357351 0.1497542 0.454702 0.8779634 -0.2999125 0.4136464 0.8596216 -0.2187641 0.3017253 0.9279569 0.2982455 0.4113464 0.8613037 0.1067363 -0.1804078 0.9777835 0.03739899 -0.340171 0.9396197 0.4462602 -0.8892842 0.1001283 -0.5388325 -0.8121014 0.2239443 -0.5388325 -0.8121014 0.2239443 -0.5388325 -0.8121013 0.2239443 -0.5388323 -0.8121014 0.2239443 -0.5388325 -0.8121014 0.2239443 -0.5388325 -0.8121014 0.2239444 -0.5388325 -0.8121014 0.2239444 -0.5388317 -0.8121019 0.2239441 -0.5388336 -0.8121005 0.2239447 0.4462606 -0.889284 0.1001282 0.44626 -0.8892841 0.1001282 0.4462592 -0.8892847 0.1001281 0.4462602 -0.8892841 0.1001282 0.4462605 -0.889284 0.1001283 0.4208793 -0.9070948 0.006309151 0.4462602 -0.8892841 0.1001283 0.4462606 -0.889284 0.1001284 0.4462601 -0.8892841 0.1001282 0.9493361 -0.3131719 0.02615976 0.2221969 -0.9728497 0.06474661</float_array>
          <technique_common>
            <accessor source="#Pot_low_cell_002-mesh-normals-array" count="65" stride="3">
              <param name="X" type="float"/>
              <param name="Y" type="float"/>
              <param name="Z" type="float"/>
            </accessor>
          </technique_common>
        </source>
        <source id="Pot_low_cell_002-mesh-map-0">
          <float_array id="Pot_low_cell_002-mesh-map-0-array" count="492">0.8069396 0.3685874 0.7262929 0.3088398 0.9339919 0.3828285 0.4825786 0.1542708 0.6623816 0.0821917 0.7231302 0.1205035 0.833734 0.68953 0.81949 0.7102076 0.8251723 0.6827738 0.8341007 0.6648351 0.833734 0.68953 0.8251723 0.6827738 0.8473241 0.6995574 0.8358439 0.7569259 0.8214374 0.7403813 0.8214374 0.7403813 0.8226858 0.7384126 0.8318303 0.7239915 0.8473241 0.6995574 0.8417846 0.6672994 0.8576963 0.6711328 0.874472 0.6760579 0.8473241 0.6995574 0.8576963 0.6711329 0.8573704 0.3007813 0.8731346 0.2859509 0.8791224 0.3025707 0.8617359 0.7086848 0.8443356 0.765131 0.8358439 0.7569259 0.8834545 0.6792891 0.8617359 0.7086848 0.874472 0.6760579 0.8791224 0.3025707 0.8830965 0.2793007 0.8899942 0.3008837 0.8702482 0.7131727 0.8513722 0.7704485 0.8443356 0.765131 0.8901074 0.6822428 0.8702482 0.7131727 0.8834544 0.6792891 0.8910087 0.2752279 0.8899942 0.3008837 0.8830965 0.2793007 0.8768475 0.7162813 0.8580776 0.7744125 0.8513722 0.7704485 0.8959428 0.6851232 0.8768475 0.7162813 0.8901075 0.6822428 0.8910087 0.2752279 0.9049592 0.2973158 0.8979837 0.2991446 0.8726533 0.7791394 0.8943154 0.7247063 0.8832521 0.7812252 0.9145253 0.6974111 0.8948251 0.7234256 0.9069796 0.6921759 0.9069796 0.6921759 0.8884413 0.7211106 0.9011941 0.6883549 0.8648206 0.7770203 0.8948251 0.7234256 0.8726533 0.7791394 0.9133911 0.269644 0.9278027 0.2877325 0.918397 0.2917882 0.9052895 0.2705639 0.918397 0.2917882 0.9113097 0.2948283 0.914421 0.7809916 0.915373 0.7295181 0.9141026 0.7334525 0.8832521 0.7812252 0.9023334 0.7290242 0.8984242 0.7820109 0.9033789 0.7261639 0.9246684 0.7053216 0.915373 0.7295181 0.935856 0.7153018 0.915373 0.7295181 0.9246684 0.7053216 0.9241608 0.2694134 0.940802 0.2816374 0.9278027 0.2877325 0.940802 0.2816374 0.9390776 0.2713377 0.9543141 0.2750088 0.9292308 0.7328507 0.9249567 0.7478983 0.916017 0.7793719 0.9453717 0.7358639 0.9292308 0.7328507 0.935856 0.7153018 0.9042184 0.1434265 0.9017638 0.1511374 0.9052692 0.1401258 0.8445092 0.1361035 0.8994374 0.15711 0.8387765 0.1482642 0.5834307 0.1854177 0.4549316 0.06161135 0.8146925 0.1533343 0.4549316 0.06161135 0.4418464 0.02352237 0.8146925 0.1533343 0.4418464 0.02352237 0.7296471 0.03122818 0.8146925 0.1533343 0.8146925 0.1533343 0.888576 0.2587532 0.5834307 0.1854177 0.888576 0.2587532 0.9319631 0.3419847 0.7262929 0.3088398 0.5834307 0.1854177 0.888576 0.2587532 0.7262929 0.3088398 0.9319631 0.3419847 0.9339919 0.3828285 0.7262929 0.3088398 0.9339919 0.3828285 0.9058609 0.4148603 0.8628715 0.3989311 0.8069396 0.3685874 0.9339919 0.3828285 0.8628715 0.3989311 0.8185518 0.2818961 0.8012053 0.2922173 0.6968389 0.2739921 0.8012053 0.2922173 0.7408568 0.2883003 0.6968389 0.2739921 0.6968389 0.2739921 0.6376504 0.2508354 0.8194879 0.2578454 0.8185518 0.2818961 0.6968389 0.2739921 0.8194879 0.2578454 0.6376504 0.2508354 0.5612612 0.2086106 0.8194879 0.2578454 0.5612612 0.2086106 0.4825786 0.1542708 0.7946837 0.2051615 0.4825786 0.1542708 0.3386194 0.03912979 0.6623816 0.0821917 0.6623816 0.0821917 0.6536464 0.04816991 0.7231302 0.1205035 0.7231302 0.1205035 0.7759546 0.1805047 0.4825786 0.1542708 0.7759546 0.1805047 0.7946837 0.2051615 0.4825786 0.1542708 0.7946837 0.2051615 0.8194879 0.2578454 0.5612612 0.2086106 0.8341007 0.6648351 0.8417846 0.6672994 0.833734 0.68953 0.8473241 0.6995574 0.8617359 0.7086848 0.8358439 0.7569259 0.833734 0.68953 0.8473241 0.6995574 0.8318303 0.7239915 0.8473241 0.6995574 0.8214374 0.7403813 0.8318303 0.7239915 0.8473241 0.6995574 0.833734 0.68953 0.8417846 0.6672994 0.874472 0.6760579 0.8617359 0.7086848 0.8473241 0.6995574 0.8617359 0.7086848 0.8702482 0.7131727 0.8443356 0.765131 0.8834545 0.6792891 0.8702482 0.7131727 0.8617359 0.7086848 0.8791224 0.3025707 0.8731346 0.2859509 0.8830965 0.2793007 0.8702482 0.7131727 0.8768475 0.7162813 0.8513722 0.7704485 0.8901074 0.6822428 0.8768475 0.7162813 0.8702482 0.7131727 0.8910087 0.2752279 0.8979837 0.2991446 0.8899942 0.3008837 0.8768475 0.7162813 0.882804 0.7188606 0.8580776 0.7744125 0.8959428 0.6851232 0.882804 0.7188606 0.8768475 0.7162813 0.8910087 0.2752279 0.8982067 0.2722242 0.9049592 0.2973158 0.8726533 0.7791394 0.8948251 0.7234256 0.8943154 0.7247063 0.9145253 0.6974111 0.9033789 0.7261639 0.8948251 0.7234256 0.9069796 0.6921759 0.8948251 0.7234256 0.8884413 0.7211106 0.8648206 0.7770203 0.8884413 0.7211106 0.8948251 0.7234256 0.9133911 0.269644 0.9241608 0.2694134 0.9278027 0.2877325 0.9052895 0.2705639 0.9133911 0.269644 0.918397 0.2917882 0.914421 0.7809916 0.8984242 0.7820109 0.915373 0.7295181 0.8832521 0.7812252 0.9033789 0.7261639 0.9023334 0.7290242 0.9033789 0.7261639 0.9145253 0.6974112 0.9246684 0.7053216 0.935856 0.7153018 0.9292308 0.7328507 0.915373 0.7295181 0.9241608 0.2694134 0.9390776 0.2713377 0.940802 0.2816374 0.9292308 0.7328507 0.9278372 0.7377572 0.9249567 0.7478983 0.9042184 0.1434265 0.9013037 0.1525827 0.9017638 0.1511374</float_array>
          <technique_common>
            <accessor source="#Pot_low_cell_002-mesh-map-0-array" count="246" stride="2">
              <param name="S" type="float"/>
              <param name="T" type="float"/>
            </accessor>
          </technique_common>
        </source>
        <vertices id="Pot_low_cell_002-mesh-vertices">
          <input semantic="POSITION" source="#Pot_low_cell_002-mesh-positions"/>
        </vertices>
        <triangles material="PorcelinPot-material" count="82">
          <input semantic="VERTEX" source="#Pot_low_cell_002-mesh-vertices" offset="0"/>
          <input semantic="NORMAL" source="#Pot_low_cell_002-mesh-normals" offset="1"/>
          <input semantic="TEXCOORD" source="#Pot_low_cell_002-mesh-map-0" offset="2" set="0"/>
          <p>52 0 0 53 0 1 49 0 2 62 1 3 63 1 4 65 1 5 0 2 6 33 3 7 30 4 8 26 5 9 0 2 10 30 4 11 2 6 12 4 7 13 68 8 14 68 8 15 34 9 16 33 3 17 2 6 18 25 10 19 24 11 20 21 12 21 2 6 22 24 11 23 68 8 24 4 7 25 37 13 26 3 14 27 6 15 28 4 7 29 22 16 30 3 14 31 21 12 32 37 13 33 6 15 34 42 17 35 5 18 36 8 19 37 6 15 38 19 20 39 5 18 40 22 16 41 8 19 42 42 17 43 6 15 44 7 21 45 10 22 46 8 19 47 18 23 48 7 21 49 19 20 50 8 19 51 39 24 52 40 25 53 12 26 54 13 27 55 14 28 56 20 29 57 11 30 58 23 31 59 23 31 60 9 32 61 18 23 62 10 22 63 11 30 64 12 26 65 12 26 66 38 33 67 41 34 68 10 22 69 41 34 70 39 24 71 35 35 72 15 36 73 17 37 74 14 28 75 15 36 76 16 38 77 13 27 78 28 39 79 15 36 80 29 40 81 15 36 82 28 39 83 14 28 84 36 41 85 38 33 86 36 41 87 16 38 88 35 35 89 17 37 90 31 42 91 35 35 92 27 43 93 17 37 94 29 40 95 31 42 96 30 4 97 32 44 98 30 4 99 27 43 100 26 5 101 54 45 102 43 45 103 46 45 104 43 46 105 44 46 106 46 46 107 44 47 108 45 47 109 46 47 110 46 48 111 47 48 112 54 48 113 47 49 114 48 49 115 53 49 116 54 50 117 47 50 118 53 50 119 48 51 120 49 51 121 53 51 122 49 52 123 50 52 124 51 52 125 52 53 126 49 53 127 51 53 128 56 54 129 55 54 130 59 54 131 55 55 132 57 55 133 59 55 134 59 56 135 58 56 136 67 56 137 56 57 138 59 57 139 67 57 140 58 58 141 60 58 142 67 58 143 60 59 144 62 59 145 1 59 146 62 60 147 61 60 148 63 60 149 63 61 150 64 61 151 65 61 152 65 62 153 66 62 154 62 62 155 66 63 156 1 63 157 62 63 158 1 64 159 67 64 160 60 64 161 26 5 162 25 10 163 0 2 164 2 6 165 3 14 166 4 7 167 0 2 168 2 6 169 33 3 170 2 6 171 68 8 172 33 3 173 2 6 174 0 2 175 25 10 176 21 12 177 3 14 178 2 6 179 3 14 180 5 18 181 6 15 182 22 16 183 5 18 184 3 14 185 37 13 186 4 7 187 6 15 188 5 18 189 7 21 190 8 19 191 19 20 192 7 21 193 5 18 194 8 19 195 40 25 196 42 17 197 7 21 198 9 32 199 10 22 200 18 23 201 9 32 202 7 21 203 8 19 204 10 22 205 39 24 206 12 26 207 11 30 208 13 27 209 20 29 210 13 27 211 11 30 212 23 31 213 11 30 214 9 32 215 10 22 216 9 32 217 11 30 218 12 26 219 14 28 220 38 33 221 10 22 222 12 26 223 41 34 224 35 35 225 16 38 226 15 36 227 14 28 228 13 27 229 15 36 230 13 27 231 20 29 232 28 39 233 29 40 234 17 37 235 15 36 236 14 28 237 16 38 238 36 41 239 17 37 240 27 43 241 31 42 242 31 42 243 27 43 244 30 4 245</p>
        </triangles>
      </mesh>
    </geometry>
    <geometry id="Pot_low_cell_001-mesh" name="Pot_low_cell.001">
      <mesh>
        <source id="Pot_low_cell_001-mesh-positions">
          <float_array id="Pot_low_cell_001-mesh-positions-array" count="429">4.83515e-4 -0.007556736 -0.006193697 -0.005326926 -0.02579128 -0.005974471 -0.02087658 0.02179896 -0.006193697 -0.03995102 0.02180051 -0.006193697 0.01721954 -0.007556736 -0.004998505 0.008099496 -0.03554952 -0.004998505 0.03018772 -0.007556736 -0.002797245 -0.01570975 0.03769886 -0.004998505 0.008099496 0.02043598 -0.004998505 0.0185849 0.02805668 -0.002797245 0.0432856 -0.007556736 0.001849889 0.04975843 -0.007556736 0.006008386 0.05321824 -0.007556736 0.01060843 0.02917516 0.03575354 0.001849889 0.03440874 0.03955733 0.006008386 0.03720611 0.04159039 0.01060843 0.05519133 -0.007556736 0.01528757 0.03880149 0.04274982 0.01528757 0.0525428 -0.007556736 0.02491617 0.0487293 -0.007556736 0.03089654 0.0335766 -0.05406624 0.03089654 0.04050624 -0.007556736 0.03656125 0.02692788 -0.04923391 0.03656125 0.03666001 0.04119342 0.02491617 0.0335766 0.03895252 0.03089654 0.02692788 0.0341202 0.03656125 0.02987325 -0.007556736 0.04059064 0.01833063 -0.04298543 0.04059064 0.01833063 0.0278719 0.04059064 0.01756316 -0.007556676 0.04534649 -0.01560372 -0.05313891 0.04534649 0.008377313 -0.03575152 0.04534649 -0.01560372 0.03802525 0.04534649 0.008377313 0.02063786 0.04534649 0.005119919 -0.03338408 -0.001281321 -0.01684749 0.0341978 -0.001281321 0.005119919 0.01827049 -0.001281321 0.01353442 -0.007556676 -0.001281321 -0.02179634 -0.03408223 -0.003839135 -0.007841169 0.008850455 -0.003839135 -0.05413877 0.01189291 -0.07801371 -0.04864948 0.01291304 -0.0842902 -0.05353701 0.009241878 -0.07309937 -0.05701637 0.006451964 -0.06477493 -0.0179975 -0.03735518 -0.005855441 -0.01072376 -0.04552155 0.005128085 0.008406817 -0.06699991 0.03401583 -0.005643427 -0.04237049 -0.005155861 -0.01381474 -0.03186637 -0.02019178 -0.05887275 5.65443e-4 -0.05121821 -0.05785781 -0.004991114 -0.04061949 -0.04166638 -0.05314111 0.04534649 -0.0289911 -0.03408282 -0.003839135 -0.02177953 -0.03413408 -0.009462475 0.003391325 -0.06629896 0.03656125 -0.01625144 -0.05114555 0.02106219 -0.01254647 -0.06254702 0.04152065 -0.05302339 0.008868694 -0.007638812 -0.05202889 0.0224477 -0.005511224 -0.05548286 0.0106557 -0.02825397 -0.04003024 0.02204453 -0.06329584 -0.04197067 0.02801901 -0.002319395 -0.03291082 0.03802663 0.04534649 -0.02995884 0.03419888 -0.001281321 -0.02218198 0.0376994 -0.004998505 -0.01238685 0.04792451 0.04132091 0.008384883 0.05721771 0.03089654 0.005881965 0.05264222 0.001849889 0.01600122 0.05928105 0.01528757 0.01167541 0.05603998 0.006008386 0.01455163 0.05801594 0.01060843 0.01257991 0.05865263 0.02491617 -0.006190598 0.04602009 -0.002797245 9.62522e-6 0.05363732 0.03656125 -0.04719799 0.01691734 -0.07651096 -0.03925967 0.01967197 -0.07998162 -0.03556263 0.01971501 -0.08467996 -0.03084874 0.02213567 -0.08478993 -0.02157515 0.01964932 -0.07768183 -0.01451432 -0.02904319 -0.02497971 -0.007662653 -0.02409374 -0.02658551 -0.007399976 0.009171068 -0.06006884 -0.002139329 -0.007556736 -0.04055863 0.02184504 -0.03316372 -0.002797245 0.03565043 -0.03099203 0.001849889 0.04175841 -0.03211182 0.006008386 0.04215699 -0.04574674 0.01998376 0.04466378 -0.03986984 0.01528757 0.04411101 -0.03551036 0.01060843 0.0378167 -0.05275666 0.02491617 0.01468986 -0.06775993 0.03089654 -0.04864948 0.01291304 -0.0842902 -0.05353701 0.009241878 -0.07309937 -0.05701637 0.006451964 -0.06477493 -0.05887275 5.65443e-4 -0.05121821 -0.0289911 -0.03408282 -0.003839135 -0.02177953 -0.03413408 -0.009462475 -0.04166638 -0.05314111 0.04534649 -0.01625144 -0.05114555 0.02106219 -0.01072376 -0.04552155 0.005128085 0.008406817 -0.06699991 0.03401583 0.003391325 -0.06629896 0.03656125 -0.01254647 -0.06254702 0.04152065 -0.05785781 -0.004991114 -0.04061949 -0.05302339 0.008868694 -0.007638812 -0.05548286 0.0106557 -0.02825397 0.01600122 0.05928105 0.01528757 0.01455163 0.05801594 0.01060843 0.01167541 0.05603998 0.006008386 0.005881965 0.05264222 0.001849889 -0.006190598 0.04602009 -0.002797245 -0.04197067 0.02801901 -0.002319395 -0.02995884 0.03419888 -0.001281321 -0.03291082 0.03802663 0.04534649 -0.01238685 0.04792451 0.04132091 0.008384883 0.05721771 0.03089654 9.62522e-6 0.05363732 0.03656125 0.01257991 0.05865263 0.02491617 -0.04003024 0.02204453 -0.06329584 -0.04719799 0.01691734 -0.07651096 -0.03925967 0.01967197 -0.07998162 -0.03925967 0.01967197 -0.07998162 -0.03925967 0.01967197 -0.07998162 -0.03556263 0.01971501 -0.08467996 -0.01451432 -0.02904319 -0.02497971 -0.007662653 -0.02409374 -0.02658551 -0.02157515 0.01964932 -0.07768183 0.04215699 -0.04574674 0.01998376 0.0378167 -0.05275666 0.02491617 0.02184504 -0.03316372 -0.002797245 0.03565043 -0.03099203 0.001849889 0.04175841 -0.03211182 0.006008386 0.04411101 -0.03551036 0.01060843 0.04466378 -0.03986984 0.01528757 -0.01570975 0.03769886 -0.004998505 -0.02218198 0.0376994 -0.004998505 0.01468986 -0.06775993 0.03089654 -0.005643427 -0.04237049 -0.005155861 -0.05413877 0.01189291 -0.07801371 -0.0179975 -0.03735518 -0.005855441 -0.03084874 0.02213567 -0.08478993 -0.01381474 -0.03186637 -0.02019178 0.008099496 -0.03554952 -0.004998505</float_array>
          <technique_common>
            <accessor source="#Pot_low_cell_001-mesh-positions-array" count="143" stride="3">
              <param name="X" type="float"/>
              <param name="Y" type="float"/>
              <param name="Z" type="float"/>
            </accessor>
          </technique_common>
        </source>
        <source id="Pot_low_cell_001-mesh-normals">
          <float_array id="Pot_low_cell_001-mesh-normals-array" count="462">-0.3210963 -0.8493763 -0.4188761 -0.3285996 -0.8490583 -0.4136695 -0.3285999 -0.8490573 -0.4136714 -0.3285999 -0.849058 -0.41367 -0.9909911 0.05332636 0.1228534 -0.3196738 -0.8501433 -0.4184077 -0.4364647 0.8347044 -0.3358085 0.4244582 -0.7514664 -0.5051076 0.3291663 -0.6711728 -0.6642113 0.8141235 -0.5765691 -0.06907337 0.6014499 -0.7987127 -0.01778107 0.8826347 -0.4576255 -0.1074006 0.9922233 0.0826506 -0.09306985 0.9879477 0.152788 -0.02480882 -0.584366 -0.1882349 0.7893567 -0.8870589 0.4604218 -0.03374081 -0.6687397 0.7433036 0.01694375 0.02127301 0.9997697 -0.002836585 0.03799098 0.9986801 0.03456622 -0.2865937 0.9573778 -0.03594148 -0.7051814 0.6766045 0.211957 0.8200468 0.5720252 -0.01762253 0.7275074 0.6858941 -0.01680064 0.6883684 0.7253581 0.00217396 0.61774 0.7858228 -0.02966588 0.3902766 0.2841257 0.8757607 0.3568086 0 0.9341776 0.4826176 2.71589e-7 0.8758313 0.3707596 0.2699178 -0.8886405 0.2678501 -1.28442e-7 -0.9634607 0.216602 0.1577001 -0.9634388 0.1278263 -8.69727e-4 -0.9917962 0.05368375 -0.03269457 -0.9980226 0.03386849 0.005615293 -0.9994106 0.2265194 -0.07379972 -0.9712068 0.08609753 -0.04016655 -0.9954767 0.419246 -0.1365896 -0.8975389 0.0818175 0.05958592 -0.9948645 -0.04739749 -0.03468275 -0.9982738 -0.07274723 0.3378003 -0.9384023 -0.02891683 0.06436175 -0.9975076 4.23479e-5 0.5288055 -0.8487431 -0.03172165 0.3819556 -0.9236361 -0.04002666 0.2680327 -0.9625779 -0.02003365 0.523994 -0.8514863 0.143746 0.1982578 -0.9695519 0.05042791 0.09397405 -0.9942967 0.2539907 0.3503091 -0.9015388 0.4584821 -1.78095e-6 -0.8887037 0.6734575 -0.2194114 -0.7059134 0.8726377 3.89693e-6 -0.4883682 0.8508655 -0.2772107 -0.4462983 0.5648324 0.4111748 -0.7154718 0.6985237 -2.3446e-6 -0.7155871 0.396727 0.5471744 -0.7370265 0.7055835 0.5136063 -0.488222 0.5118559 0.7059628 -0.4895099 0.9979523 0.00376445 -0.06385272 0.9507476 -0.3097519 -0.01152628 0.9010944 -0.2922543 0.3203378 0.8069888 0.5873659 -0.0614053 0.5863079 0.8086474 -0.04829615 0.3715592 -0.5124663 0.7741589 0.8002526 -0.4049379 0.442291 0.6165451 -0.5224168 0.589027 0.7375789 -1.81857e-7 0.675261 0.9174677 0.004266738 0.3977876 0.288604 -0.2100665 0.9341199 0.2549808 -0.3512782 0.9008821 0.390276 -0.2841235 0.8757618 0.3445012 -0.4751453 0.8096641 0.742644 0.5405673 0.3953064 0.5964013 0.4341493 0.6751443 0.534409 0.7370682 0.4136879 0.4114355 0.5674605 0.7132386 0.264505 0.3645266 0.8928367 0.2885972 0.2100739 0.9341202 0.1652292 0.3231279 0.9318196 0.1543316 -0.3272562 0.9322474 -0.3193664 0.2323839 0.9186963 -0.1219946 0.3758853 0.9186009 -0.3947024 -5.41148e-7 0.918809 -7.11322e-5 0.8621692 0.5066205 -7.34326e-5 -0.9187614 0.3948135 -0.1219906 -0.3758577 0.9186127 -0.3193707 -0.2323902 0.9186931 -0.5958391 0.8018136 0.04550927 -0.463726 0.8819147 0.08476245 -0.8294066 0.001000225 0.5586447 -0.7248701 0.4492126 0.5222753 0.02153903 -0.7169357 0.6968065 -0.6475887 -0.4713882 0.5986836 -0.03623074 0.04997038 0.9980934 0.2049747 -0.3297981 0.9215307 -0.1067572 0.3959839 0.9120305 -7.26757e-5 0.8662089 0.4996821 -0.1079865 -0.2879646 0.9515331 -0.2561164 -0.7894282 0.5578597 -0.1275393 -0.09265458 0.9874963 -0.3068434 -0.009988188 0.9517076 -0.3543827 0.0929659 0.9304678 -0.2795733 0.9600755 -0.009687185 0.938246 -0.3449641 -0.02635192 0.111347 0.92731 0.3573487 0.3589462 -0.9332379 0.01498824 0.7679443 -0.6404436 -0.009676694 0.2722967 -0.9621065 0.01434183 -0.003583908 -0.9997352 0.02273237 -0.3811453 0.9126931 -0.1473761 -0.2802086 0.9414045 -0.1877253 -0.4388036 0.829641 -0.3451774 0.3291664 -0.6711723 -0.6642118 0.3942922 -0.4403293 -0.806625 -0.3285998 -0.8490579 -0.4136701 -0.3286 -0.8490573 -0.4136711 -0.3285998 -0.8490579 -0.4136701 -0.9909911 0.05332684 0.1228532 -0.3133713 -0.8496291 -0.4241802 0.3291667 -0.6711727 -0.6642112 0.2832556 -0.6985515 -0.6571089 0.2298039 -0.7030056 -0.6730331 0.3392812 -0.668313 -0.6620016 0.3291664 -0.6711726 -0.6642115 0.329167 -0.6711717 -0.6642121 0.3291657 -0.6711732 -0.6642112 0.4268913 -0.8952441 0.127679 -0.04904067 0.9211211 0.3861749 -0.002283573 0.9996219 0.02740526 -0.3395069 0.9396181 0.04304623 -0.5873175 0.680088 0.438792 -0.7039324 0.6954608 0.1442691 -0.07335269 0.0687645 -0.9949326 -0.04726403 0.1579939 -0.9863084 -0.6723727 0.6663732 0.3222761 -0.1810794 0.5667119 0.8037711 0.1725518 -0.4798851 0.8601955 0.08676463 -0.4266207 0.9002592 -0.424458 0.7514662 0.5051078 0.5869668 -0.8095586 -0.009222507 -8.23284e-5 -0.9999576 -0.009216487 -8.00426e-5 -0.9995483 0.03005707 -0.4481968 0.8881783 -0.1012864 -0.4481979 0.8881778 -0.101287 -0.4481976 0.8881779 -0.1012871 -0.4481976 0.8881779 -0.1012871 -0.6370173 0.7610827 -0.1223198 -0.4481976 0.8881779 -0.1012867 5.86701e-5 0.7279471 0.6856334 -0.4481977 0.8881779 -0.1012871 -0.4481976 0.8881779 -0.1012871 -0.4481975 0.8881779 -0.1012865 -0.4481977 0.8881778 -0.1012869 -0.5103603 0.7996451 -0.3163862 0.03623086 -0.04997038 -0.9980934</float_array>
          <technique_common>
            <accessor source="#Pot_low_cell_001-mesh-normals-array" count="154" stride="3">
              <param name="X" type="float"/>
              <param name="Y" type="float"/>
              <param name="Z" type="float"/>
            </accessor>
          </technique_common>
        </source>
        <source id="Pot_low_cell_001-mesh-map-0">
          <float_array id="Pot_low_cell_001-mesh-map-0-array" count="1062">0.6306507 0.625013 0.4533085 0.4533085 4.65753e-4 0 1 0.8208901 1 0.8847554 0.9483821 0.9483821 0.7293263 0.5981826 0.6320067 0.6106618 0.6408947 0.5942732 0.6000908 0.3243408 0.9149951 0.3025419 0.6187369 0.4476925 0.8208901 0.8208901 0.9349547 0.7466021 0.8847554 0.8847554 0.6442815 0 1 0.5434074 0.4417594 0 0.8994563 0.8994563 0.907712 0 0.9320891 0 1 0.6370416 1 0.6543256 0.9569013 0.6030181 0.8162742 0.2314207 0.8428565 0.2313688 0.8228062 0.3163318 0.06388759 0.7886905 0.07771605 0.7702061 0.08431875 0.7800954 0.07354348 0.8110892 0.08431875 0.7800954 0.1118717 0.7949317 0.09671783 0.6430022 0.07459247 0.6668202 0.04272264 0.6654092 3.21257e-4 0.6306674 0.08522582 0.595182 0.07457911 0.6258698 0.07457965 0.6258695 0.09407716 0.6298137 0.09671783 0.6430022 0.08346956 0.8333221 0.1118717 0.7949317 0.1465317 0.8067191 0.09415376 0.8548812 0.1465317 0.806719 0.1789889 0.8193694 0.9481052 0.3252589 0.9727813 0.3754273 0.9590367 0.3768241 0.8918941 0.3380202 0.8860475 0.3904415 0.8758974 0.3449335 0.8695542 0.394549 0.8548411 0.4397262 0.8480885 0.4002264 0.8695542 0.394549 0.8903461 0.4226462 0.8757065 0.4371291 0.8860475 0.3904415 0.9065884 0.411593 0.8903461 0.4226461 0.8609521 0.3527752 0.8480885 0.4002264 0.8420088 0.363183 0.8230049 0.6810635 0.8149285 0.7168293 0.8168159 0.6761798 0.8168159 0.6761798 0.829728 0.6671324 0.8230049 0.6810635 0.8293812 0.3362696 0.8609521 0.3527752 0.8420088 0.363183 0.8758974 0.3449335 0.8695542 0.394549 0.8609521 0.3527752 0.8607439 0.3088207 0.8609521 0.3527752 0.8483952 0.3113522 0.8800321 0.3050958 0.8758974 0.3449335 0.8607439 0.3088207 0.9026996 0.386287 0.9160096 0.4092252 0.9065884 0.411593 0.9160096 0.4092252 0.9194255 0.3829753 0.9236252 0.4104754 0.9026996 0.386287 0.9008477 0.3348447 0.9122186 0.3843549 0.8907775 0.3033347 0.8918941 0.3380202 0.8800321 0.3050958 0.9122186 0.3843549 0.9077739 0.3327144 0.9194255 0.3829753 0.8986881 0.3015599 0.9008477 0.3348447 0.8907775 0.3033347 0.9236252 0.4104754 0.9258395 0.3818168 0.930636 0.4131937 0.9306361 0.4131937 0.9318299 0.3807853 0.9376242 0.4184688 0.9140463 0.3310834 0.9194255 0.3829753 0.9077739 0.3327144 0.905606 0.2997197 0.9077739 0.3327144 0.8986881 0.3015599 0.9540008 0.4510127 0.9489739 0.4292054 0.9551479 0.4286852 0.9456605 0.4258144 0.9472537 0.3783983 0.9551479 0.4286852 0.9376242 0.4184688 0.9385363 0.3796882 0.9456605 0.4258144 0.9810113 0.427127 0.9692434 0.4621233 0.9673503 0.4278565 0.956468 0.4528444 0.9673503 0.4278565 0.9634674 0.4573603 0.9551479 0.4286852 0.9590367 0.3768241 0.9673503 0.4278565 0.9673503 0.4278565 0.9727813 0.3754273 0.9810113 0.427127 0.9472537 0.3783983 0.9266622 0.3283503 0.9355763 0.3268348 0.9355763 0.3268348 0.9189552 0.2942574 0.9283067 0.2902677 0.9266622 0.3283503 0.9119124 0.2972571 0.9189552 0.2942574 0.9385363 0.3796882 0.9199696 0.3297313 0.9266622 0.3283503 0.9590367 0.3768241 0.9355763 0.3268348 0.9481052 0.3252589 0.9481052 0.3252589 0.9283067 0.2902677 0.9412499 0.2843131 0.9620511 0.3245757 0.94125 0.2843132 0.9556998 0.2773827 0.9837482 0.4760159 0.9978641 0.425637 1 0.4794989 0.9880321 0.37345 0.9810113 0.427127 0.9727813 0.3754273 0.9839166 0.4809233 0.9837206 0.4852297 0.9820492 0.5219382 0.923321 0.7536569 0.9169719 0.77601 0.9157919 0.7801643 0.9620511 0.3245757 0.9880321 0.37345 0.9727813 0.3754273 0.9581568 0.2760388 0.9791626 0.3236305 0.9620511 0.3245757 0.8003296 0.3139065 0.7752085 0.2622958 0.7958968 0.2696514 0.8003296 0.3139065 0.738736 0.2924227 0.7568903 0.2720035 0.820721 0.2891272 0.8365291 0.2680302 0.8203194 0.2896632 0.9069681 0.1347893 0.9122984 0.1180452 0.9058737 0.1382272 0.7522875 0.360416 0.738736 0.2924227 0.7779784 0.3375291 0.7223223 0.3819705 0.7179774 0.3116582 0.7522875 0.360416 0.7671031 0.2591788 0.7421519 0.2575367 0.763105 0.2496315 0.7756677 0.2482865 0.7763403 0.2474007 0.7805771 0.2418206 0.833445 0.1123504 0.853794 0.1052354 0.849307 0.120153 0.7179774 0.3116582 0.6925811 0.3086763 0.7093044 0.2932811 0.7179774 0.3116582 0.7253902 0.2754923 0.738736 0.2924227 0.738736 0.2924227 0.7421519 0.2575367 0.7568903 0.2720035 0.7528034 0.2343621 0.7646628 0.2300384 0.7586506 0.2387177 0.7403244 0.1054126 0.763334 0.1457235 0.7483231 0.1193485 0.8249432 0.1336489 0.8090871 0.1519722 0.7403245 0.1054126 0.7454128 0.08052366 0.7582708 0.06191688 0.8249432 0.1336489 0.9984447 0.9263517 1 0.8994563 1 0.951191 0.7428622 0.5821637 0.6526389 0.5650579 0.4770869 0.3208128 1 0 0.951191 0.951191 0.9272243 0.5554845 0.8812645 0.8392009 0.932089 0.932089 0.907712 0.907712 0.8608004 0.4741905 0.8587545 0.4779916 0.8548411 0.4397262 0.6187369 0.4476925 0.5434074 0.5434074 0.3686406 0.3686406 0.3686406 0.3686406 0.4248074 0.3535267 0.6187369 0.4476925 0.4248074 0.3535267 0.6000908 0.3243408 0.6187369 0.4476925 0.8208901 0.8208901 0.9171295 0.6138088 0.9349547 0.7466021 0.6442815 0 1 0.3686407 1 0.5434074 0.8428565 0.2313688 0.8956614 0.2461174 0.8796059 0.401669 0.8956614 0.2461174 1 0.3382896 0.8796059 0.401669 0.8796059 0.401669 1 0.3382896 0.9336073 0.4672642 1 0.3382896 0.9906328 0.5284215 0.9336073 0.4672642 0.8796059 0.401669 0.8228062 0.3163318 0.8428565 0.2313688 0.8228062 0.3163318 0.8038502 0.2726756 0.8053541 0.2474465 0.8053541 0.2474465 0.8162742 0.2314207 0.8228062 0.3163318 0.06388759 0.7886905 0.05728334 0.7676033 0.07771605 0.7702061 0.07354348 0.8110892 0.06388759 0.7886905 0.08431875 0.7800954 0.09671783 0.6430022 0.08743619 0.6530385 0.07459247 0.6668202 0.004426121 0.6425648 0.006858468 0.6496145 0.08522582 0.595182 0.006858468 0.6496145 0.07457911 0.6258698 0.08522582 0.595182 0.07457911 0.6258698 0.008168101 0.6534102 3.21257e-4 0.6306674 0.09407716 0.6298137 0.09982484 0.6391348 0.09671783 0.6430022 0.09671783 0.6430022 0.0427227 0.6654091 0.07457965 0.6258695 0.0427227 0.6654091 0.01543772 0.6720288 0.008168101 0.6534102 0.07457965 0.6258695 0.0427227 0.6654091 0.008168101 0.6534102 0.08346956 0.8333221 0.07354348 0.8110892 0.1118717 0.7949317 0.09415376 0.8548812 0.08346956 0.8333221 0.1465317 0.806719 0.9481052 0.3252589 0.9620511 0.3245757 0.9727813 0.3754273 0.8918941 0.3380202 0.9026996 0.386287 0.8860475 0.3904415 0.8695542 0.394549 0.8757065 0.4371291 0.8548411 0.4397262 0.8695542 0.394549 0.8860475 0.3904415 0.8903461 0.4226462 0.8860475 0.3904415 0.9026996 0.386287 0.9065884 0.411593 0.8609521 0.3527752 0.8695542 0.394549 0.8480885 0.4002264 0.8230049 0.6810635 0.8159707 0.7153164 0.8149285 0.7168293 0.8159707 0.7153164 0.8109576 0.7225938 0.8149285 0.7168293 0.8168159 0.6761798 0.8266777 0.6476865 0.829728 0.6671324 0.8293812 0.3362696 0.8440725 0.3164435 0.8609521 0.3527752 0.8758974 0.3449335 0.8860475 0.3904415 0.8695542 0.394549 0.8607439 0.3088207 0.8758974 0.3449335 0.8609521 0.3527752 0.8800321 0.3050958 0.8918941 0.3380202 0.8758974 0.3449335 0.9026996 0.386287 0.9122186 0.3843549 0.9160096 0.4092252 0.9160096 0.4092252 0.9122186 0.3843549 0.9194255 0.3829753 0.9026996 0.386287 0.8918941 0.3380202 0.9008477 0.3348447 0.8907775 0.3033347 0.9008477 0.3348447 0.8918941 0.3380202 0.9122186 0.3843549 0.9008477 0.3348447 0.9077739 0.3327144 0.8986881 0.3015599 0.9077739 0.3327144 0.9008477 0.3348447 0.9236252 0.4104754 0.9194255 0.3829753 0.9258395 0.3818168 0.9140463 0.3310834 0.9258395 0.3818168 0.9194255 0.3829753 0.905606 0.2997197 0.9140463 0.3310834 0.9077739 0.3327144 0.9456605 0.4258144 0.9385363 0.3796882 0.9472537 0.3783983 0.9376242 0.4184688 0.9318299 0.3807853 0.9385363 0.3796882 0.9810113 0.427127 0.9837481 0.4760159 0.9692434 0.4621233 0.9551479 0.4286852 0.9673503 0.4278565 0.956468 0.4528444 0.9673503 0.4278565 0.9692434 0.4621233 0.9634674 0.4573603 0.9551479 0.4286852 0.9472537 0.3783983 0.9590367 0.3768241 0.9673503 0.4278565 0.9590367 0.3768241 0.9727813 0.3754273 0.9472537 0.3783983 0.9385363 0.3796882 0.9266622 0.3283503 0.9355763 0.3268348 0.9266622 0.3283503 0.9189552 0.2942574 0.9266622 0.3283503 0.9199696 0.3297313 0.9119124 0.2972571 0.9385363 0.3796882 0.9318299 0.3807853 0.9199696 0.3297313 0.9590367 0.3768241 0.9472537 0.3783983 0.9355763 0.3268348 0.9481052 0.3252589 0.9355763 0.3268348 0.9283067 0.2902677 0.9620511 0.3245757 0.9481052 0.3252589 0.94125 0.2843132 0.9837482 0.4760159 0.9810113 0.427127 0.9978641 0.425637 0.9880321 0.37345 0.9978641 0.425637 0.9810113 0.427127 0.9620511 0.3245757 0.9791626 0.3236305 0.9880321 0.37345 0.9581568 0.2760388 0.9732646 0.2802531 0.9791626 0.3236305 0.7958968 0.2696514 0.8203194 0.2896632 0.8003296 0.3139065 0.8003296 0.3139065 0.7568903 0.2720035 0.7752085 0.2622958 0.7568903 0.2720035 0.7671031 0.2591788 0.7752085 0.2622958 0.8003296 0.3139065 0.7779784 0.3375291 0.738736 0.2924227 0.9069681 0.1347893 0.853794 0.1052354 0.9122984 0.1180452 0.7522875 0.360416 0.7179774 0.3116582 0.738736 0.2924227 0.7223223 0.3819705 0.6922496 0.3291999 0.7179774 0.3116582 0.7568903 0.2720035 0.7421519 0.2575367 0.7671031 0.2591788 0.7421519 0.2575367 0.7586506 0.2387177 0.763105 0.2496315 0.8451962 0.1338195 0.8462019 0.1304758 0.849307 0.120153 0.8462019 0.1304758 0.833445 0.1123504 0.849307 0.120153 0.7179774 0.3116582 0.6922496 0.3291999 0.6925811 0.3086763 0.7179774 0.3116582 0.7093044 0.2932811 0.7253902 0.2754923 0.738736 0.2924227 0.7253902 0.2754923 0.7421519 0.2575367 0.7528035 0.2343621 0.7586506 0.2387177 0.7421519 0.2575367 0.7188805 0.239811 0.7282796 0.232005 0.7311639 0.2320637 0.7403244 0.1054126 0.8090871 0.1519722 0.763334 0.1457235 0.73307 0.08985263 0.7454124 0.08052343 0.7403245 0.1054126 0.7454124 0.08052343 0.8249432 0.1336489 0.7403245 0.1054126 0.8266512 0.1293702 0.7582708 0.06191688 0.7454128 0.08052366 0.7582708 0.06191688 0.833445 0.1123504 0.8249432 0.1336489 0.6819731 0.4115212 0.7585054 0.4674983 0.7814369 0.494775 0.7814369 0.494775 0.7973321 0.5216253 0.6819731 0.4115212 0.7973321 0.5216253 0.7970699 0.5459744 0.6819731 0.4115212 0.7970699 0.5459744 0.7711254 0.5733182 0.5507756 0.3440218 0.7711254 0.5733182 0.7428622 0.5821637 0.4770869 0.3208128 0.7970699 0.5459744 0.5507756 0.3440218 0.6249536 0.3768028 0.7428622 0.5821637 0.7117662 0.5865148 0.6526389 0.5650579 0.7117662 0.5865148 0.6041623 0.5713878 0.6526389 0.5650579 0.6526389 0.5650579 0.3444097 0.293657 0.4770869 0.3208128 0.6249536 0.3768028 0.6819731 0.4115212 0.7970699 0.5459744 0.4770869 0.3208128 0.5507756 0.3440218 0.7711254 0.5733182 1 0 1 0.5633929 0.951191 0.951191 0.8757065 0.4371291 0.8739152 0.4584255 0.8548411 0.4397262</float_array>
          <technique_common>
            <accessor source="#Pot_low_cell_001-mesh-map-0-array" count="531" stride="2">
              <param name="S" type="float"/>
              <param name="T" type="float"/>
            </accessor>
          </technique_common>
        </source>
        <vertices id="Pot_low_cell_001-mesh-vertices">
          <input semantic="POSITION" source="#Pot_low_cell_001-mesh-positions"/>
        </vertices>
        <triangles material="PorcelinPot-material" count="177">
          <input semantic="VERTEX" source="#Pot_low_cell_001-mesh-vertices" offset="0"/>
          <input semantic="NORMAL" source="#Pot_low_cell_001-mesh-normals" offset="1"/>
          <input semantic="TEXCOORD" source="#Pot_low_cell_001-mesh-map-0" offset="2" set="0"/>
          <p>92 0 0 138 0 1 91 0 2 103 1 3 94 1 4 93 1 5 95 2 6 96 2 7 44 2 8 102 3 9 97 3 10 98 3 11 103 4 12 105 4 13 94 4 14 90 5 15 99 5 16 47 5 17 120 6 18 140 6 19 123 6 20 48 7 21 124 7 22 125 7 23 133 8 24 127 8 25 130 8 26 1 9 27 141 10 28 80 11 29 0 12 30 80 11 31 82 13 32 42 14 33 49 15 34 59 16 35 2 17 36 126 18 37 118 19 38 118 19 39 119 20 40 42 14 41 39 21 42 82 13 43 81 22 44 2 23 45 81 22 46 126 24 47 25 25 48 26 26 49 21 27 50 13 28 51 6 29 52 9 30 53 4 31 54 1 32 55 0 33 56 4 31 57 83 34 58 142 35 59 6 29 60 84 36 61 83 34 62 8 37 63 0 33 64 39 38 65 111 39 66 2 40 67 3 41 68 3 42 69 58 43 70 111 44 71 2 40 72 8 37 73 39 38 74 9 30 75 4 31 76 8 37 77 110 45 78 8 37 79 134 46 80 109 47 81 9 30 82 110 45 83 10 48 84 85 49 85 84 36 86 85 49 87 12 50 88 88 51 89 10 48 90 14 52 91 11 53 92 108 54 93 13 28 94 109 47 95 11 53 96 15 55 97 12 50 98 107 56 99 14 52 100 108 54 101 88 51 102 16 57 103 87 58 104 87 58 105 16 57 106 86 59 107 17 60 108 12 50 109 15 55 110 106 61 111 15 55 112 107 56 113 136 62 114 89 63 115 20 64 116 89 63 117 19 65 118 20 64 119 86 59 120 18 66 121 89 63 122 27 67 123 54 68 124 22 69 125 136 62 126 22 69 127 46 70 128 20 64 129 21 27 130 22 69 131 22 69 132 26 26 133 27 67 134 19 65 135 23 71 136 24 72 137 24 72 138 117 73 139 115 74 140 23 71 141 106 61 142 117 73 143 18 66 144 17 60 145 23 71 146 21 27 147 24 72 148 25 25 149 25 25 150 115 74 151 116 75 152 28 76 153 116 75 154 114 77 155 56 78 156 31 79 157 30 80 158 29 81 159 27 67 160 26 26 161 56 78 162 30 80 163 51 82 164 113 83 165 32 84 166 114 77 167 28 76 168 29 81 169 26 26 170 114 77 171 33 85 172 28 76 173 31 79 174 45 86 175 55 87 176 31 79 177 37 88 178 34 89 179 55 87 180 51 82 181 30 80 182 112 90 183 32 84 184 113 83 185 33 85 186 37 88 187 29 81 188 32 84 189 36 91 190 33 85 191 137 92 192 1 92 193 139 92 194 139 93 195 38 94 196 52 95 197 2 96 198 35 97 199 112 90 200 36 91 201 2 96 202 39 98 203 36 91 204 0 99 205 37 88 206 37 88 207 1 100 208 34 89 209 53 101 210 52 95 211 38 94 212 42 14 213 50 102 214 43 103 215 3 104 216 57 105 217 42 14 218 75 106 219 126 107 220 3 104 221 60 108 222 122 108 223 74 108 224 7 109 225 63 109 226 65 109 227 91 110 228 74 110 229 122 110 230 78 111 231 123 111 232 140 111 233 139 112 234 53 112 235 1 112 236 98 113 237 99 113 238 100 113 239 100 114 240 101 114 241 98 114 242 101 115 243 102 115 244 98 115 245 103 116 246 104 116 247 105 116 248 90 117 249 100 117 250 99 117 251 127 118 252 128 118 253 129 118 254 128 119 255 90 119 256 129 119 257 129 120 258 90 120 259 5 120 260 90 121 261 47 121 262 5 121 263 129 122 264 130 122 265 127 122 266 130 123 267 131 123 268 132 123 269 132 124 270 133 124 271 130 124 272 1 9 273 53 125 274 141 10 275 0 12 276 1 9 277 80 11 278 42 14 279 43 103 280 49 15 281 77 126 282 121 127 283 126 18 284 121 127 285 118 19 286 126 18 287 118 19 288 3 128 289 2 17 290 119 20 291 40 129 292 42 14 293 42 14 294 59 16 295 118 19 296 59 16 297 57 130 298 3 128 299 118 19 300 59 16 301 3 128 302 39 21 303 0 12 304 82 13 305 2 23 306 39 21 307 81 22 308 25 25 309 28 76 310 26 26 311 13 28 312 10 48 313 6 29 314 4 31 315 142 35 316 1 32 317 4 31 318 6 29 319 83 34 320 6 29 321 10 48 322 84 36 323 8 37 324 4 31 325 0 33 326 111 39 327 135 131 328 2 40 329 135 131 330 134 46 331 2 40 332 3 42 333 57 132 334 58 43 335 2 40 336 134 46 337 8 37 338 9 30 339 6 29 340 4 31 341 110 45 342 9 30 343 8 37 344 109 47 345 13 28 346 9 30 347 10 48 348 11 53 349 85 49 350 85 49 351 11 53 352 12 50 353 10 48 354 13 28 355 14 52 356 108 54 357 14 52 358 13 28 359 11 53 360 14 52 361 15 55 362 107 56 363 15 55 364 14 52 365 88 51 366 12 50 367 16 57 368 17 60 369 16 57 370 12 50 371 106 61 372 17 60 373 15 55 374 89 63 375 18 66 376 19 65 377 86 59 378 16 57 379 18 66 380 27 67 381 56 78 382 54 68 383 20 64 384 22 69 385 136 62 386 22 69 387 54 68 388 46 70 389 20 64 390 19 65 391 21 27 392 22 69 393 21 27 394 26 26 395 19 65 396 18 66 397 23 71 398 24 72 399 23 71 400 117 73 401 23 71 402 17 60 403 106 61 404 18 66 405 16 57 406 17 60 407 21 27 408 19 65 409 24 72 410 25 25 411 24 72 412 115 74 413 28 76 414 25 25 415 116 75 416 56 78 417 27 67 418 31 79 419 29 81 420 31 79 421 27 67 422 28 76 423 33 85 424 29 81 425 114 77 426 32 84 427 33 85 428 55 87 429 30 80 430 31 79 431 31 79 432 34 89 433 45 86 434 34 89 435 137 133 436 45 86 437 31 79 438 29 81 439 37 88 440 112 90 441 35 97 442 32 84 443 33 85 444 36 91 445 37 88 446 32 84 447 35 97 448 36 91 449 34 89 450 1 100 451 137 133 452 1 134 453 38 94 454 139 93 455 111 135 456 3 136 457 112 90 458 3 136 459 2 96 460 112 90 461 36 91 462 35 97 463 2 96 464 36 91 465 39 98 466 0 99 467 37 88 468 0 99 469 1 100 470 53 101 471 38 94 472 1 134 473 80 137 474 79 137 475 141 137 476 42 14 477 57 105 478 50 102 479 41 138 480 75 106 481 42 14 482 75 106 483 3 104 484 42 14 485 76 139 486 126 107 487 75 106 488 126 107 489 2 140 490 3 104 491 71 141 492 68 141 493 70 141 494 70 142 495 69 142 496 71 142 497 69 143 498 67 143 499 71 143 500 67 144 501 72 144 502 73 144 503 72 145 504 7 145 505 65 145 506 67 146 507 73 146 508 66 146 509 7 147 510 64 147 511 63 147 512 64 148 513 61 148 514 63 148 515 63 149 516 62 149 517 65 149 518 66 150 519 71 150 520 67 150 521 65 151 522 73 151 523 72 151 524 91 152 525 138 152 526 74 152 527 142 35 528 137 153 529 1 32 530</p>
        </triangles>
      </mesh>
    </geometry>
    <geometry id="Pot_low_cell_016-mesh" name="Pot_low_cell.016">
      <mesh>
        <source id="Pot_low_cell_016-mesh-positions">
          <float_array id="Pot_low_cell_016-mesh-positions-array" count="303">0.01240837 -0.1040213 -0.1103023 0.06033706 -0.05165189 0.04982566 0.002276718 -0.1113826 -0.1034184 0.01240837 -0.04674273 -0.1103023 0.003209531 0.02095121 0.1234225 0.00308007 -0.07538205 -0.1103023 -0.009449243 -0.07538205 -0.1034184 0.002276718 -0.03938144 -0.1034184 -0.006651043 -0.0328949 -0.09345054 -0.02048981 -0.07538205 -0.09345054 -0.03587692 -0.07538205 -0.07835876 -0.01909357 -0.02385461 -0.07835876 -0.03263574 -0.01401543 -0.06005501 0.02476304 0.007943332 -0.07835876 0.01959532 0.02385437 -0.06005501 -0.04513722 -0.004932403 -0.04076743 -0.05885249 0.005032479 -0.0151295 0.01482474 0.03854268 -0.04076743 0.009590983 0.05465722 -0.0151295 -0.06889438 0.01232856 0.01020044 -0.07461673 0.01648622 0.03311502 0.005759 0.06645566 0.01020044 0.003575325 0.073179 0.03311502 0.002779006 0.0756309 0.0566588 0.005941271 0.0658943 0.102397 0.003785371 0.07253235 0.07950401 0.008782923 0.05714517 0.1196706 0.02414131 -0.1125283 -0.1103023 0.03129565 -0.01834142 -0.1034184 0.02887803 -0.03480148 -0.1103023 0.03405481 -0.006676018 -0.09345054 0.03804677 0.007942318 -0.07835876 0.04763591 0.03854012 -0.04076743 0.05388611 0.0546537 -0.0151295 0.0774486 0.06785279 0.09562289 0.06991571 0.07562553 0.0566588 0.06492835 0.07317411 0.03311502 0.07442122 0.07252675 0.07950401 0.04277753 0.02385258 -0.06005501 0.05981004 0.06645137 0.01020044 0.02455717 -0.1275368 -0.1034184 0.08123457 0.05813723 0.1177006 0.07867765 0.06588858 0.102397 -0.05228447 -0.07120841 -0.05878251 -0.04951083 -0.07538205 -0.06345754 -0.03002864 -0.09333717 -0.07835876 -0.008456289 -0.1123268 -0.09345054 -0.004110455 -0.1160233 -0.09628707 0.0818445 0.05484741 0.123373 -0.05633878 0.02518606 0.08998179 -0.04556661 0.02854871 0.102397 -0.02659642 0.03149354 0.1196706 -0.02176678 0.03196257 0.1236356 -0.08015269 -5.1e-4 0.03311502 -0.0781148 -0.01597934 0.01020044 -0.07814395 0.01358032 0.0566588 -0.07583141 0.01736867 0.06421428 -0.06165117 -0.05563277 -0.04076743 -0.07184189 -0.03484684 -0.0151295 -0.06528282 0.02245479 0.07950401 0.03216409 0.04800605 0.1344305 0.003936111 0.0433793 0.1330739 0.02027112 0.0463621 0.1369687 0.01205575 0.04706823 0.1359478 0.03129565 -0.01834142 -0.1034184 0.02887803 -0.03480148 -0.1103023 0.03405481 -0.006676018 -0.09345054 0.03804677 0.007942318 -0.07835876 0.04277753 0.02385258 -0.06005501 0.04763591 0.03854012 -0.04076743 0.05388611 0.0546537 -0.0151295 0.05981004 0.06645137 0.01020044 0.06492835 0.07317411 0.03311502 0.06991571 0.07562553 0.0566588 0.07442122 0.07252675 0.07950401 0.0774486 0.06785279 0.09562289 0.02414131 -0.1125283 -0.1103023 0.02455717 -0.1275368 -0.1034184 0.07867765 0.06588858 0.102397 0.08123457 0.05813723 0.1177006 -0.03002864 -0.09333717 -0.07835876 -0.008456289 -0.1123268 -0.09345054 -0.004110455 -0.1160233 -0.09628707 -0.04951083 -0.07538205 -0.06345754 -0.05633878 0.02518606 0.08998179 -0.04556661 0.02854871 0.102397 -0.02659642 0.03149354 0.1196706 -0.02176678 0.03196257 0.1236356 -0.06165117 -0.05563277 -0.04076743 -0.07184189 -0.03484684 -0.0151295 -0.05228447 -0.07120841 -0.05878251 -0.06528282 0.02245479 0.07950401 -0.07583141 0.01736867 0.06421428 -0.07814395 0.01358032 0.0566588 -0.08015269 -5.1e-4 0.03311502 -0.0781148 -0.01597934 0.01020044 0.0818445 0.05484741 0.123373 0.03216409 0.04800605 0.1344305 0.003936111 0.0433793 0.1330739 0.01205575 0.04706823 0.1359478 0.02027112 0.0463621 0.1369687</float_array>
          <technique_common>
            <accessor source="#Pot_low_cell_016-mesh-positions-array" count="101" stride="3">
              <param name="X" type="float"/>
              <param name="Y" type="float"/>
              <param name="Z" type="float"/>
            </accessor>
          </technique_common>
        </source>
        <source id="Pot_low_cell_016-mesh-normals">
          <float_array id="Pot_low_cell_016-mesh-normals-array" count="303">0.977793 -0.05958688 -0.2009234 0.9783924 -0.06485819 -0.196321 -0.3464503 -0.792477 0.5019485 0.9834012 -0.08965981 -0.1577446 -0.3430773 -0.7880682 0.511123 -0.347833 -0.7911159 0.503138 0.2521623 -0.5838552 0.7717043 -0.1622534 -0.3856037 0.9082862 -0.1463917 -0.3870176 0.9103774 0.2459317 -0.5793728 0.7770745 -0.4808675 -0.3500472 -0.8038865 -0.2065871 -0.2849316 -0.9360213 -0.3234081 -0.4460552 -0.834531 -0.2940492 0 -0.9557904 -0.4808692 0.3500462 -0.8038859 -0.2377316 0.1731014 -0.9557822 -0.2377316 -0.1731015 -0.9557822 -0.2175788 0.3000904 -0.9287654 -0.5839115 -0.3336321 -0.7400926 -0.5841367 0.4246636 -0.6916974 -0.6874887 -2.32568e-6 -0.7261951 -0.7225532 8.53464e-4 -0.6913149 -0.552657 0.4079251 -0.7267514 -0.5946394 3.10689e-7 -0.8039926 -0.6610824 -0.2153257 -0.7187523 -0.6906645 -0.2249615 -0.6872953 -0.3111147 0.6223024 -0.7182947 -0.2232573 0.6766912 -0.7016019 5.84948e-5 0.7389647 -0.6737442 -0.3845283 0.5742076 -0.7227888 -0.7735742 0.2519662 -0.5814603 -0.6163656 0.4482426 -0.647435 -0.7317928 0.2421749 -0.6370484 -0.7286161 0.1571626 -0.6666471 6.10994e-5 0.7780849 -0.6281591 -0.2502996 0.7717844 -0.5845503 6.55419e-5 0.8251884 -0.5648577 -0.2352227 0.7252911 -0.6470109 -0.8807719 0.2868827 -0.3767483 -0.7041443 0.5125151 -0.4914359 -0.8254515 0.2688637 -0.4963288 -0.6558588 0.4773847 -0.5847676 7.01426e-5 0.8821922 -0.4708896 -0.2874311 0.886237 -0.3632733 7.47345e-5 0.9391762 -0.343436 -0.2687135 0.8285453 -0.4912288 -0.7028932 0.7050563 -0.09400475 -0.7891991 0.5898087 -0.1711452 -0.9267176 0.3018475 -0.2237913 -0.7532274 0.5482285 -0.3634477 7.82678e-5 0.9834064 -0.1814165 -0.3097875 0.9506739 0.01583969 7.92989e-5 0.9995234 0.03087079 -0.3023384 0.9321709 -0.1991208 -0.3013702 0.9292053 0.2139009 -0.5778123 0.7969331 0.1761558 -0.5637599 0.7775511 0.2785484 7.73276e-5 0.9764875 0.215574 -0.2858657 0.8813962 0.3760609 7.58202e-5 0.9604423 0.2784796 -0.2661784 0.8211711 0.5048042 3.24378e-5 0.8486297 0.5289875 -0.001042246 0.8494711 0.5276342 -0.517415 0.7136319 0.4722408 -0.5547318 0.7651003 0.3269468 7.30767e-5 0.9267457 0.3756894 9.81532e-4 0.8781752 0.4783382 -0.4990576 0.688313 0.5264664 0.9777933 -0.05958533 -0.2009224 0.9777931 -0.05958658 -0.200923 0.977793 -0.05958682 -0.2009237 0.9777932 -0.05958676 -0.200923 0.9777932 -0.05958622 -0.2009231 0.9777932 -0.0595867 -0.2009231 0.9777931 -0.05958789 -0.2009231 0.9777933 -0.0595858 -0.2009224 0.977793 -0.05958682 -0.2009238 0.9777931 -0.05958551 -0.2009234 0.9783414 -0.0632891 -0.1970856 0.978357 -0.0647751 -0.1965244 0.9783926 -0.0648579 -0.1963199 -0.3464459 -0.7924808 0.5019456 -0.0834158 -0.6665285 0.7407979 -0.2455616 -0.8446842 0.4756135 -0.3464456 -0.7924811 0.5019454 -0.3430772 -0.7880681 0.5111232 -0.3430773 -0.7880681 0.511123 -0.3430785 -0.7880674 0.5111234 -0.3478328 -0.7911161 0.503138 -0.3478328 -0.7911159 0.5031384 -0.3478325 -0.791116 0.5031382 -0.3478327 -0.7911158 0.5031383 -0.3478308 -0.7911174 0.5031374 -0.3478333 -0.7911155 0.5031384 -0.3478327 -0.791116 0.503138 0.2521613 -0.5838547 0.7717048 -0.1463931 -0.3870152 0.9103782 -0.5986157 0.7955808 -0.09333181 0.001477956 0.8624715 0.5061037 -0.212697 0.8110816 0.5448915 -0.4990572 0.6883132 0.5264665</float_array>
          <technique_common>
            <accessor source="#Pot_low_cell_016-mesh-normals-array" count="101" stride="3">
              <param name="X" type="float"/>
              <param name="Y" type="float"/>
              <param name="Z" type="float"/>
            </accessor>
          </technique_common>
        </source>
        <source id="Pot_low_cell_016-mesh-map-0">
          <float_array id="Pot_low_cell_016-mesh-map-0-array" count="744">0.9809096 0.8250068 0.7115065 0.5552125 0.6667487 0.4576017 0.2458068 0.1424437 0.3792701 0 1 0 0.5240285 0.01179015 0.5402221 0.04532456 0.6110815 0.2530787 0.3141667 0 1 0 1 0.6207299 0.701074 0.2932816 0 0 0.2597576 0.05479675 0.5832964 0.3546144 1 1 0.4708555 0.4232088 1 0 0.3141668 0.3141668 0.6727824 0 1 0 1 0.238211 0.8445742 0 0.3617642 0.07337093 0.238211 0.238211 0 0 0.3879722 0.3879722 0 0 0.3272176 0 0.5488843 0.2444474 0.5860525 0.2716689 0.5837778 0.2901552 0.5185556 0.1746689 0.4584609 0.125118 0.4768958 0.1190022 0.5488843 0.2444474 0.5185556 0.1746689 0.5638426 0.2347562 0.4584609 0.125118 0.4562782 0.08464938 0.4768958 0.1190022 0.5379897 0.2509142 0.5488843 0.2444474 0.582082 0.2964411 0.412356 0.1386591 0.4852677 0.1909756 0.4605107 0.2028861 0.4398081 0.1305635 0.5025835 0.1828724 0.4852677 0.1909756 0.5488843 0.2444474 0.5379897 0.2509142 0.5273441 0.245332 0.4852677 0.1909756 0.4783223 0.2253499 0.4605107 0.2028861 0.4049032 0.07069128 0.3730831 0.07318133 0.3692331 0.0562511 0.4284667 0.07233363 0.4398081 0.1305635 0.4049032 0.07069128 0.4398081 0.1305635 0.3730831 0.07318133 0.4049032 0.07069128 0.3916244 0.2109031 0.3816552 0.1491116 0.4281134 0.2125246 0.4605107 0.2028861 0.4307265 0.2127036 0.412356 0.1386591 0.4605107 0.2028861 0.4783223 0.2253499 0.4383725 0.2136122 0.3280205 0.05040049 0.3016643 0.08748751 0.3261888 0.04447209 0.3730831 0.07318133 0.3678616 0.05021995 0.3692331 0.0562511 0.412356 0.1386591 0.3367579 0.07867956 0.3730831 0.07318133 0.3816552 0.1491116 0.3016643 0.08748751 0.3367579 0.07867956 0.306412 0.2211277 0.3173099 0.1793956 0.3461781 0.2143324 0.3461781 0.2143324 0.3521966 0.1613098 0.3916245 0.2109031 0.2345661 0.0566675 0.2243929 0.1220046 0.2311662 0.05045741 0.2599797 0.1030871 0.2862254 0.04923993 0.3016643 0.08748751 0.3521966 0.1613098 0.2599797 0.1030871 0.3016643 0.08748751 0.3173099 0.1793956 0.2243929 0.1220046 0.2599797 0.1030871 0.2392031 0.2357133 0.2623203 0.2163 0.2737215 0.2292755 0.2737215 0.2292755 0.2869228 0.1983223 0.306412 0.2211278 0.150982 0.08542346 0.1705572 0.1629248 0.1473026 0.08088785 0.1884521 0.06929039 0.1962274 0.1411988 0.1850475 0.0642969 0.2869228 0.1983223 0.1962274 0.1411988 0.2243929 0.1220046 0.2623203 0.2163 0.1705572 0.1629248 0.1962274 0.1411988 0.1697409 0.1620724 0.1161975 0.1061631 0.1705572 0.1629248 0.2097616 0.2479875 0.1473751 0.1861758 0.1705572 0.1629248 0.1473751 0.1861758 0.2097616 0.2479875 0.194167 0.2527217 0.08626782 0.1318741 0.1455085 0.184517 0.08364772 0.1295458 0.1112107 0.2367596 0.09709388 0.2277344 0.08761703 0.2216756 0.1465151 0.2676352 0.1261215 0.2130661 0.1752456 0.2582731 0.05769628 0.1619845 0.123447 0.2110695 0.05528974 0.160188 0.1112107 0.2367596 0.1465151 0.2676352 0.1396495 0.2701652 0.4592665 0.07102596 0.485244 0.03000187 0.4932792 0.1126996 0.7115065 0.5552125 0.6706016 0.4847397 0.6667487 0.4576017 0.6667487 0.4576017 0.6632999 0.4068733 0.9809096 0.8250068 0.6632999 0.4068733 0.6654229 0.3516634 0.9809096 0.8250068 0.6654229 0.3516634 0.6748623 0.3006985 0.9809096 0.8250068 0.6748623 0.3006985 0.6992278 0.244789 1 0.1990681 0.9809096 0.8250068 0.6748623 0.3006985 1 0.1990681 0.6992278 0.244789 0.7375887 0.2038599 1 0.1990681 0.7375887 0.2038599 0.7859824 0.1805444 1 0.1990681 1 0.1990681 0.7859824 0.1805444 0.9333673 0.1828309 0.7859824 0.1805444 0.8511492 0.1720554 0.9333673 0.1828309 1 0 0.954747 0.7536957 0.8385439 0.8385439 0.8385439 0.8385439 0.1990681 0.1990681 1 0 0.1990681 0.1990681 0.2458068 0.1424437 1 0 0.6110815 0.2530787 0.6828361 0.4744381 0 0 0.6828361 0.4744381 0.696321 0.5177755 0.7166974 0.7166974 0 0 0.6828361 0.4744381 0.7166974 0.7166974 0 0 0.5240285 0.01179015 0.6110815 0.2530787 0.701074 0.2932816 1 0.4643561 0 0 1 0.4643561 1 1 0 0 0 0 0.1554259 0 0.2597576 0.05479675 0.7806767 0.3924784 0.9051044 0.4391216 1 1 0.9051044 0.4391216 1 0.4820285 1 1 1 1 0.4643562 0.4643562 0.4708555 0.4232088 0.7806767 0.3924784 1 1 0.6705853 0.3638284 0.4708555 0.4232088 0.488808 0.3746607 0.5074914 0.3639909 0.5832964 0.3546144 0.4708555 0.4232088 0.5074914 0.3639909 0.5832964 0.3546144 0.6705853 0.3638284 1 1 1 0 1 1 0.3141668 0.3141668 0.3617642 0.07337093 0.3355665 0.1444244 0.238211 0.238211 0.5488843 0.2444474 0.5638426 0.2347562 0.5860525 0.2716689 0.5185556 0.1746689 0.5025835 0.1828724 0.4584609 0.125118 0.5488843 0.2444474 0.5025835 0.1828724 0.5185556 0.1746689 0.4584609 0.125118 0.4284667 0.07233363 0.4562782 0.08464938 0.412356 0.1386591 0.4398081 0.1305635 0.4852677 0.1909756 0.4398081 0.1305635 0.4584609 0.125118 0.5025835 0.1828724 0.4852677 0.1909756 0.5025835 0.1828724 0.5273441 0.245332 0.5025835 0.1828724 0.5488843 0.2444474 0.5273441 0.245332 0.4852677 0.1909756 0.5273441 0.245332 0.4783223 0.2253499 0.4284667 0.07233363 0.4584609 0.125118 0.4398081 0.1305635 0.4398081 0.1305635 0.412356 0.1386591 0.3730831 0.07318133 0.3916244 0.2109031 0.3521966 0.1613098 0.3816552 0.1491116 0.4383725 0.2136122 0.4307265 0.2127036 0.4605107 0.2028861 0.4307265 0.2127036 0.3816552 0.1491116 0.412356 0.1386591 0.3280205 0.05040049 0.3367579 0.07867956 0.3016643 0.08748751 0.3730831 0.07318133 0.3367579 0.07867956 0.3678616 0.05021995 0.412356 0.1386591 0.3816552 0.1491116 0.3367579 0.07867956 0.3816552 0.1491116 0.3521966 0.1613098 0.3016643 0.08748751 0.306412 0.2211277 0.2869228 0.1983223 0.3173099 0.1793956 0.3461781 0.2143324 0.3173099 0.1793956 0.3521966 0.1613098 0.2345661 0.0566675 0.2599797 0.1030871 0.2243929 0.1220046 0.2599797 0.1030871 0.2832835 0.04195171 0.2862254 0.04923993 0.3521966 0.1613098 0.3173099 0.1793956 0.2599797 0.1030871 0.3173099 0.1793956 0.2869228 0.1983223 0.2243929 0.1220046 0.2737215 0.2292755 0.2623203 0.2163 0.2869228 0.1983223 0.150982 0.08542346 0.1962274 0.1411988 0.1705572 0.1629248 0.1884521 0.06929039 0.2243929 0.1220046 0.1962274 0.1411988 0.2869228 0.1983223 0.2623203 0.2163 0.1962274 0.1411988 0.2623203 0.2163 0.2392031 0.2357133 0.1705572 0.1629248 0.1697409 0.1620724 0.1125479 0.1023523 0.1161975 0.1061631 0.1705572 0.1629248 0.2392031 0.2357133 0.2320899 0.2423723 0.2320899 0.2423723 0.2097616 0.2479875 0.1705572 0.1629248 0.194167 0.2527217 0.1752456 0.2582731 0.1473751 0.1861758 0.1752456 0.2582731 0.1261215 0.2130661 0.1473751 0.1861758 0.1473751 0.1861758 0.1455085 0.184517 0.08626782 0.1318741 0.1455085 0.184517 0.08258396 0.1286005 0.08364772 0.1295458 0.08761703 0.2216756 0.0378772 0.1898759 0.1112107 0.2367596 0.1112107 0.2367596 0.1079069 0.2346475 0.09709388 0.2277344 0.1465151 0.2676352 0.1112107 0.2367596 0.1261215 0.2130661 0.1261215 0.2130661 0.123447 0.2110695 0.05769628 0.1619845 0.123447 0.2110695 0.05507791 0.1600298 0.05528974 0.160188 0.1396495 0.2701652 0.1079492 0.2637944 0.1112107 0.2367596 0.1079492 0.2637944 0.09766536 0.2615998 0.1112107 0.2367596 0.4932792 0.1126996 0.4769093 0.1046177 0.4592665 0.07102596 0.4592665 0.07102596 0.4647919 0.03348761 0.485244 0.03000187</float_array>
          <technique_common>
            <accessor source="#Pot_low_cell_016-mesh-map-0-array" count="372" stride="2">
              <param name="S" type="float"/>
              <param name="T" type="float"/>
            </accessor>
          </technique_common>
        </source>
        <vertices id="Pot_low_cell_016-mesh-vertices">
          <input semantic="POSITION" source="#Pot_low_cell_016-mesh-positions"/>
        </vertices>
        <triangles material="PorcelinPot-material" count="124">
          <input semantic="VERTEX" source="#Pot_low_cell_016-mesh-vertices" offset="0"/>
          <input semantic="NORMAL" source="#Pot_low_cell_016-mesh-normals" offset="1"/>
          <input semantic="TEXCOORD" source="#Pot_low_cell_016-mesh-map-0" offset="2" set="0"/>
          <p>76 0 0 65 0 1 66 0 2 78 1 3 79 1 4 1 1 5 90 2 6 83 2 7 80 2 8 96 3 9 1 3 10 79 3 11 85 4 12 4 4 13 86 4 14 94 5 15 1 5 16 91 5 17 4 6 18 96 6 19 97 6 20 4 7 21 98 7 22 87 7 23 100 8 24 98 8 25 4 8 26 100 9 27 4 9 28 97 9 29 2 10 30 27 11 31 40 12 32 5 13 33 7 14 34 3 15 35 2 10 36 5 13 37 0 16 38 7 14 39 29 17 40 3 15 41 47 18 42 2 10 43 40 12 44 11 19 45 9 20 46 10 21 47 8 22 48 6 23 49 9 20 50 2 10 51 47 18 52 46 24 53 9 20 54 45 25 55 10 21 56 30 26 57 13 27 58 31 28 59 28 29 60 8 22 61 30 26 62 8 22 63 13 27 64 30 26 65 57 30 66 12 31 67 43 32 68 10 21 69 43 32 70 11 19 71 10 21 72 45 25 73 44 33 74 38 34 75 17 35 76 32 36 77 13 27 78 38 34 79 31 28 80 11 19 81 14 37 82 13 27 83 12 31 84 17 35 85 14 37 86 54 38 87 16 39 88 58 40 89 58 40 90 15 41 91 57 30 92 33 42 93 21 43 94 39 44 95 18 45 96 32 36 97 17 35 98 15 41 99 18 45 100 17 35 101 16 39 102 21 43 103 18 45 104 55 46 105 20 47 106 53 48 107 53 48 108 19 49 109 54 38 110 36 50 111 23 51 112 35 52 113 39 44 114 22 53 115 36 50 116 19 49 117 22 53 118 21 43 119 20 47 120 23 51 121 22 53 122 25 54 123 35 52 124 23 51 125 59 55 126 25 54 127 23 51 128 25 54 129 59 55 130 49 56 131 37 57 132 24 58 133 34 59 134 26 60 135 62 61 136 60 62 137 51 63 138 24 58 139 50 64 140 42 65 141 26 60 142 41 66 143 26 60 144 51 63 145 52 67 146 5 13 147 29 17 148 27 11 149 65 68 150 64 68 151 66 68 152 66 69 153 67 69 154 76 69 155 67 70 156 68 70 157 76 70 158 68 71 159 69 71 160 76 71 161 69 72 162 70 72 163 75 72 164 76 73 165 69 73 166 75 73 167 70 74 168 71 74 169 75 74 170 71 75 171 72 75 172 75 75 173 75 76 174 72 76 175 74 76 176 72 77 177 73 77 178 74 77 179 1 78 180 77 78 181 76 78 182 76 79 183 75 79 184 1 79 185 75 80 186 78 80 187 1 80 188 80 81 189 81 81 190 1 81 191 81 82 192 82 82 193 77 82 194 1 83 195 81 83 196 77 83 197 1 84 198 90 84 199 80 84 200 85 85 201 84 85 202 4 85 203 84 86 204 1 86 205 4 86 206 4 87 207 87 87 208 86 87 209 89 88 210 88 88 211 1 88 212 88 89 213 90 89 214 1 89 215 1 90 216 84 90 217 91 90 218 89 91 219 1 91 220 95 91 221 91 92 222 92 92 223 93 92 224 94 93 225 91 93 226 93 93 227 94 94 228 95 94 229 1 94 230 4 95 231 1 95 232 96 95 233 100 96 234 99 96 235 98 96 236 2 10 237 0 16 238 27 11 239 5 13 240 6 23 241 7 14 242 2 10 243 6 23 244 5 13 245 7 14 246 28 29 247 29 17 248 11 19 249 8 22 250 9 20 251 8 22 252 7 14 253 6 23 254 9 20 255 6 23 256 46 24 257 6 23 258 2 10 259 46 24 260 9 20 261 46 24 262 45 25 263 28 29 264 7 14 265 8 22 266 8 22 267 11 19 268 13 27 269 57 30 270 15 41 271 12 31 272 44 33 273 43 32 274 10 21 275 43 32 276 12 31 277 11 19 278 38 34 279 14 37 280 17 35 281 13 27 282 14 37 283 38 34 284 11 19 285 12 31 286 14 37 287 12 31 288 15 41 289 17 35 290 54 38 291 19 49 292 16 39 293 58 40 294 16 39 295 15 41 296 33 42 297 18 45 298 21 43 299 18 45 300 33 42 301 32 36 302 15 41 303 16 39 304 18 45 305 16 39 306 19 49 307 21 43 308 53 48 309 20 47 310 19 49 311 36 50 312 22 53 313 23 51 314 39 44 315 21 43 316 22 53 317 19 49 318 20 47 319 22 53 320 20 47 321 55 46 322 23 51 323 25 54 324 37 57 325 35 52 326 23 51 327 55 46 328 56 97 329 56 97 330 59 55 331 23 51 332 49 56 333 50 64 334 25 54 335 50 64 336 24 58 337 25 54 338 25 54 339 24 58 340 37 57 341 24 58 342 42 65 343 34 59 344 60 62 345 48 98 346 26 60 347 26 60 348 63 99 349 62 61 350 51 63 351 26 60 352 24 58 353 24 58 354 26 60 355 42 65 356 26 60 357 48 98 358 41 66 359 52 67 360 61 100 361 26 60 362 61 100 363 63 99 364 26 60 365 27 11 366 0 16 367 5 13 368 5 13 369 3 15 370 29 17 371</p>
        </triangles>
      </mesh>
    </geometry>
    <geometry id="Pot_low_cell_015-mesh" name="Pot_low_cell.015">
      <mesh>
        <source id="Pot_low_cell_015-mesh-positions">
          <float_array id="Pot_low_cell_015-mesh-positions-array" count="258">-0.05275046 0.05114632 -0.02311652 0.001075267 0.005199313 -0.1062781 0.01357531 -0.003885567 -0.08699047 -0.04635816 -0.04734033 -0.08699047 0.05349355 0.06657862 -0.06135255 0.02728915 -0.01385277 -0.06135255 -0.04112184 -0.06345391 -0.06135255 0.06591188 0.06657862 -0.0360226 0.03732991 -0.02115029 -0.0360226 -0.03728801 -0.07525169 -0.0360226 0.07298845 0.06657862 -0.01310801 0.04305166 -0.02530878 -0.01310801 -0.03510326 -0.08197486 -0.01310801 0.07556921 0.06657862 0.01043576 0.04513829 -0.02682518 0.01043576 -0.03430658 -0.08442664 0.01043576 0.06532114 0.06657862 0.05617392 -0.0374704 -0.07469046 0.05617392 0.03685224 -0.02080315 0.05617392 0.07230788 0.06657862 0.0332809 0.04250133 -0.02490884 0.0332809 -0.03531342 -0.08132821 0.0332809 0.05611228 0.06657862 0.07344758 -0.04031336 -0.06594169 0.07344758 0.02940648 -0.01539164 0.07344758 0.04516929 0.06657862 0.09024149 0.02055853 -0.008960962 0.09024149 -0.0695064 -0.07612586 0.05123221 -0.06499284 -0.07469266 0.05617392 -0.04709637 -0.06594222 0.07344758 -0.04136222 -0.06271421 0.07866126 0.01166266 -0.002495586 0.103906 -0.01812505 -0.03700846 0.09024149 0.04566586 0.09615254 0.07469266 0.04348593 0.07174539 0.09024149 0.05869257 0.08873748 -0.0360226 0.05937081 0.09961807 -0.02234768 0.01735723 0.02593922 -0.09439498 0.02641642 0.03552854 -0.08699047 -0.05048447 -0.02058088 -0.1170814 0.002813935 0.01053589 -0.1062781 0.05983132 0.1069629 -0.01310801 0.05688738 0.1239202 0.01043576 0.04896944 0.138213 0.0332809 0.04572296 0.1419609 0.03991734 -0.09280729 -0.08248239 0.02480429 -0.08583748 -0.08133214 0.0332809 0.04699319 0.1228339 0.05617392 -0.09041458 -0.08443105 0.01043576 -0.08520179 -0.08197873 -0.01310801 -0.06267631 -0.04734158 -0.08699047 -0.07143032 -0.06345629 -0.06135255 -0.07913553 -0.07525503 -0.0360226 -0.05550205 -0.03265315 -0.1062781 -0.0529235 -0.02713686 -0.1126238 0.04566586 0.09615254 0.07469266 0.04348593 0.07174539 0.09024149 -0.0695064 -0.07612586 0.05123221 -0.06499284 -0.07469266 0.05617392 -0.04709637 -0.06594222 0.07344758 -0.04136222 -0.06271421 0.07866126 -0.01812505 -0.03700846 0.09024149 0.01166266 -0.002495586 0.103906 0.01735723 0.02593922 -0.09439498 0.02641642 0.03552854 -0.08699047 0.05869257 0.08873748 -0.0360226 0.05937081 0.09961807 -0.02234768 0.04896944 0.138213 0.0332809 0.04572296 0.1419609 0.03991734 0.05688738 0.1239202 0.01043576 0.05983132 0.1069629 -0.01310801 0.002813935 0.01053589 -0.1062781 0.04699319 0.1228339 0.05617392 -0.09280729 -0.08248239 0.02480429 -0.08583748 -0.08133214 0.0332809 -0.08520179 -0.08197873 -0.01310801 -0.07913553 -0.07525503 -0.0360226 -0.09041458 -0.08443105 0.01043576 -0.06267631 -0.04734158 -0.08699047 -0.07143032 -0.06345629 -0.06135255 -0.05048447 -0.02058088 -0.1170814 -0.0529235 -0.02713686 -0.1126238 -0.05550205 -0.03265315 -0.1062781 0.001075267 0.005199313 -0.1062781 0.04516929 0.06657862 0.09024149 0.05349355 0.06657862 -0.06135255</float_array>
          <technique_common>
            <accessor source="#Pot_low_cell_015-mesh-positions-array" count="86" stride="3">
              <param name="X" type="float"/>
              <param name="Y" type="float"/>
              <param name="Z" type="float"/>
            </accessor>
          </technique_common>
        </source>
        <source id="Pot_low_cell_015-mesh-normals">
          <float_array id="Pot_low_cell_015-mesh-normals-array" count="255">-0.7289284 0.4129509 0.5460174 -0.2957248 0.7482416 -0.59387 -0.3199807 0.7493519 -0.5797277 -0.7299104 0.413883 0.5439959 -0.9571973 0.2191144 -0.189109 -0.9552221 0.2236366 -0.193746 0.6163482 -0.4736998 -0.6290655 0.2519399 -0.7623243 -0.5961443 0.3797259 -0.6874435 -0.6190555 0.5051535 -0.682568 -0.5281296 0.65584 -0.4774088 -0.584769 0.7562267 -0.2463781 -0.6061512 6.51733e-5 -0.8265584 -0.5628511 0.8990276 0.292902 -0.3255116 0.9315629 -1.21548e-6 -0.3635804 0.8756407 -0.1473616 -0.4599325 0.7041231 -0.5125418 -0.4914382 0.2874986 -0.8862133 -0.3632777 0.2687824 -0.8285236 -0.4912276 0.7950699 -0.259033 -0.5484212 0.7532018 -0.5482635 -0.3634477 7.02618e-5 -0.8835157 -0.4684017 7.38386e-5 -0.9400099 -0.3411474 0.7922898 -0.5767025 -0.1992263 0.3085587 -0.9510723 0.01590842 0.3024104 -0.9321463 -0.1991262 0.9799371 -2.35822e-6 -0.1993071 0.8083974 -0.5884221 0.01591557 7.63633e-5 -0.9836736 -0.1799619 7.76658e-5 -0.9995416 0.03027361 0.789763 -0.574868 0.2140121 0.9768117 -7.94323e-6 0.2141003 0.9998732 -2.94658e-6 0.01592272 0.301446 -0.9291802 0.2139028 7.64958e-5 -0.9846894 0.1743182 0.9388471 0.3058753 -0.1581349 0.9489384 0.3091633 0.0627222 0.924252 0.3011209 0.2347009 0.8082579 0.2633296 0.5266655 0.8634967 0.001235902 0.504353 0.8375614 0.2735528 0.472927 0.9262694 5.03392e-4 0.3768618 0.7490872 -0.5452675 0.3762335 0.2859367 -0.8813728 0.3760615 7.40787e-5 -0.9604423 0.2784791 7.36416e-5 -0.9455518 0.3254721 0.6979397 -0.5080487 0.5047442 0.6571993 -0.4783951 0.5824322 0.4954165 -0.6832898 0.5363557 0.8344134 -0.01531386 0.5509265 7.01936e-5 -0.8817931 0.4716365 0.2664264 -0.8212592 0.5045298 0.3585511 -0.7597385 0.5424376 0.9008629 0.2935005 0.3198494 0.6372131 -0.448245 0.6269258 0.2363058 0.07698839 0.9686241 -0.7289272 0.4129516 0.5460185 -0.7289284 0.4129509 0.5460174 -0.728928 0.412951 0.5460179 -0.7289286 0.4129507 0.5460173 -0.7289268 0.4129527 0.5460182 -0.3187891 0.7493357 -0.5804047 -0.3187903 0.7493351 -0.5804048 -0.7473335 0.2434804 -0.6182313 -0.258769 0.7647869 -0.5900336 -0.3199822 0.7493532 -0.5797251 -0.3199808 0.749352 -0.5797275 -0.3199805 0.7493516 -0.5797283 -0.3199808 0.7493519 -0.5797277 -0.3199809 0.7493522 -0.5797272 -0.7299107 0.4138831 0.5439956 -0.7299103 0.4138829 0.5439964 -0.7299106 0.413883 0.5439957 -0.7299106 0.4138829 0.5439959 -0.9571974 0.2191143 -0.1891089 -0.9571974 0.2191143 -0.1891091 -0.9571973 0.2191142 -0.1891093 -0.9571834 0.2191398 -0.1891501 -0.9571974 0.2191143 -0.1891091 -0.9552223 0.2236356 -0.1937459 0.9552221 -0.2236366 0.193746 0.7562264 -0.2463781 -0.6061515 7.61541e-5 -0.9909271 0.134401 0.9122948 0.2972243 -0.2817375 0.9131421 0.2975022 0.2786827</float_array>
          <technique_common>
            <accessor source="#Pot_low_cell_015-mesh-normals-array" count="85" stride="3">
              <param name="X" type="float"/>
              <param name="Y" type="float"/>
              <param name="Z" type="float"/>
            </accessor>
          </technique_common>
        </source>
        <source id="Pot_low_cell_015-mesh-map-0">
          <float_array id="Pot_low_cell_015-mesh-map-0-array" count="636">0.721777 0.2077617 0.6229583 0.2630578 0.3412868 0 0.957974 0.5737975 0.9029796 0.4876318 0.9726895 0.4027692 0.6197792 0.6197792 0.3779742 0.3779742 1 0 0.983526 0.6555541 0.7583771 0.6069727 0 0 0.6180647 0.300876 0.6818565 0.4490239 0 0 0.4522267 0.4522267 0.5109614 0 0.4871048 0.2192898 0.6368953 0.4900993 0.5658702 0.4378797 0.588263 0.4196125 0.588263 0.4196125 0.6051338 0.4137055 0.6368953 0.4900993 0.6152181 0.5107327 0.6368953 0.4900993 0.6412293 0.4961407 0.588263 0.4196125 0.5658702 0.4378797 0.5792807 0.4072043 0.6247804 0.6562659 0.6112365 0.6352322 0.6383814 0.6121537 0.5886026 0.5348358 0.5115068 0.4805073 0.5380087 0.4605319 0.6152181 0.5107327 0.5380087 0.4605319 0.5658702 0.4378797 0.5886026 0.5348358 0.6439774 0.5516723 0.6381825 0.6118736 0.6381825 0.6118736 0.5618544 0.5558959 0.5886026 0.5348358 0.5546057 0.4222711 0.5380087 0.4605319 0.5485613 0.4138959 0.5194204 0.4347321 0.5115068 0.4805073 0.5146936 0.4281715 0.5383369 0.57297 0.4653571 0.5135688 0.4885013 0.4972631 0.5618544 0.5558959 0.4885013 0.4972631 0.5115068 0.4805073 0.6112365 0.6352322 0.5383369 0.57297 0.5618544 0.5558959 0.5868701 0.653428 0.5143847 0.5890465 0.5383369 0.57297 0.48787 0.4476525 0.4885013 0.4972631 0.4844425 0.4428884 0.4615515 0.459771 0.4653571 0.5135688 0.4587464 0.4558686 0.4903354 0.6036466 0.4653571 0.5135688 0.5143847 0.5890465 0.5357079 0.6840685 0.5143847 0.5890465 0.5615665 0.6698788 0.4653571 0.5135688 0.4648277 0.5128319 0.438305 0.4759171 0.5868701 0.653428 0.6112365 0.6352322 0.6247804 0.6562659 0.5615665 0.6698788 0.6092541 0.6912608 0.5907702 0.7236416 0.5357079 0.6840685 0.5907702 0.7236416 0.5699028 0.7525852 0.4622508 0.7196636 0.4846571 0.7058864 0.4955888 0.7371751 0.5079609 0.6966024 0.4903354 0.6036466 0.5357079 0.6840685 0.4424099 0.5289615 0.4649206 0.6179206 0.4184347 0.5445548 0.4243261 0.5038045 0.4424099 0.5289615 0.426713 0.5071249 0.4437525 0.6287138 0.4217571 0.6390616 0.3955429 0.5971196 0.4437525 0.6287138 0.4184347 0.5445548 0.4649206 0.6179206 0.4846571 0.7058864 0.4649206 0.6179206 0.5079609 0.6966024 0.4601116 0.7140926 0.4437525 0.6287138 0.4846571 0.7058864 0.4184347 0.5445548 0.3947121 0.5517284 0.3846572 0.537563 0.3947121 0.5517284 0.3985234 0.5570977 0.3979339 0.5562672 0.5699027 0.7525852 0.5333073 0.7530168 0.5357079 0.6840685 0.5079609 0.6966024 0.498283 0.7385051 0.4846571 0.7058864 0.4217571 0.6390616 0.4020025 0.6471114 0.3955429 0.5971196 0.4020025 0.6471114 0.4217571 0.6390616 0.4553657 0.7152273 0.6229583 0.2630578 0.4256178 0.139048 0.4108815 0.1164109 0.4108815 0.1164109 0.3412868 0 0.6229583 0.2630578 0.3412868 0 0.8340488 0 0.721777 0.2077617 0.8340488 0 0.8298952 0.0292778 0.721777 0.2077617 0.8298952 0.0292778 0.8046824 0.128476 0.721777 0.2077617 0.8046824 0.128476 0.7953947 0.1579241 0.721777 0.2077617 0.9726895 0.4027692 1 0.3779742 1 0.6197792 1 0.6197792 0.957974 0.5737975 0.9726895 0.4027692 0.3641911 0.2960119 0.3621912 0.2744826 1 0 0.3621912 0.2744826 0.4890387 0 1 0 1 0 1 0.5526485 0.9533327 0.5697067 0.3641911 0.2960119 1 0 0.3779742 0.3779742 0.9533327 0.5697067 0.803852 0.6104231 1 0 0.803852 0.6104231 0.6676805 0.6235558 1 0 0.6676805 0.6235558 0.6197792 0.6197792 1 0 0.7583771 0.6069727 0.5526486 0.5526486 0 0 0 0 0.7211802 0 0.8119298 0.05138581 0.8119298 0.05138581 1 0.1659511 0 0 1 0.1659511 0.983526 0.6555541 0 0 0.6818565 0.4490239 0.7182558 0.5673987 0 0 0.7182558 0.5673987 0.7316144 0.6713728 0 0 0.7316144 0.6713728 0.7211802 0.7211802 0 0 0 0 0.4522266 0 0.5309867 0.1343988 0.5309867 0.1343988 0.6180647 0.300876 0 0 0.4522267 0.4522267 0 0 0.5109614 0 0.6368953 0.4900993 0.6152181 0.5107327 0.5658702 0.4378797 0.588263 0.4196125 0.5960312 0.4130572 0.6051338 0.4137055 0.6412293 0.4961407 0.6436299 0.531156 0.6152181 0.5107327 0.6436299 0.531156 0.6439774 0.5516723 0.6152181 0.5107327 0.5886026 0.5348358 0.5618544 0.5558959 0.5115068 0.4805073 0.6152181 0.5107327 0.5886026 0.5348358 0.5380087 0.4605319 0.5886026 0.5348358 0.6152181 0.5107327 0.6439774 0.5516723 0.6381825 0.6118736 0.6112365 0.6352322 0.5618544 0.5558959 0.5546057 0.4222711 0.5658702 0.4378797 0.5380087 0.4605319 0.5194204 0.4347321 0.5380087 0.4605319 0.5115068 0.4805073 0.5383369 0.57297 0.5143847 0.5890465 0.4653571 0.5135688 0.5618544 0.5558959 0.5383369 0.57297 0.4885013 0.4972631 0.6112365 0.6352322 0.5868701 0.653428 0.5383369 0.57297 0.5868701 0.653428 0.5615665 0.6698788 0.5143847 0.5890465 0.48787 0.4476525 0.5115068 0.4805073 0.4885013 0.4972631 0.4615515 0.459771 0.4885013 0.4972631 0.4653571 0.5135688 0.4903354 0.6036466 0.4424099 0.5289615 0.4653571 0.5135688 0.5357079 0.6840685 0.4903354 0.6036466 0.5143847 0.5890465 0.4346465 0.4708251 0.4359031 0.4725742 0.438305 0.4759171 0.4359031 0.4725742 0.4653571 0.5135688 0.438305 0.4759171 0.6247804 0.6562659 0.6157302 0.6772003 0.5868701 0.653428 0.6157302 0.6772003 0.6092541 0.6912608 0.5868701 0.653428 0.5615665 0.6698788 0.5868701 0.653428 0.6092541 0.6912608 0.5357079 0.6840685 0.5615665 0.6698788 0.5907702 0.7236416 0.4622508 0.7196636 0.4601116 0.7140926 0.4846571 0.7058864 0.5079609 0.6966024 0.4649206 0.6179206 0.4903354 0.6036466 0.4424099 0.5289615 0.4903354 0.6036466 0.4649206 0.6179206 0.4156902 0.4917907 0.4424099 0.5289615 0.4243261 0.5038045 0.4424099 0.5289615 0.4412682 0.5273733 0.426713 0.5071249 0.3922194 0.5609167 0.3985234 0.5570977 0.3955429 0.5971196 0.3985234 0.5570977 0.4437525 0.6287138 0.3955429 0.5971196 0.4437525 0.6287138 0.3985234 0.5570977 0.4184347 0.5445548 0.4846571 0.7058864 0.4437525 0.6287138 0.4649206 0.6179206 0.4601116 0.7140926 0.4217571 0.6390616 0.4437525 0.6287138 0.4184347 0.5445548 0.3985234 0.5570977 0.3947121 0.5517284 0.5630832 0.7607811 0.5333073 0.7530168 0.5699027 0.7525852 0.5333073 0.7530168 0.5079609 0.6966024 0.5357079 0.6840685 0.5079609 0.6966024 0.5333074 0.7530168 0.498283 0.7385051</float_array>
          <technique_common>
            <accessor source="#Pot_low_cell_015-mesh-map-0-array" count="318" stride="2">
              <param name="S" type="float"/>
              <param name="T" type="float"/>
            </accessor>
          </technique_common>
        </source>
        <vertices id="Pot_low_cell_015-mesh-vertices">
          <input semantic="POSITION" source="#Pot_low_cell_015-mesh-positions"/>
        </vertices>
        <triangles material="PorcelinPot-material" count="106">
          <input semantic="VERTEX" source="#Pot_low_cell_015-mesh-vertices" offset="0"/>
          <input semantic="NORMAL" source="#Pot_low_cell_015-mesh-normals" offset="1"/>
          <input semantic="TEXCOORD" source="#Pot_low_cell_015-mesh-map-0" offset="2" set="0"/>
          <p>61 0 0 62 0 1 55 0 2 65 1 3 4 1 4 64 1 5 66 2 6 63 2 7 0 2 8 55 3 9 72 3 10 0 3 11 79 4 12 76 4 13 0 4 14 82 5 15 80 5 16 81 5 17 83 6 18 3 7 19 53 8 20 53 8 21 39 9 22 83 6 23 2 10 24 83 6 25 40 11 26 53 8 27 3 7 28 50 12 29 35 13 30 7 14 31 85 15 32 5 16 33 9 17 34 6 18 35 2 10 36 6 18 37 3 7 38 5 16 39 38 19 40 85 15 41 85 15 42 8 20 43 5 16 44 50 12 45 6 18 46 51 21 47 51 21 48 9 17 49 52 22 50 11 23 51 15 24 52 12 25 53 8 20 54 12 25 55 9 17 56 7 14 57 11 23 58 8 20 59 10 26 60 14 27 61 11 23 62 52 22 63 12 25 64 49 28 65 49 28 66 15 24 67 48 29 68 20 30 69 15 24 70 14 27 71 19 31 72 14 27 73 13 32 74 15 24 75 21 33 76 46 34 77 10 26 78 7 14 79 35 13 80 13 32 81 41 35 82 42 36 83 19 31 84 42 36 85 43 37 86 34 38 87 22 39 88 33 40 89 16 41 90 20 30 91 19 31 92 21 33 93 18 42 94 17 43 95 27 44 96 21 33 97 28 45 98 24 46 99 26 47 100 32 48 101 24 46 102 17 43 103 18 42 104 22 39 105 18 42 106 16 41 107 25 49 108 24 46 109 22 39 110 17 43 111 29 50 112 28 45 113 29 50 114 23 51 115 30 52 116 43 37 117 47 53 118 19 31 119 16 41 120 33 40 121 22 39 122 26 47 123 31 54 124 32 48 125 31 54 126 26 47 127 25 49 128 62 55 129 84 55 130 56 55 131 56 56 132 55 56 133 62 56 134 55 57 135 57 57 136 61 57 137 57 58 138 58 58 139 61 58 140 58 59 141 59 59 142 61 59 143 59 60 144 60 60 145 61 60 146 64 61 147 63 61 148 66 61 149 66 62 150 65 62 151 64 62 152 71 63 153 1 63 154 0 63 155 1 64 156 80 64 157 0 64 158 0 65 159 68 65 160 67 65 161 71 66 162 0 66 163 63 66 164 67 67 165 69 67 166 0 67 167 69 68 168 70 68 169 0 68 170 70 69 171 66 69 172 0 69 173 72 70 174 68 70 175 0 70 176 0 71 177 73 71 178 74 71 179 74 72 180 57 72 181 0 72 182 57 73 183 55 73 184 0 73 185 76 74 186 75 74 187 0 74 188 75 75 189 77 75 190 0 75 191 77 76 192 73 76 193 0 76 194 0 77 195 82 77 196 78 77 197 78 78 198 79 78 199 0 78 200 82 79 201 0 79 202 80 79 203 83 6 204 2 10 205 3 7 206 53 8 207 54 80 208 39 9 209 40 11 210 37 81 211 2 10 212 37 81 213 38 19 214 2 10 215 5 16 216 8 20 217 9 17 218 2 10 219 5 16 220 6 18 221 5 16 222 2 10 223 38 19 224 85 15 225 7 14 226 8 20 227 50 12 228 3 7 229 6 18 230 51 21 231 6 18 232 9 17 233 11 23 234 14 27 235 15 24 236 8 20 237 11 23 238 12 25 239 7 14 240 10 26 241 11 23 242 10 26 243 13 32 244 14 27 245 52 22 246 9 17 247 12 25 248 49 28 249 12 25 250 15 24 251 20 30 252 21 33 253 15 24 254 19 31 255 20 30 256 14 27 257 45 82 258 48 29 259 46 34 260 48 29 261 15 24 262 46 34 263 35 13 264 36 83 265 10 26 266 36 83 267 41 35 268 10 26 269 13 32 270 10 26 271 41 35 272 19 31 273 13 32 274 42 36 275 34 38 276 25 49 277 22 39 278 16 41 279 18 42 280 20 30 281 21 33 282 20 30 283 18 42 284 46 34 285 21 33 286 27 44 287 21 33 288 17 43 289 28 45 290 30 52 291 23 51 292 32 48 293 23 51 294 24 46 295 32 48 296 24 46 297 23 51 298 17 43 299 22 39 300 24 46 301 18 42 302 25 49 303 26 47 304 24 46 305 17 43 306 23 51 307 29 50 308 44 84 309 47 53 310 43 37 311 47 53 312 16 41 313 19 31 314 16 41 315 47 53 316 33 40 317</p>
        </triangles>
      </mesh>
    </geometry>
    <geometry id="Mesh-mesh" name="Mesh">
      <mesh>
        <source id="Mesh-mesh-positions">
          <float_array id="Mesh-mesh-positions-array" count="1110">3.078897 48.05543 -0.1635208 4.850501 0.01775264 -0.1635208 -3.965875 0.01775264 2.700409 1.480811 0.01775264 4.467529 3.917241 0.01775264 2.701004 -1.528287 0.01775264 4.467773 6.103434 0.7061458 -0.1635208 4.930295 0.7061458 3.437286 1.867623 0.7061458 5.657867 -1.914912 0.7061458 5.658157 -4.979038 0.7061458 3.436539 -3.965875 0.01775264 -3.027451 -4.898705 0.01775264 -0.1635208 -6.151638 0.7061458 -0.1635208 -4.979038 0.7061458 -3.76358 1.480811 0.01775264 -4.794571 -1.528287 0.01775264 -4.794815 3.917241 0.01775264 -3.028053 -1.914912 0.7061458 -5.985207 1.867623 0.7061458 -5.984901 4.930295 0.7061458 -3.764328 7.207495 1.702935 -0.1635208 2.208475 1.702935 6.706772 5.822981 1.702935 4.086075 -5.871822 1.702935 4.08519 -2.255599 1.702935 6.707123 8.746205 3.212112 -0.1635208 7.067097 3.212112 4.990295 2.683513 3.212112 8.168595 10.4209 5.042484 -0.1635208 8.42117 5.042484 5.974411 3.200535 5.042484 9.759629 -2.730407 3.212112 8.169037 -7.116074 3.212112 4.989212 -3.247179 5.042484 9.760132 -8.470293 5.042484 5.973145 -5.871822 1.702935 -4.412231 -7.255699 1.702935 -0.1635208 2.208475 1.702935 -7.033806 -2.255599 1.702935 -7.034157 5.822981 1.702935 -4.413116 -8.794411 3.212112 -0.1635208 -7.116074 3.212112 -5.316261 -10.46911 5.042484 -0.1635208 -8.470293 5.042484 -6.300179 -2.730407 3.212112 -8.496064 2.683513 3.212112 -8.495636 -3.247179 5.042484 -10.08717 3.200535 5.042484 -10.08666 7.067097 3.212112 -5.317337 8.42117 5.042484 -6.30146 11.9669 6.971245 -0.1635208 9.671175 6.971245 6.882904 3.677821 6.971245 11.22838 -3.724234 6.971245 11.22896 -9.720437 6.971245 6.881439 13.663 9.535038 -0.1635208 11.04256 9.535038 7.879623 4.201453 9.535038 12.83974 -4.247612 9.535038 12.84041 -11.09197 9.535038 7.877945 -12.0151 6.971245 -0.1635208 -9.720437 6.971245 -7.208481 -13.71121 9.535038 -0.1635208 -11.09197 9.535038 -8.204979 -3.724234 6.971245 -11.556 3.677821 6.971245 -11.55541 9.671175 6.971245 -7.209946 -4.247612 9.535038 -13.16745 4.201453 9.535038 -13.16678 11.04256 9.535038 -8.206658 14.90483 12.06803 -0.1635208 12.04663 12.06803 8.609375 4.584838 12.06803 14.01952 15.61249 14.35949 -0.1635208 12.61881 14.35949 9.025223 4.803309 14.35949 14.69183 -4.630811 12.06803 14.02025 -12.09615 12.06803 8.607544 -4.849177 14.35949 14.69258 -12.66839 14.35949 9.023316 15.87056 16.71388 -0.1635208 12.82747 16.71388 9.176865 4.882982 16.71388 14.93701 -4.928812 16.71388 14.93777 -12.87707 16.71388 9.174927 -14.95304 12.06803 -0.1635208 -12.09615 12.06803 -8.934586 -15.66069 14.35949 -0.1635208 -12.66839 14.35949 -9.35035 -4.630811 12.06803 -14.3473 4.584838 12.06803 -14.34657 -4.849177 14.35949 -15.01963 4.803309 14.35949 -15.01886 12.04663 12.06803 -8.936417 12.61881 14.35949 -9.352265 -15.91877 16.71388 -0.1635208 -12.87707 16.71388 -9.501969 -4.928812 16.71388 -15.26482 4.882982 16.71388 -15.26404 12.82747 16.71388 -9.503914 14.84576 21.28769 -0.1635208 -12.04838 21.28769 8.572846 4.566599 21.28769 13.96339 11.99887 21.28769 8.574662 15.54443 18.99839 -0.1635208 12.56378 18.99839 8.98523 4.782296 18.99839 14.62717 -4.612581 21.28769 13.96413 -4.828175 18.99839 14.62791 -12.61335 18.99839 8.983323 13.92487 23.01506 -0.1635208 4.282299 23.01506 13.08852 11.25429 23.01506 8.033509 -11.30373 23.01506 8.0318 -4.32842 23.01506 13.0892 -12.04838 21.28769 -8.899872 -14.89396 21.28769 -0.1635208 -15.59263 18.99839 -0.1635208 -12.61335 18.99839 -9.310357 -11.30373 23.01506 -8.358841 -13.97308 23.01506 -0.1635208 4.566599 21.28769 -14.29044 -4.612581 21.28769 -14.29116 -4.828175 18.99839 -14.95496 4.782296 18.99839 -14.9542 11.99887 21.28769 -8.901696 12.56378 18.99839 -9.312264 4.282299 23.01506 -13.41557 -4.32842 23.01506 -13.41624 11.25429 23.01506 -8.360543 12.83057 24.69445 -0.1635208 10.3695 24.69445 7.390442 3.944461 24.69445 12.0489 11.22103 26.69345 -0.1635208 9.068108 26.69345 6.444611 3.447554 26.69345 10.51978 -3.990744 24.69445 12.04953 -10.41883 24.69445 7.38887 -3.494078 26.69345 10.52032 -9.117304 26.69345 6.443237 9.577925 28.37695 -0.1635208 7.739582 28.37695 5.479034 2.940287 28.37695 8.958756 -2.987056 28.37695 8.959229 -7.788633 28.37695 5.477875 -12.87878 24.69445 -0.1635208 -10.41883 24.69445 -7.715912 -11.26923 26.69345 -0.1635208 -9.117304 26.69345 -6.770271 -3.990744 24.69445 -12.37656 3.944461 24.69445 -12.37594 -3.494078 26.69345 -10.84736 3.447554 26.69345 -10.84682 10.3695 24.69445 -7.717483 9.068108 26.69345 -6.771645 -9.626132 28.37695 -0.1635208 -7.788633 28.37695 -5.804916 -2.987056 28.37695 -9.286271 2.940287 28.37695 -9.285805 7.739582 28.37695 -5.806091 7.794592 29.93713 -0.1635208 6.297674 29.93713 4.431091 2.389726 29.93713 7.264526 6.204006 31.15599 -0.1635208 5.011613 31.15599 3.496384 1.898672 31.15599 5.753418 -2.436762 29.93713 7.264908 -6.346567 29.93713 4.43013 -1.945946 31.15599 5.753708 -5.060367 31.15599 3.495621 4.84605 32.08897 -0.1635208 3.913642 32.08897 2.698395 1.479437 32.08897 4.463318 -1.526914 32.08897 4.463547 -3.962275 32.08897 2.697784 -7.842796 29.93713 -0.1635208 -6.346567 29.93713 -4.757164 -6.252211 31.15599 -0.1635208 -5.060367 31.15599 -3.822662 -2.436762 29.93713 -7.591957 2.389726 29.93713 -7.591568 -1.945946 31.15599 -6.080757 1.898672 31.15599 -6.080452 6.297674 29.93713 -4.758125 5.011613 31.15599 -3.823425 -4.894255 32.08897 -0.1635208 -3.962275 32.08897 -3.024834 -1.526914 32.08897 -4.790581 1.479437 32.08897 -4.790344 3.913642 32.08897 -3.025429 -2.533295 48.05543 1.659561 3.132905 33.12732 -0.1635208 -2.576967 33.12732 1.691292 0.9505453 33.12732 2.835754 2.528484 33.12732 1.691681 -0.9982784 33.12732 2.835907 0.933872 48.05543 2.784439 3.065864 48.03351 -0.1635208 0.9298482 48.03351 2.772064 2.474279 48.03351 1.652283 2.484817 48.05543 1.659935 -2.522756 48.03351 1.651901 -0.9775913 48.03351 2.772217 -0.9816129 48.05543 2.784592 -2.576967 33.12732 -2.018326 -3.181109 33.12732 -0.1635208 0.9505453 33.12732 -3.162796 -0.9982784 33.12732 -3.162949 2.528484 33.12732 -2.018715 -2.533295 48.05543 -1.986595 -2.522756 48.03351 -1.978943 -3.114069 48.03351 -0.1635208 -3.127102 48.05543 -0.1635208 0.933872 48.05543 -3.111481 0.9298482 48.03351 -3.099098 -0.9775913 48.03351 -3.099251 -0.9816129 48.05543 -3.111641 2.474279 48.03351 -1.979317 2.484817 48.05543 -1.986977 4.739469 48.15303 -0.1635208 -3.87609 48.15303 2.635178 1.446532 48.15303 4.362045 3.827466 48.15303 2.635757 -1.494025 48.15303 4.362274 6.036287 48.37315 -0.1635208 1.846893 48.37315 5.59407 4.876005 48.37315 3.397827 -4.924743 48.37315 3.397079 -1.894192 48.37315 5.59436 -3.87609 48.15303 -2.962219 -4.787674 48.15303 -0.1635208 -4.924743 48.37315 -3.724121 -6.084494 48.37315 -0.1635208 1.446532 48.15303 -4.689087 -1.494025 48.15303 -4.689323 3.827466 48.15303 -2.962799 1.846893 48.37315 -5.921112 -1.894192 48.37315 -5.921417 4.876005 48.37315 -3.724869 7.346077 48.83787 -0.1635208 5.93503 48.83787 4.167526 2.251258 48.83787 6.838425 -2.298361 48.83787 6.838791 -5.983883 48.83787 4.166626 7.993359 49.25372 -0.1635208 6.458387 49.25372 4.547897 2.451091 49.25372 7.453369 8.339341 49.71373 -0.1635208 6.738129 49.71373 4.751205 2.557904 49.71373 7.782059 -2.498097 49.25372 7.453751 -6.507299 49.25372 4.546921 -2.604859 49.71373 7.782471 -6.787071 49.71373 4.750183 -7.394281 48.83787 -0.1635208 -5.983883 48.83787 -4.493652 -2.298361 48.83787 -7.165825 2.251258 48.83787 -7.165466 5.93503 48.83787 -4.494553 -8.041565 49.25372 -0.1635208 -6.507299 49.25372 -4.873947 -8.387545 49.71373 -0.1635208 -6.787071 49.71373 -5.077209 -2.498097 49.25372 -7.7808 2.451091 49.25372 -7.780403 -2.604859 49.71373 -8.109505 2.557904 49.71373 -8.109101 6.458387 49.25372 -4.874931 6.738129 49.71373 -5.078239 8.536648 50.18164 -0.1635208 6.897661 50.18164 4.867157 2.618818 50.18164 7.969513 -2.665743 50.18164 7.969925 -6.946621 50.18164 4.866104 -8.584855 50.18164 -0.1635208 -6.946621 50.18164 -5.193138 -2.665743 50.18164 -8.296967 2.618818 50.18164 -8.296547 6.897661 50.18164 -5.194183 8.477446 50.65126 -0.1635208 2.600541 50.65126 7.913269 6.849792 50.65126 4.832352 8.271794 51.1445 -0.1635208 6.683514 51.1445 4.711502 2.53705 51.1445 7.71788 -6.898746 50.65126 4.831314 -2.647475 50.65126 7.913681 -2.584015 51.1445 7.718292 -6.732449 51.1445 4.710495 7.890446 51.74254 -0.1635208 6.375177 51.74254 4.487427 2.419319 51.74254 7.355591 7.068142 52.309 -0.1635208 5.710306 52.309 4.004196 2.165452 52.309 6.574371 -2.466341 51.74254 7.355988 -6.42408 51.74254 4.486435 -2.212597 52.309 6.574722 -5.759134 52.309 4.003326 -6.898746 50.65126 -5.158356 -8.52565 50.65126 -0.1635208 -8.319998 51.1445 -0.1635208 -6.732449 51.1445 -5.037537 2.600541 50.65126 -8.240311 -2.647475 50.65126 -8.240723 -2.584015 51.1445 -8.045334 2.53705 51.1445 -8.04493 6.849792 50.65126 -5.159401 6.683514 51.1445 -5.038544 -7.938652 51.74254 -0.1635208 -6.42408 51.74254 -4.813484 -7.116346 52.309 -0.1635208 -5.759134 52.309 -4.33036 -2.466341 51.74254 -7.683022 2.419319 51.74254 -7.682632 -2.212597 52.309 -6.901764 2.165452 52.309 -6.901413 6.375177 51.74254 -4.814453 5.710306 52.309 -4.331223 6.004837 52.71194 -0.1635208 4.850575 52.71194 3.379349 1.837183 52.71194 5.564209 -1.884487 52.71194 5.564499 -4.89931 52.71194 3.378601 -6.053041 52.71194 -0.1635208 -4.89931 52.71194 -3.70565 -1.884487 52.71194 -5.891525 1.837183 52.71194 -5.891235 4.850575 52.71194 -3.70639 4.773831 53.18753 -0.1635284 1.45714 53.18753 4.394699 3.855248 53.18753 2.65596 -3.903875 53.18753 2.655365 -1.504629 53.18753 4.394943 -3.903875 53.18753 -2.982399 -4.822036 53.18753 -0.1635284 1.45714 53.18753 -4.721725 -1.504629 53.18753 -4.721962 3.855248 53.18753 -2.982986 2.362454 31.81911 1.571007 0.8871503 31.81911 2.640671 2.92756 31.81911 -0.1635208 -0.9349141 31.81911 2.640823 -2.410919 31.81911 1.570648 -2.975765 31.81911 -0.1635208 -2.410919 31.81911 -1.897682 -0.9349141 31.81911 -2.96785 0.8871503 31.81911 -2.967705 2.362454 31.81911 -1.898041 3.529508 48.52475 2.419212 1.332763 48.52475 4.011948 -1.380312 48.52475 4.012176 -3.578099 48.52475 2.418671 -4.419163 48.52475 -0.1635284 -3.578099 48.52475 -2.745705 -1.380312 48.52475 -4.339203 1.332763 48.52475 -4.338982 3.529508 48.52475 -2.746246 4.370958 48.52475 -0.1635284 2.233395 48.26897 1.477211 0.8378725 48.26897 2.489029 -0.8856599 48.26897 2.489174 -2.281846 48.26897 1.476875 -2.816151 48.26897 -0.1635208 -2.281846 48.26897 -1.803902 -0.8856599 48.26897 -2.816208 0.8378725 48.26897 -2.816063 2.233395 48.26897 -1.804245 2.767946 48.26897 -0.1635208</float_array>
          <technique_common>
            <accessor source="#Mesh-mesh-positions-array" count="370" stride="3">
              <param name="X" type="float"/>
              <param name="Y" type="float"/>
              <param name="Z" type="float"/>
            </accessor>
          </technique_common>
        </source>
        <source id="Mesh-mesh-normals">
          <float_array id="Mesh-mesh-normals-array" count="1110">0.03595685 -0.9988573 -0.03148722 0.9999896 0.004564166 -2.49688e-5 0.8085226 0.004194438 -0.5884502 0.7636768 -0.6455981 8.50487e-4 0.6596571 -0.5783208 -0.4799975 0.8157037 -0.57847 7.18097e-7 0.3290987 -0.9441473 0.0167368 0.1870103 -0.7954549 0.5764362 0.06334668 -0.9786955 0.1953012 0.4689726 -0.8088057 0.3548215 0.1041913 -0.9945573 -1.84817e-5 0.6056367 -0.7957413 -6.45174e-7 -0.1916862 -0.7961562 0.5739265 -0.09584933 -0.9929469 0.06978213 -0.06307291 -0.9788911 0.194407 -0.2738895 -0.9417168 0.1953311 -0.4897782 -0.7956503 -0.356452 -0.09586155 -0.9929469 -0.06976509 -0.4798074 -0.7988646 0.3627674 -0.1760082 -0.9537792 -0.2435702 0.1869953 -0.7954915 -0.5763906 0.06334173 -0.9786952 -0.195304 -0.1717476 -0.8015546 -0.5727242 0.4921748 -0.7962988 -0.3516708 0.09418034 -0.9931914 -0.06856405 -0.6180635 -0.6454554 0.4487594 -0.2518137 -0.5780708 0.7761599 -0.6596443 -0.578275 0.4800704 -0.2253102 -0.6888791 0.688971 -0.5591244 -0.7223502 0.4069278 -0.2134016 -0.7221379 0.6580096 0.2201297 -0.6898581 0.6896657 0.5591573 -0.7223522 0.4068791 0.586181 -0.6888116 0.4265333 0.2150803 -0.7224004 0.6571743 0.6913761 -0.7224951 3.28757e-7 0.7247994 -0.68896 2.86032e-7 0.615096 -0.6468372 0.4508419 0.2517912 -0.5781614 0.7760998 0.2357929 -0.6451415 0.7267698 0.6520017 -0.5834148 0.4842738 -0.5857363 -0.6924781 0.4211733 -0.2373869 -0.6474559 0.724188 0.5861805 -0.6888118 -0.4265334 -0.5831526 -0.6900371 -0.428698 -0.6913755 -0.7224957 0 -0.7247987 -0.6889607 0 -0.5599893 -0.7225779 -0.405331 -0.5917829 -0.8059877 0.01329505 0.2266814 -0.6898704 -0.6875277 -0.2133968 -0.7221497 -0.6579982 -0.2237676 -0.6886285 -0.6897239 0.211678 -0.7223723 -0.6583091 0.5567666 -0.7281062 -0.3998406 -0.7623772 -0.6471283 -0.002478301 -0.6596188 -0.5783187 -0.4800528 -0.6176576 -0.6453243 -0.4495061 -0.8119235 -0.5837116 -0.007808744 0.2365733 -0.6452283 -0.726439 -0.2518129 -0.5780716 -0.7761595 0.2517911 -0.5781621 -0.7760992 -0.232809 -0.6473357 -0.7257799 0.6173664 -0.6477299 -0.4464356 0.8712039 -0.4909215 2.54957e-4 0.7522404 -0.3668084 -0.5473445 0.9302404 -0.3669507 0 -0.7046219 -0.4907827 0.5124845 -0.2871154 -0.3666356 0.8849538 -0.752197 -0.3668113 0.5474022 0.703826 -0.4912286 0.5131507 0.2870991 -0.3666347 0.8849593 0.2689391 -0.4904742 0.8289191 0.7552458 -0.3636765 0.5452918 -0.2692993 -0.4916771 0.8280891 -0.8708904 -0.4914765 -8.58168e-4 -0.7521972 -0.3668113 -0.5474022 -0.7045705 -0.490589 -0.5127406 -0.9314017 -0.3639752 0.003595113 -0.2679539 -0.4910319 -0.828908 0.2870934 -0.3666823 -0.8849416 0.2689584 -0.4903816 -0.8289677 -0.2908141 -0.3635756 -0.8850085 0.7042757 -0.4919366 -0.5118538 -0.3068483 0.01536905 0.9516344 -0.7897847 0.2140116 0.5748384 -0.8084779 0.01413178 0.5883569 -0.792642 -0.198298 0.5765383 0.7917389 -0.1988549 0.5775867 0.3085578 0.01406812 0.9511017 0.3024995 -0.1980897 0.9323382 0.9801501 -0.198257 -2.74091e-4 0.8094712 0.01610559 0.5869386 -0.3032513 -0.1992722 0.9318419 0.789763 0.2140122 0.574868 0.9768116 0.2141008 0 0.9998718 0.01591193 0.001803755 0.3014505 0.2139016 0.9291791 -0.979973 -0.199128 -9.79182e-4 -0.8084776 0.0141319 -0.5883572 -0.7925061 -0.1982533 -0.5767408 -0.9998716 0.01593178 0.001803636 -0.3013899 -0.1988422 -0.9325373 0.308569 0.01410406 -0.9510975 0.3024946 -0.198147 -0.9323276 -0.3101667 0.0160129 -0.9505474 0.7925569 -0.1982111 -0.5766854 0.8085248 0.01408433 -0.5882937 -0.9768115 0.2141014 0 -0.3013697 0.2139006 -0.9292055 -0.7897847 0.2140132 -0.574838 0.7897628 0.2140139 -0.5748678 0.5590209 0.720564 -0.4102234 0.6421133 0.7666099 0 0.694143 0.7198371 1.54309e-7 0.6975797 0.5041846 -0.5090978 0.8107513 0.585391 1.76615e-7 0.8637717 0.5038835 -1.77606e-7 -0.2654021 0.5040302 0.8218974 -0.6556161 0.5852596 0.4771152 -0.6984564 0.5037689 0.5083066 0.9310422 0.3648969 -0.003272473 0.7411053 0.3776372 0.5551155 0.2873939 0.3642307 0.885856 -0.2873182 0.3642124 0.885888 -0.3013705 0.2138997 0.9292055 -0.7529277 0.3643854 0.5480177 0.6551892 0.5852093 0.4777629 0.2666265 0.5035525 0.821794 0.6984903 0.5037776 0.5082514 -0.2541913 0.5816071 0.7727355 -0.8107779 0.5853534 -8.37604e-4 -0.698457 0.503767 -0.5083078 -0.8637439 0.5039311 0 -0.9310416 0.3648983 0.003273189 -0.7559964 0.3776298 -0.5346639 -0.2873313 0.3641486 -0.88591 0.301451 0.2138992 -0.9291795 0.2873778 0.364321 -0.8858241 0.7411463 0.3774764 -0.55517 -0.2495159 0.5849471 -0.7717376 0.2666262 0.5035458 -0.8217982 -0.2666279 0.5035179 -0.8218148 -0.6592084 0.5825163 -0.4755199 0.6595717 0.5817653 -0.4759352 -0.2113931 0.720403 0.6605547 -0.5192632 0.7664849 0.3779772 -0.561368 0.7196943 0.4085415 -0.2283561 0.6562469 0.7191617 -0.6112664 0.6545634 0.4448598 0.2350942 0.6546267 0.7184668 0.5613679 0.7197331 0.4084732 0.2142955 0.719506 0.6605972 0.248308 0.5808181 0.7752377 0.6120071 0.6579666 0.4387794 0.7558768 0.6547138 -6.40866e-7 0.5203823 0.7668391 0.3757131 -0.190925 0.7709839 0.6075618 0.6113015 0.6545656 -0.4448083 -0.6121939 0.6548353 -0.4431812 -0.6941422 0.7198379 2.09548e-7 -0.5613679 0.7196942 -0.4085417 -0.7529855 0.6580148 0.005427479 -0.2372239 0.6563546 -0.7161868 0.2142886 0.7195265 -0.6605771 0.2333599 0.6543533 -0.7192808 0.2542216 0.5816622 -0.7726841 -0.2164217 0.7224555 -0.6566733 -0.6417243 0.7669318 0.002401113 -0.2004106 0.7666431 -0.6099952 -0.5127137 0.7696493 -0.3804795 0.5112983 0.7711254 -0.3793939 -0.1794282 0.8044734 0.5662406 -0.443278 0.8363229 0.3225971 -0.4812838 0.8035389 0.3502732 0.1857784 0.8036791 0.5653198 0.4432292 0.8363813 0.3225128 0.1692432 0.8362075 0.5216454 0.200378 0.772474 0.6026048 0.4816218 0.8059401 0.3442399 0.595099 0.8036524 1.48779e-7 0.5480348 0.8364555 -2.19268e-7 -0.1669464 0.8374136 0.5204493 0.7964279 0.1727774 0.5795263 0.3041005 0.1726272 0.9368687 0.9886818 0.1500281 -2.23741e-5 -0.7965148 0.1727743 0.5794078 0.1093485 0.554466 0.8249912 0.4813124 0.8035395 -0.3502326 0.4432649 0.8363534 -0.3225357 -0.4822656 0.8038507 -0.3482012 -0.5480338 0.8364562 6.35715e-7 -0.4432774 0.8363232 -0.3225972 -0.5919017 0.8059939 0.005136847 0.1814866 0.8036795 -0.5667114 -0.1692408 0.8362069 -0.5216471 0.1692389 0.8362152 -0.5216344 0.191532 0.7724655 -0.6054854 -0.1875821 0.8057479 -0.561768 -0.9886745 0.1500759 -3.77744e-5 -0.7965133 0.1727747 -0.5794096 0.3041025 0.1726251 -0.9368683 -0.572531 0.5548953 -0.6035724 0.3761006 0.5529797 -0.7434796 -0.007377386 -0.9992887 0.0369814 -0.8085494 0.004170536 0.5884136 -0.3085837 0.003489553 0.9511908 0.4599914 -0.871508 0.1699466 0.808551 0.004243791 0.588411 0.03844195 -0.9988681 0.0280146 0.3106414 -0.872716 0.3766547 0.5505211 -0.275887 0.7879168 -0.4715018 -0.8718406 0.1325896 -0.9999896 0.004576981 -9.36226e-7 -0.05765724 -0.9983366 -3.58671e-5 -0.4714488 -0.8718624 -0.1326352 -0.01590466 -0.9992723 -0.0346685 0.3085959 0.004278838 -0.9511836 -0.3085294 0.003374755 -0.9512089 -0.9084348 -0.2760984 -0.3138728 0.4588801 -0.8719134 -0.1708684 0.3902557 0.8754621 -0.2850729 0.3568086 0.9341775 0 0.4833056 0.8754518 2.27243e-7 0.3484163 -0.8995945 -0.2633171 0.2785948 -0.9604088 3.70666e-7 0.2252907 -0.9603872 -0.1640142 -0.1272792 -0.8994977 0.4179762 -0.2253097 -0.9603869 0.1639898 -0.08600157 -0.9603503 0.2652001 -0.03996521 -0.9920473 0.1193521 0.03747344 -0.9920576 0.1200733 0.1020525 -0.992003 0.07426643 0.1261332 -0.9920134 5.80563e-7 0.2100786 -0.9633576 0.1667609 0.134432 -0.9000702 0.4144898 0.08601802 -0.9603605 0.2651579 0.3801435 -0.891579 0.2461256 -0.1020366 -0.992196 0.07166337 -0.2678981 -0.9633825 -0.01116907 -0.3521375 -0.9001512 -0.2563731 -0.2253107 -0.9603866 -0.1639905 -0.1008276 -0.9920631 -0.07513105 -0.1261796 -0.9920074 0 -0.372843 -0.8949553 0.245037 0.1024617 -0.9920498 -0.07306689 0.04014116 -0.9920589 -0.1191965 -0.0389474 -0.9920023 -0.1200613 -0.07208037 -0.9633234 -0.258481 0.134433 -0.9000688 -0.4144924 0.08602344 -0.9603556 -0.2651739 -0.1630771 -0.8915026 -0.4226453 -0.2114794 -0.7282937 0.6518166 -0.5538558 -0.7284884 0.4031729 0.2114222 -0.728361 0.6517599 0.4554478 -0.8898965 0.02553004 0.5731533 -0.7182252 0.3945224 0.2685701 -0.4924516 0.8278657 0.6850174 -0.7285237 0.002107858 0.708334 -0.4887748 0.5092762 -0.2685915 -0.4924947 0.8278332 -0.7036265 -0.4926654 0.5120455 0.5539383 -0.7284907 -0.4030556 -0.43573 -0.9000687 -0.00398904 -0.5538557 -0.7284887 -0.4031726 -0.69534 -0.7184473 0.01832753 0.211429 -0.728335 -0.6517868 -0.2320688 -0.7181006 -0.6561064 -0.7036244 -0.4926695 -0.5120444 -0.8722275 -0.4890739 0.005096018 0.2685656 -0.4924971 -0.8278401 -0.2739884 -0.4886419 -0.8283475 0.7036647 -0.4926658 -0.5119927 0.8722294 -0.4890705 -0.005095958 0.7971835 -0.1304702 -0.5894711 0.9662672 0.2575421 3.01529e-7 0.990526 -0.137326 7.41682e-7 -0.2987795 -0.1303314 0.9453806 -0.7813072 0.2574511 0.5685756 -0.8009129 -0.13734 0.5828176 0.3056843 -0.1373263 0.9421776 0.8031073 -0.1225842 0.5830882 0.7809787 0.2574443 0.5690297 -0.3052126 0.2500721 0.918863 -0.9662735 0.2575173 -6.36302e-4 -0.800911 -0.1373479 -0.5828183 -0.9905259 -0.1373264 6.85545e-7 -0.3064066 -0.1372663 -0.9419517 0.3130087 -0.1309221 -0.9406834 -0.297612 0.257336 -0.9193505 -0.786676 0.2508386 -0.5641106 0.7867817 0.2501181 -0.5642832 -0.148383 0.8753995 0.4600634 -0.2885891 0.9341219 0.210078 -0.3908734 0.8753808 0.2844759 -0.2837279 0.4584156 0.8422313 -0.5826923 0.6932995 0.4240348 -0.7156791 0.4653508 0.5208188 0.2717471 0.4651139 0.8425096 0.5827263 0.6932955 0.4239947 0.2224501 0.693143 0.6856155 0.7244614 0.4584757 0.5147386 0.7205427 0.6934106 2.19001e-6 0.8896725 0.4564768 0.01058429 0.2924761 0.2495142 0.923147 -0.2517861 0.6707822 0.6976067 0.1494231 0.8753001 0.4599159 0.2885838 0.9341216 0.2100864 0.1101956 0.93405 0.3397172 0.3908506 0.8757025 0.2835154 -0.1101735 0.9340498 0.3397248 0.7157222 0.4653528 -0.5207577 0.5827229 0.6932995 -0.4239929 -0.71482 0.4652606 -0.5220775 -0.7205396 0.6934138 1.47475e-6 -0.5826918 0.6932988 -0.4240368 -0.8891649 0.457467 0.01047784 0.2746616 0.4651033 -0.84157 -0.222451 0.6931363 -0.6856221 0.22245 0.6931462 -0.6856124 -0.2837275 0.4584188 -0.8422298 0.2924759 0.2495008 -0.9231507 -0.3909627 0.8754017 -0.2842886 -0.3568086 0.9341776 4.27288e-7 -0.2885888 0.9341216 -0.2100796 -0.4827758 0.8757439 6.56095e-4 0.149042 0.8752205 -0.4601909 -0.1101714 0.9340509 -0.3397224 0.1101946 0.9340512 -0.3397141 -0.1497472 0.8755842 -0.4592693 0.2885836 0.9341215 -0.2100871 -0.7920903 0.4783861 -0.3791305 -0.8468144 0.5096803 0.1520906 0.7136676 0.4701823 -0.5192372 -0.5254316 0.7873361 -0.3225268 0.8468225 0.5096451 -0.1521639 -0.2748004 0.4548704 0.8470997 -0.1338111 0.7253825 0.6752147 0.2356922 0.7875431 0.5694078 -0.3592975 0.8907662 0.2782822 -0.7723001 0.2962377 -0.5619573 -0.295121 0.2927699 -0.9094997 -0.9540372 0.2996885 1.86265e-6 0.7722255 0.2962381 -0.5620595 -0.1321154 0.6390789 -0.7577096 0.9540354 0.2996939 -1.57207e-5 0.7722653 0.2962384 0.5620046 0.2947463 0.2961689 0.9085201 -0.2950555 0.2927377 0.9095312 -0.5361417 0.8097086 0.2385879 -0.3383682 0.6390482 0.690742 -0.8451629 0.2628982 -0.4653862 0.3048498 0.1553065 -0.9396524 -0.3057597 0.1348682 -0.9425082 0.929935 0.3227384 -0.1762405 -0.7830281 0.2494614 0.5697685 0.7860727 0.2342515 0.5720281 0.305853 0.133715 0.9426422 0.6278288 0.2784831 -0.7268275 -0.8039635 0.10711 -0.5849531 -0.3072985 0.09357881 -0.9470009 0.3054746 0.1400995 -0.9418373 0.803917 0.107138 -0.5850121 0.9954865 0.09490406 -5.81149e-5 0.8038434 0.1071369 0.5851132 0.3070949 0.1070679 0.9456371 -0.305967 0.1315598 0.9429085 -0.803988 0.1071097 0.5849196 -0.9954825 0.0949456 -1.82142e-4 -0.657311 0.630644 0.4125902 -0.638544 0.6454538 -0.4191074</float_array>
          <technique_common>
            <accessor source="#Mesh-mesh-normals-array" count="370" stride="3">
              <param name="X" type="float"/>
              <param name="Y" type="float"/>
              <param name="Z" type="float"/>
            </accessor>
          </technique_common>
        </source>
        <source id="Mesh-mesh-map-0">
          <float_array id="Mesh-mesh-map-0-array" count="4416">0.08318763 0.8334671 0.07354348 0.8110892 0.08346956 0.8333221 0.6867427 0.5595844 0.7218146 0.655426 0.6666337 0.5839242 0.6998727 0.4205854 0.6421745 0.3720147 0.654758 0.3605789 0.6880164 0.4341802 0.7432903 0.4759483 0.7328539 0.4921919 0.5968717 0.3073073 0.5638426 0.2347562 0.6107044 0.2967553 0.6421745 0.3720147 0.6107044 0.2967553 0.654758 0.3605789 0.5185556 0.1746689 0.4584609 0.125118 0.4768958 0.1190022 0.5488843 0.2444474 0.5185556 0.1746689 0.5638426 0.2347562 0.4463807 0.06815838 0.4186298 0.01754724 0.4396647 0.02425754 0.4768958 0.1190022 0.4267898 0.06938266 0.4463807 0.06815838 0.7768824 0.5401489 0.7432903 0.4759483 0.7836276 0.5212985 0.8242585 0.5639202 0.7836276 0.5212985 0.8237529 0.5418947 0.4864125 0.2824904 0.5147734 0.3670778 0.4618333 0.298048 0.5617269 0.3335565 0.5336563 0.2534865 0.5819172 0.3181478 0.6106695 0.4007042 0.6758301 0.4483382 0.6579704 0.4682573 0.6290448 0.3839781 0.6880164 0.4341802 0.6758301 0.4483382 0.6758301 0.4483382 0.7328539 0.4921919 0.722355 0.5088649 0.6579704 0.4682573 0.722355 0.5088649 0.7063511 0.5331086 0.5819172 0.3181478 0.5488843 0.2444474 0.5968717 0.3073073 0.6421745 0.3720147 0.5819172 0.3181478 0.5968717 0.3073073 0.6106695 0.4007042 0.5819172 0.3181478 0.6290448 0.3839781 0.6368953 0.4900993 0.5658702 0.4378797 0.588263 0.4196125 0.6579704 0.4682573 0.588263 0.4196125 0.6106695 0.4007042 0.7063511 0.5331086 0.6368953 0.4900993 0.6579704 0.4682573 0.6867427 0.5595844 0.6152181 0.5107327 0.6368953 0.4900993 0.511626 0.2673522 0.538106 0.3503252 0.4864125 0.2824904 0.5617269 0.3335565 0.588263 0.4196125 0.538106 0.3503252 0.588263 0.4196125 0.5147734 0.3670778 0.538106 0.3503252 0.722355 0.5088649 0.7569986 0.5910046 0.7063511 0.5331086 0.412356 0.1386591 0.4852677 0.1909756 0.4605107 0.2028861 0.4398081 0.1305635 0.5025835 0.1828724 0.4852677 0.1909756 0.5336563 0.2534865 0.5025835 0.1828724 0.5488843 0.2444474 0.511626 0.2673522 0.4852677 0.1909756 0.5336563 0.2534865 0.3573923 0.004180669 0.4049032 0.07069128 0.3730831 0.07318133 0.3946263 0.01139432 0.4267898 0.06938266 0.4049032 0.07069128 0.4584609 0.125118 0.4049032 0.07069128 0.4267898 0.06938266 0.4398081 0.1305635 0.3730831 0.07318133 0.4049032 0.07069128 0.769101 0.5609823 0.7328539 0.4921919 0.7768824 0.5401489 0.8232231 0.5892146 0.7768824 0.5401489 0.8242585 0.5639202 0.8194829 0.6279327 0.769101 0.5609823 0.8232231 0.5892146 0.4333176 0.2160614 0.3521966 0.1613098 0.3816552 0.1491116 0.4605107 0.2028861 0.3816552 0.1491116 0.412356 0.1386591 0.4605107 0.2028861 0.4864125 0.2824904 0.4333176 0.2160614 0.4333176 0.2160614 0.4618333 0.298048 0.4069827 0.2302211 0.3124564 2.65469e-5 0.3016643 0.08748751 0.2668347 0.001202583 0.3573923 0.004180669 0.3367579 0.07867956 0.3124564 2.65469e-5 0.412356 0.1386591 0.3367579 0.07867956 0.3730831 0.07318133 0.3816552 0.1491116 0.3016643 0.08748751 0.3367579 0.07867956 0.7063511 0.5331086 0.7413058 0.6242799 0.6867427 0.5595844 0.7569986 0.5910046 0.8080161 0.6728876 0.7413058 0.6242799 0.7413058 0.6242799 0.7905773 0.716077 0.7218146 0.655426 0.6381825 0.6118736 0.6648578 0.7185063 0.6112365 0.6352322 0.4321731 0.3187161 0.4594539 0.4081546 0.4049783 0.3380496 0.5886026 0.5348358 0.5115068 0.4805073 0.5380087 0.4605319 0.6152181 0.5107327 0.5380087 0.4605319 0.5658702 0.4378797 0.5886026 0.5348358 0.6666337 0.5839242 0.6381825 0.6118736 0.6381825 0.6118736 0.5618544 0.5558959 0.5886026 0.5348358 0.4861903 0.3886103 0.4618333 0.298048 0.5147734 0.3670778 0.5380087 0.4605319 0.5147734 0.3670778 0.5658702 0.4378797 0.4861903 0.3886103 0.5115068 0.4805073 0.4594539 0.4081546 0.375521 0.2498438 0.2869228 0.1983223 0.3173099 0.1793956 0.4069827 0.2302211 0.3173099 0.1793956 0.3521966 0.1613098 0.4321731 0.3187161 0.4069827 0.2302211 0.4618333 0.298048 0.375521 0.2498438 0.4049783 0.3380496 0.3473089 0.2689836 0.2599797 0.1030871 0.1631143 0.03212749 0.2115046 0.01454418 0.3016643 0.08748751 0.2115046 0.01454418 0.2668347 0.001202583 0.3521966 0.1613098 0.2599797 0.1030871 0.3016643 0.08748751 0.3173099 0.1793956 0.2243929 0.1220046 0.2599797 0.1030871 0.6938225 0.6902022 0.6666337 0.5839242 0.7218146 0.655426 0.7641367 0.7672409 0.7218146 0.655426 0.7905773 0.716077 0.6938225 0.6902022 0.7297195 0.8070822 0.6648578 0.7185063 0.4138499 0.4418801 0.3380564 0.3900123 0.3596836 0.3726586 0.3820812 0.3551708 0.4138499 0.4418801 0.3596836 0.3726586 0.5383369 0.57297 0.4653571 0.5135688 0.4885013 0.4972631 0.5618544 0.5558959 0.4885013 0.4972631 0.5115068 0.4805073 0.6112365 0.6352322 0.5383369 0.57297 0.5618544 0.5558959 0.5868701 0.653428 0.5143847 0.5890465 0.5383369 0.57297 0.4049783 0.3380496 0.4365772 0.4250269 0.3820812 0.3551708 0.4594539 0.4081546 0.4885013 0.4972631 0.4365772 0.4250269 0.4885013 0.4972631 0.4138499 0.4418801 0.4365772 0.4250269 0.4903354 0.6036466 0.4653571 0.5135688 0.5143847 0.5890465 0.5357079 0.6840685 0.5143847 0.5890465 0.5615665 0.6698788 0.4424099 0.5289615 0.4138499 0.4418801 0.4653571 0.5135688 0.3239464 0.2864353 0.2392031 0.2357133 0.2623203 0.2163 0.3473089 0.2689836 0.2623203 0.2163 0.2869228 0.1983223 0.3473089 0.2689836 0.3820812 0.3551708 0.3239464 0.2864353 0.3239464 0.2864353 0.3596836 0.3726586 0.3014522 0.3046919 0.1962274 0.1411988 0.09111231 0.07996958 0.1250441 0.05344915 0.2243929 0.1220046 0.1250441 0.05344915 0.1631143 0.03212749 0.2869228 0.1983223 0.1962274 0.1411988 0.2243929 0.1220046 0.2623203 0.2163 0.1705572 0.1629248 0.1962274 0.1411988 0.6648578 0.7185063 0.6959866 0.8357217 0.6378009 0.7395102 0.6112365 0.6352322 0.6378009 0.7395102 0.5868701 0.653428 0.6378009 0.7395102 0.658981 0.8583016 0.6091365 0.7574533 0.5868701 0.653428 0.6091365 0.7574533 0.5615665 0.6698788 0.2800484 0.3231841 0.2392031 0.2357133 0.3014522 0.3046919 0.3596836 0.3726586 0.2800484 0.3231841 0.3014522 0.3046919 0.1473751 0.1861758 0.09111231 0.07996958 0.1705572 0.1629248 0.2176954 0.2558483 0.1705572 0.1629248 0.2392031 0.2357133 0.658981 0.8583016 0.5793796 0.7715741 0.6091365 0.7574533 0.6091365 0.7574533 0.5357079 0.6840685 0.5615665 0.6698788 0.417641 0.7980881 0.3657264 0.7301915 0.3978685 0.726577 0.5200901 0.7907088 0.4601116 0.7140926 0.4846571 0.7058864 0.350141 0.4889368 0.2803029 0.4398267 0.2979288 0.4238509 0.5079609 0.6966024 0.4903354 0.6036466 0.5357079 0.6840685 0.4424099 0.5289615 0.4649206 0.6179206 0.4184347 0.5445548 0.4424099 0.5289615 0.3685884 0.4752781 0.3915848 0.4582567 0.3915848 0.4582567 0.3158052 0.4084641 0.3380564 0.3900123 0.4217571 0.6390616 0.3985234 0.5570977 0.4437525 0.6287138 0.4437525 0.6287138 0.4184347 0.5445548 0.4649206 0.6179206 0.4846571 0.7058864 0.4649206 0.6179206 0.5079609 0.6966024 0.4601116 0.7140926 0.4437525 0.6287138 0.4846571 0.7058864 0.2979288 0.4238509 0.3685884 0.4752781 0.350141 0.4889368 0.350141 0.4889368 0.4184347 0.5445548 0.3985234 0.5570977 0.3985234 0.5570977 0.3311125 0.5031818 0.350141 0.4889368 0.2261159 0.378205 0.180816 0.2976331 0.2426148 0.3601635 0.2590491 0.3432749 0.2176954 0.2558483 0.2800484 0.3231841 0.3380564 0.3900123 0.2590491 0.3432749 0.2800484 0.3231841 0.2426148 0.3601635 0.1970381 0.2783279 0.2590491 0.3432749 0.3158052 0.4084641 0.2426148 0.3601635 0.2590491 0.3432749 0.2979288 0.4238509 0.2261159 0.378205 0.2426148 0.3601635 0.5793796 0.7715741 0.5079609 0.6966024 0.5357079 0.6840685 0.1473751 0.1861758 0.1970381 0.2783279 0.1261215 0.2130661 0.06423461 0.1122947 0.1261215 0.2130661 0.0397703 0.1486022 0.6206517 0.8757057 0.5473318 0.7842313 0.5793796 0.7715741 0.09723532 0.2623884 0.02432537 0.1812118 0.1112107 0.2367596 0.180816 0.2976331 0.1261215 0.2130661 0.1970381 0.2783279 0.1261215 0.2130661 0.02432537 0.1812118 0.0397703 0.1486022 0.1658076 0.31847 0.1112107 0.2367596 0.180816 0.2976331 0.4846571 0.7058864 0.5473318 0.7842313 0.5200901 0.7907088 0.5780988 0.8857279 0.5200901 0.7907088 0.5473318 0.7842313 0.5424147 0.8904147 0.4913879 0.795541 0.5200901 0.7907088 0.2840035 0.5374483 0.217525 0.5008054 0.2378832 0.4797486 0.3065708 0.5210482 0.2378832 0.4797486 0.2579556 0.4604049 0.3517259 0.5843254 0.3656725 0.6602986 0.3269997 0.5974115 0.3782175 0.5693994 0.3928577 0.6508377 0.3517259 0.5843254 0.4217571 0.6390616 0.428129 0.7217388 0.3928577 0.6508377 0.3928577 0.6508377 0.3978685 0.726577 0.3656725 0.6602986 0.3311125 0.5031818 0.2579556 0.4604049 0.2803029 0.4398267 0.3782175 0.5693994 0.3065708 0.5210482 0.3311125 0.5031818 0.3517259 0.5843254 0.2840035 0.5374483 0.3065708 0.5210482 0.3377609 0.6691743 0.3269997 0.5974115 0.3656725 0.6602986 0.3657264 0.7301915 0.3656725 0.6602986 0.3978685 0.726577 0.3269997 0.5974115 0.2622663 0.5539599 0.2840035 0.5374483 0.3978685 0.726577 0.453338 0.7990641 0.417641 0.7980881 0.1481459 0.3465543 0.1879264 0.4248709 0.1337034 0.3738974 0.1658076 0.31847 0.205707 0.4020068 0.1481459 0.3465543 0.2803029 0.4398267 0.205707 0.4020068 0.2261159 0.378205 0.2579556 0.4604049 0.1879264 0.4248709 0.205707 0.4020068 0.08248943 0.2974153 0 0.3086802 0.003087997 0.2637959 0.09723532 0.2623884 0.003087997 0.2637959 0.0134409 0.2166407 0.09723532 0.2623884 0.1481459 0.3465543 0.08248943 0.2974153 0.08248943 0.2974153 0.1337034 0.3738974 0.07235181 0.3315503 0.428129 0.7217388 0.4913879 0.795541 0.453338 0.7990641 0.5052738 0.891285 0.453338 0.7990641 0.4913879 0.795541 0.4579606 0.8841993 0.417641 0.7980881 0.453338 0.7990641 0.1715149 0.4496303 0.1337034 0.3738974 0.1879264 0.4248709 0.2378832 0.4797486 0.1715149 0.4496303 0.1879264 0.4248709 0.06588631 0.367685 0 0.3086802 0.07235181 0.3315503 0.1215533 0.4032676 0.07235181 0.3315503 0.1337034 0.3738974 0.4153673 0.8719578 0.3811306 0.7931846 0.417641 0.7980881 0.2427033 0.5683122 0.1873603 0.5335908 0.2009794 0.5184723 0.2805778 0.6209822 0.2915961 0.6803666 0.2624372 0.6294401 0.3019174 0.6107964 0.3126868 0.6757116 0.2805778 0.6209822 0.3377609 0.6691743 0.3383337 0.7306839 0.3126868 0.6757116 0.3126868 0.6757116 0.3154049 0.7301463 0.2915961 0.6803666 0.2622663 0.5539599 0.2009794 0.5184723 0.217525 0.5008054 0.2622663 0.5539599 0.2805778 0.6209822 0.2427033 0.5683122 0.2427033 0.5683122 0.2624372 0.6294401 0.226578 0.580444 0.2624372 0.6294401 0.2661768 0.6860914 0.240435 0.6400399 0.2915961 0.6803666 0.2861198 0.7296726 0.2661768 0.6860914 0.226578 0.580444 0.1704842 0.5528778 0.1873603 0.5335908 0.226578 0.580444 0.240435 0.6400399 0.2067587 0.5958208 0.3154049 0.7301463 0.3501961 0.7859013 0.3251428 0.7781613 0.1119135 0.4296426 0.1466907 0.4895644 0.1049062 0.4520173 0.1215533 0.4032676 0.1576974 0.4711666 0.1119135 0.4296426 0.217525 0.5008054 0.1576974 0.4711666 0.1715149 0.4496303 0.2009794 0.5184723 0.1466907 0.4895644 0.1576974 0.4711666 0.01244539 0.3914557 0.06307142 0.4251036 0.02137637 0.4208148 0.005204677 0.3537949 0.06354391 0.399047 0.01244539 0.3914557 0.06588631 0.367685 0.1119135 0.4296426 0.06354391 0.399047 0.06354391 0.399047 0.1049062 0.4520173 0.06307142 0.4251036 0.3383337 0.7306839 0.3811306 0.7931846 0.3501961 0.7859013 0.3741948 0.8541347 0.3501961 0.7859013 0.3811306 0.7931846 0.3414988 0.8353103 0.3251428 0.7781613 0.3501961 0.7859013 0.1049062 0.4520173 0.1328397 0.513568 0.09701746 0.4785589 0.1873603 0.5335908 0.1328397 0.513568 0.1466907 0.4895644 0.06307142 0.4251036 0.03406643 0.4523731 0.02137637 0.4208148 0.06307142 0.4251036 0.09701746 0.4785589 0.06327706 0.4553266 0.3251428 0.7781613 0.2861198 0.7296726 0.3154049 0.7301463 0.3167852 0.8180066 0.2965381 0.7683848 0.3251428 0.7781613 0.04465556 0.7438555 0.03551733 0.7212175 0.04494756 0.7437334 0.05405426 0.7663698 0.06388759 0.7886905 0.06359708 0.7888156 0.06388759 0.7886905 0.2278164 0.6934726 0.2372238 0.7157706 0.07354348 0.8110892 0.2372238 0.7157706 0.2467174 0.7380866 0.06359708 0.7888156 0.07354348 0.8110892 0.07325476 0.8112189 0.03551733 0.7212175 0.2184034 0.6711922 0.04494756 0.7437334 0.0543453 0.7662467 0.2184034 0.6711922 0.2278164 0.6934726 0.0543453 0.7662467 0.04465556 0.7438555 0.04494756 0.7437334 0.01672333 0.6761907 0.02624493 0.6986373 0.02595162 0.6987565 0.02624493 0.6986373 0.1907053 0.6039991 0.1998541 0.626464 0.2091383 0.648835 0.02624493 0.6986373 0.1998541 0.626464 0.03522527 0.7213383 0.02624493 0.6986373 0.03551733 0.7212175 0.007866799 0.653509 3.21257e-4 0.6306674 0.008168101 0.6534102 3.21257e-4 0.6306674 0.1815318 0.5815168 0.008168101 0.6534102 0.01701796 0.6760761 0.1815318 0.5815168 0.1907053 0.6039991 0.01701796 0.6760761 0.007866799 0.653509 0.008168101 0.6534102 0.07354348 0.8110892 0.2562909 0.7604168 0.08346956 0.8333221 0.2660142 0.7829409 0.08346956 0.8333221 0.2562909 0.7604168 0.09390062 0.8550829 0.08346956 0.8333221 0.09415376 0.8548812 0.9481052 0.3252589 0.9727813 0.3754273 0.9590367 0.3768241 0.8918941 0.3380202 0.8860475 0.3904415 0.8758974 0.3449335 0.9097929 0.5256678 0.8857089 0.5684263 0.8923313 0.5242179 0.8758215 0.5226704 0.8482123 0.5611895 0.854943 0.5204727 0.878903 0.4798254 0.8548411 0.4397262 0.8757065 0.4371291 0.8757065 0.4371291 0.8480885 0.4002264 0.8695542 0.394549 0.8589543 0.4799453 0.8758215 0.5226704 0.854943 0.5204727 0.8920258 0.4352309 0.9120333 0.4794462 0.8950252 0.4796558 0.8950252 0.4796558 0.8757065 0.4371291 0.8920258 0.4352309 0.8920258 0.4352309 0.8695542 0.394549 0.8860475 0.3904415 0.8860475 0.3904415 0.9098866 0.4330547 0.8920258 0.4352309 0.8923313 0.5242179 0.8691937 0.5653622 0.8758215 0.5226704 0.878903 0.4798254 0.8923313 0.5242179 0.8758215 0.5226704 0.9120333 0.4794462 0.8923313 0.5242179 0.8950252 0.4796558 0.8760926 0.6123857 0.8799053 0.6621393 0.8632588 0.6558892 0.8482592 0.6494208 0.8378555 0.6014097 0.8594499 0.6076155 0.8691937 0.5653622 0.8378555 0.6014097 0.8482123 0.5611895 0.8632588 0.6558892 0.8594499 0.6076155 0.8760926 0.6123857 0.8857089 0.5684263 0.8594499 0.6076155 0.8691937 0.5653622 0.903101 0.571395 0.8760926 0.6123857 0.8857089 0.5684263 0.8609521 0.3527752 0.8480885 0.4002264 0.8420088 0.363183 0.8109576 0.7225938 0.8168159 0.6761798 0.833734 0.68953 0.8289458 0.6411335 0.833734 0.68953 0.8168159 0.6761798 0.8440725 0.3164435 0.8420088 0.363183 0.8293812 0.3362696 0.8473241 0.6995574 0.8358439 0.7569259 0.8214374 0.7403813 0.8214374 0.7403813 0.833734 0.68953 0.8473241 0.6995574 0.8482592 0.6494208 0.8473241 0.6995574 0.833734 0.68953 0.8632588 0.6558892 0.8617359 0.7086848 0.8473241 0.6995574 0.8758974 0.3449335 0.8695542 0.394549 0.8609521 0.3527752 0.8573704 0.3007813 0.8609521 0.3527752 0.8440725 0.3164435 0.8731346 0.2859509 0.8758974 0.3449335 0.8573704 0.3007813 0.903101 0.571395 0.919509 0.5267261 0.9127483 0.5733146 0.9098866 0.4330547 0.9218215 0.4794493 0.9120333 0.4794462 0.9026996 0.386287 0.9194924 0.432074 0.9098866 0.4330547 0.9097929 0.5256678 0.9218215 0.4794493 0.919509 0.5267261 0.9194924 0.432074 0.9292538 0.4794135 0.9218215 0.4794493 0.9122186 0.3843549 0.9268093 0.4313252 0.9194924 0.432074 0.9127483 0.5733146 0.9269073 0.5274494 0.920105 0.5746866 0.9218215 0.4794493 0.9269073 0.5274494 0.919509 0.5267261 0.9026996 0.386287 0.9008477 0.3348447 0.9122186 0.3843549 0.8930998 0.616614 0.888837 0.6654788 0.8799053 0.6621393 0.8930998 0.616614 0.9127483 0.5733146 0.9024856 0.619244 0.8617359 0.7086848 0.8443356 0.765131 0.8358439 0.7569259 0.8799053 0.6621393 0.8702482 0.7131727 0.8617359 0.7086848 0.8918941 0.3380202 0.8830965 0.2793007 0.9008477 0.3348447 0.9024856 0.619244 0.8956931 0.6679043 0.888837 0.6654788 0.9024856 0.619244 0.920105 0.5746866 0.9096603 0.6211623 0.8702482 0.7131727 0.8513722 0.7704485 0.8443356 0.765131 0.888837 0.6654788 0.8768475 0.7162813 0.8702482 0.7131727 0.9122186 0.3843549 0.9077739 0.3327144 0.9194255 0.3829753 0.9008477 0.3348447 0.8910087 0.2752279 0.9077739 0.3327144 0.9140463 0.3310834 0.9318299 0.3807853 0.9258395 0.3818168 0.933493 0.5280457 0.9327979 0.5769096 0.9266618 0.5758486 0.933493 0.5280457 0.920105 0.5746866 0.9269073 0.5274494 0.9268093 0.4313252 0.935862 0.4793651 0.9292538 0.4794135 0.9333069 0.430666 0.9194255 0.3829753 0.9258395 0.3818168 0.935862 0.4793651 0.9269073 0.5274494 0.9292538 0.4794135 0.9394097 0.4300814 0.935862 0.4793651 0.9333069 0.430666 0.9318299 0.3807853 0.9333069 0.430666 0.9258395 0.3818168 0.935862 0.4793651 0.9396499 0.5285822 0.933493 0.5280457 0.9220642 0.6243507 0.9018338 0.6699961 0.9160665 0.6228162 0.9096603 0.6211623 0.9018338 0.6699961 0.8956931 0.6679043 0.9266618 0.5758486 0.9096603 0.6211623 0.920105 0.5746866 0.9266618 0.5758486 0.9220642 0.6243507 0.9160665 0.6228162 0.9140463 0.3310834 0.9194255 0.3829753 0.9077739 0.3327144 0.882804 0.7188606 0.8513722 0.7704485 0.8768475 0.7162813 0.8956931 0.6679043 0.882804 0.7188606 0.8768475 0.7162813 0.8982067 0.2722242 0.9077739 0.3327144 0.8910087 0.2752279 0.8884413 0.7211106 0.8580776 0.7744125 0.882804 0.7188606 0.9075947 0.6719147 0.882804 0.7188606 0.9018338 0.6699961 0.8982067 0.2722242 0.9199696 0.3297313 0.9140463 0.3310834 0.9678117 0.531006 0.9745182 0.5841213 0.9608668 0.581687 0.9465208 0.5291432 0.9486301 0.5795575 0.9396519 0.5780467 0.9489057 0.4792838 0.9551479 0.4286852 0.9579129 0.4792869 0.9462201 0.4294375 0.9472537 0.3783983 0.9551479 0.4286852 0.9385363 0.3796882 0.9394097 0.4300814 0.9318299 0.3807853 0.9420313 0.4793305 0.9462201 0.4294375 0.9489057 0.4792838 0.9489057 0.4792838 0.9555254 0.5298985 0.9465208 0.5291432 0.9396499 0.5285822 0.9489057 0.4792838 0.9465208 0.5291432 0.9396519 0.5780467 0.9396499 0.5285822 0.9465208 0.5291432 0.9702014 0.4794659 0.9810113 0.427127 0.9839643 0.4798764 0.9579129 0.4792869 0.9673503 0.4278565 0.9702014 0.4794659 0.9551479 0.4286852 0.9590367 0.3768241 0.9673503 0.4278565 0.9673503 0.4278565 0.9727813 0.3754273 0.9810113 0.427127 0.9555254 0.5298985 0.9608668 0.581687 0.9486301 0.5795575 0.9579129 0.4792869 0.9678117 0.531006 0.9555254 0.5298985 0.9702014 0.4794659 0.9815776 0.5322949 0.9678117 0.531006 0.9472537 0.3783983 0.9266622 0.3283503 0.9355763 0.3268348 0.9140537 0.6739881 0.9375671 0.6282476 0.9225694 0.6766613 0.9396519 0.5780467 0.9375671 0.6282476 0.9287695 0.6260263 0.9327979 0.5769096 0.9287695 0.6260263 0.9220642 0.6243507 0.9075947 0.6719147 0.9287695 0.6260263 0.9140537 0.6739881 0.8726533 0.7791394 0.9033789 0.7261639 0.8832521 0.7812252 0.8948251 0.7234256 0.9225694 0.6766613 0.9033789 0.7261639 0.9140537 0.6739881 0.8884413 0.7211106 0.9075947 0.6719147 0.8726533 0.7791394 0.8884413 0.7211106 0.8948251 0.7234256 0.9133911 0.269644 0.9355763 0.3268348 0.9266622 0.3283503 0.9052895 0.2705639 0.9266622 0.3283503 0.9199696 0.3297313 0.9385363 0.3796882 0.9199696 0.3297313 0.9266622 0.3283503 0.9342663 0.6803381 0.9630215 0.6349971 0.9474866 0.6844944 0.9225694 0.6766613 0.9495772 0.6313788 0.9342663 0.6803381 0.9486301 0.5795575 0.9495772 0.6313788 0.9375671 0.6282476 0.9608668 0.581687 0.9630215 0.6349971 0.9495772 0.6313788 0.8984242 0.7820109 0.9292308 0.7328507 0.9155779 0.7809179 0.8832521 0.7812252 0.915373 0.7295181 0.8984242 0.7820109 0.9033789 0.7261639 0.9342663 0.6803381 0.915373 0.7295181 0.915373 0.7295181 0.9474866 0.6844944 0.9292308 0.7328507 0.9590367 0.3768241 0.9355763 0.3268348 0.9481052 0.3252589 0.9241608 0.2694134 0.9481052 0.3252589 0.9355763 0.3268348 0.9390776 0.2713377 0.9620511 0.3245757 0.9481052 0.3252589 0.9978641 0.425637 0.9839643 0.4798764 0.9810113 0.427127 0.9880321 0.37345 0.9810113 0.427127 0.9727813 0.3754273 0.9815776 0.5322949 0.9913986 0.5864621 0.9745182 0.5841213 0.9839643 0.4798764 0.9966728 0.5330688 0.9815776 0.5322949 0.978902 0.638264 0.9474866 0.6844944 0.9630215 0.6349971 0.9745182 0.5841213 0.978902 0.638264 0.9630215 0.6349971 0.9292308 0.7328507 0.9339579 0.7781743 0.9155779 0.7809179 0.9631628 0.6883938 0.9292308 0.7328507 0.9474866 0.6844944 0.9620511 0.3245757 0.9880321 0.37345 0.9727813 0.3754273 0.955416 0.2752743 0.9791626 0.3236305 0.9620511 0.3245757 0.4592665 0.07102596 0.562685 0.01680338 0.5803345 0.05040144 0.5109187 0.1214084 0.574805 0.0879482 0.5482859 0.1150397 0.562685 0.01680338 0.4913236 0.006383359 0.5286918 2.0602e-5 0.574805 0.0879482 0.4592665 0.07102596 0.5803345 0.05040144 0.8203194 0.2896632 0.7568903 0.2720035 0.773426 0.2512388 0.8003296 0.3139065 0.738736 0.2924227 0.7568903 0.2720035 0.8387402 0.2650793 0.8045316 0.2081524 0.8561066 0.2398535 0.8203194 0.2896632 0.789403 0.2301967 0.8387402 0.2650793 0.8880899 0.1846367 0.8191491 0.185368 0.8324941 0.1615906 0.8561066 0.2398535 0.8191491 0.185368 0.8726887 0.2134034 0.9122984 0.1180452 0.8445092 0.1361035 0.853794 0.1052354 0.9013037 0.1525827 0.8324941 0.1615906 0.8445092 0.1361035 0.7522875 0.360416 0.738736 0.2924227 0.7779784 0.3375291 0.7223223 0.3819705 0.7179774 0.3116582 0.7522875 0.360416 0.07371985 0.03176826 0.04373276 2.31947e-5 0.06387329 0.0110318 0.004231929 0.01869428 0.05276358 0.0701158 0 0.04127627 0.05276358 0.0701158 0.009851217 0.06202256 0 0.04127627 0.07371985 0.03176826 0.004231929 0.01869428 0.02095186 0.002936601 0.773426 0.2512388 0.7421519 0.2575367 0.7586506 0.2387177 0.773426 0.2512388 0.7730529 0.2179257 0.789403 0.2301967 0.789403 0.2301967 0.7870051 0.1969354 0.8045316 0.2081524 0.8045316 0.2081524 0.7998889 0.1754994 0.8191491 0.185368 0.8324941 0.1615906 0.7998889 0.1754994 0.8130784 0.1546748 0.8445092 0.1361035 0.8130784 0.1546748 0.8249432 0.1336489 0.853794 0.1052354 0.8249432 0.1336489 0.833445 0.1123504 0.6922496 0.3291999 0.7093044 0.2932811 0.7179774 0.3116582 0.7179774 0.3116582 0.7253902 0.2754923 0.738736 0.2924227 0.7568903 0.2720035 0.7253902 0.2754923 0.7421519 0.2575367 0.7421519 0.2575367 0.587606 0.1113045 0.7586506 0.2387177 0.7586506 0.2387177 0.6010307 0.09322315 0.7730529 0.2179257 0.7870051 0.1969354 0.6010307 0.09322315 0.6142641 0.07491111 0.7998889 0.1754994 0.6142641 0.07491111 0.6273218 0.05639439 0.7998889 0.1754994 0.6402819 0.03767317 0.8130784 0.1546748 0.8130784 0.1546748 0.6531245 0.01887625 0.8249432 0.1336489 0.8249432 0.1336489 0.6659797 0 0.833445 0.1123504 0.7093044 0.2932811 0.5315107 0.1840316 0.5456881 0.1655825 0.7253902 0.2754923 0.5456881 0.1655825 0.5598296 0.1474435 0.7253902 0.2754923 0.5738564 0.1293476 0.7421519 0.2575367 0.08318763 0.8334671 0.07325476 0.8112189 0.07354348 0.8110892 0.6867427 0.5595844 0.7413058 0.6242799 0.7218146 0.655426 0.6998727 0.4205854 0.6880164 0.4341802 0.6421745 0.3720147 0.6880164 0.4341802 0.6998727 0.4205854 0.7432903 0.4759483 0.5968717 0.3073073 0.5488843 0.2444474 0.5638426 0.2347562 0.6421745 0.3720147 0.5968717 0.3073073 0.6107044 0.2967553 0.5185556 0.1746689 0.5025835 0.1828724 0.4584609 0.125118 0.5488843 0.2444474 0.5025835 0.1828724 0.5185556 0.1746689 0.4463807 0.06815838 0.4267898 0.06938266 0.4186298 0.01754724 0.4768958 0.1190022 0.4584609 0.125118 0.4267898 0.06938266 0.7768824 0.5401489 0.7328539 0.4921919 0.7432903 0.4759483 0.8242585 0.5639202 0.7768824 0.5401489 0.7836276 0.5212985 0.4864125 0.2824904 0.538106 0.3503252 0.5147734 0.3670778 0.5617269 0.3335565 0.511626 0.2673522 0.5336563 0.2534865 0.6106695 0.4007042 0.6290448 0.3839781 0.6758301 0.4483382 0.6290448 0.3839781 0.6421745 0.3720147 0.6880164 0.4341802 0.6758301 0.4483382 0.6880164 0.4341802 0.7328539 0.4921919 0.6579704 0.4682573 0.6758301 0.4483382 0.722355 0.5088649 0.5819172 0.3181478 0.5336563 0.2534865 0.5488843 0.2444474 0.6421745 0.3720147 0.6290448 0.3839781 0.5819172 0.3181478 0.6106695 0.4007042 0.5617269 0.3335565 0.5819172 0.3181478 0.6368953 0.4900993 0.6152181 0.5107327 0.5658702 0.4378797 0.6579704 0.4682573 0.6368953 0.4900993 0.588263 0.4196125 0.7063511 0.5331086 0.6867427 0.5595844 0.6368953 0.4900993 0.6867427 0.5595844 0.6666337 0.5839242 0.6152181 0.5107327 0.511626 0.2673522 0.5617269 0.3335565 0.538106 0.3503252 0.5617269 0.3335565 0.6106695 0.4007042 0.588263 0.4196125 0.588263 0.4196125 0.5658702 0.4378797 0.5147734 0.3670778 0.722355 0.5088649 0.769101 0.5609823 0.7569986 0.5910046 0.412356 0.1386591 0.4398081 0.1305635 0.4852677 0.1909756 0.4398081 0.1305635 0.4584609 0.125118 0.5025835 0.1828724 0.5336563 0.2534865 0.4852677 0.1909756 0.5025835 0.1828724 0.511626 0.2673522 0.4605107 0.2028861 0.4852677 0.1909756 0.3573923 0.004180669 0.3946263 0.01139432 0.4049032 0.07069128 0.3946263 0.01139432 0.4186298 0.01754724 0.4267898 0.06938266 0.4584609 0.125118 0.4398081 0.1305635 0.4049032 0.07069128 0.4398081 0.1305635 0.412356 0.1386591 0.3730831 0.07318133 0.769101 0.5609823 0.722355 0.5088649 0.7328539 0.4921919 0.8232231 0.5892146 0.769101 0.5609823 0.7768824 0.5401489 0.8194829 0.6279327 0.7569986 0.5910046 0.769101 0.5609823 0.4333176 0.2160614 0.4069827 0.2302211 0.3521966 0.1613098 0.4605107 0.2028861 0.4333176 0.2160614 0.3816552 0.1491116 0.4605107 0.2028861 0.511626 0.2673522 0.4864125 0.2824904 0.4333176 0.2160614 0.4864125 0.2824904 0.4618333 0.298048 0.3124564 2.65469e-5 0.3367579 0.07867956 0.3016643 0.08748751 0.3573923 0.004180669 0.3730831 0.07318133 0.3367579 0.07867956 0.412356 0.1386591 0.3816552 0.1491116 0.3367579 0.07867956 0.3816552 0.1491116 0.3521966 0.1613098 0.3016643 0.08748751 0.7063511 0.5331086 0.7569986 0.5910046 0.7413058 0.6242799 0.7569986 0.5910046 0.8194829 0.6279327 0.8080161 0.6728876 0.7413058 0.6242799 0.8080161 0.6728876 0.7905773 0.716077 0.6381825 0.6118736 0.6938225 0.6902022 0.6648578 0.7185063 0.4321731 0.3187161 0.4861903 0.3886103 0.4594539 0.4081546 0.5886026 0.5348358 0.5618544 0.5558959 0.5115068 0.4805073 0.6152181 0.5107327 0.5886026 0.5348358 0.5380087 0.4605319 0.5886026 0.5348358 0.6152181 0.5107327 0.6666337 0.5839242 0.6381825 0.6118736 0.6112365 0.6352322 0.5618544 0.5558959 0.4861903 0.3886103 0.4321731 0.3187161 0.4618333 0.298048 0.5380087 0.4605319 0.4861903 0.3886103 0.5147734 0.3670778 0.4861903 0.3886103 0.5380087 0.4605319 0.5115068 0.4805073 0.375521 0.2498438 0.3473089 0.2689836 0.2869228 0.1983223 0.4069827 0.2302211 0.375521 0.2498438 0.3173099 0.1793956 0.4321731 0.3187161 0.375521 0.2498438 0.4069827 0.2302211 0.375521 0.2498438 0.4321731 0.3187161 0.4049783 0.3380496 0.2599797 0.1030871 0.2243929 0.1220046 0.1631143 0.03212749 0.3016643 0.08748751 0.2599797 0.1030871 0.2115046 0.01454418 0.3521966 0.1613098 0.3173099 0.1793956 0.2599797 0.1030871 0.3173099 0.1793956 0.2869228 0.1983223 0.2243929 0.1220046 0.6938225 0.6902022 0.6381825 0.6118736 0.6666337 0.5839242 0.7641367 0.7672409 0.6938225 0.6902022 0.7218146 0.655426 0.6938225 0.6902022 0.7641367 0.7672409 0.7297195 0.8070822 0.4138499 0.4418801 0.3915848 0.4582567 0.3380564 0.3900123 0.3820812 0.3551708 0.4365772 0.4250269 0.4138499 0.4418801 0.5383369 0.57297 0.5143847 0.5890465 0.4653571 0.5135688 0.5618544 0.5558959 0.5383369 0.57297 0.4885013 0.4972631 0.6112365 0.6352322 0.5868701 0.653428 0.5383369 0.57297 0.5868701 0.653428 0.5615665 0.6698788 0.5143847 0.5890465 0.4049783 0.3380496 0.4594539 0.4081546 0.4365772 0.4250269 0.4594539 0.4081546 0.5115068 0.4805073 0.4885013 0.4972631 0.4885013 0.4972631 0.4653571 0.5135688 0.4138499 0.4418801 0.4903354 0.6036466 0.4424099 0.5289615 0.4653571 0.5135688 0.5357079 0.6840685 0.4903354 0.6036466 0.5143847 0.5890465 0.4424099 0.5289615 0.3915848 0.4582567 0.4138499 0.4418801 0.3239464 0.2864353 0.3014522 0.3046919 0.2392031 0.2357133 0.3473089 0.2689836 0.3239464 0.2864353 0.2623203 0.2163 0.3473089 0.2689836 0.4049783 0.3380496 0.3820812 0.3551708 0.3239464 0.2864353 0.3820812 0.3551708 0.3596836 0.3726586 0.1962274 0.1411988 0.1705572 0.1629248 0.09111231 0.07996958 0.2243929 0.1220046 0.1962274 0.1411988 0.1250441 0.05344915 0.2869228 0.1983223 0.2623203 0.2163 0.1962274 0.1411988 0.2623203 0.2163 0.2392031 0.2357133 0.1705572 0.1629248 0.6648578 0.7185063 0.7297195 0.8070822 0.6959866 0.8357217 0.6112365 0.6352322 0.6648578 0.7185063 0.6378009 0.7395102 0.6378009 0.7395102 0.6959866 0.8357217 0.658981 0.8583016 0.5868701 0.653428 0.6378009 0.7395102 0.6091365 0.7574533 0.2800484 0.3231841 0.2176954 0.2558483 0.2392031 0.2357133 0.3596836 0.3726586 0.3380564 0.3900123 0.2800484 0.3231841 0.1473751 0.1861758 0.06423461 0.1122947 0.09111231 0.07996958 0.2176954 0.2558483 0.1473751 0.1861758 0.1705572 0.1629248 0.658981 0.8583016 0.6206517 0.8757057 0.5793796 0.7715741 0.6091365 0.7574533 0.5793796 0.7715741 0.5357079 0.6840685 0.417641 0.7980881 0.3811306 0.7931846 0.3657264 0.7301915 0.5200901 0.7907088 0.4913879 0.795541 0.4601116 0.7140926 0.350141 0.4889368 0.3311125 0.5031818 0.2803029 0.4398267 0.5079609 0.6966024 0.4649206 0.6179206 0.4903354 0.6036466 0.4424099 0.5289615 0.4903354 0.6036466 0.4649206 0.6179206 0.4424099 0.5289615 0.4184347 0.5445548 0.3685884 0.4752781 0.3915848 0.4582567 0.3685884 0.4752781 0.3158052 0.4084641 0.4217571 0.6390616 0.3782175 0.5693994 0.3985234 0.5570977 0.4437525 0.6287138 0.3985234 0.5570977 0.4184347 0.5445548 0.4846571 0.7058864 0.4437525 0.6287138 0.4649206 0.6179206 0.4601116 0.7140926 0.4217571 0.6390616 0.4437525 0.6287138 0.2979288 0.4238509 0.3158052 0.4084641 0.3685884 0.4752781 0.350141 0.4889368 0.3685884 0.4752781 0.4184347 0.5445548 0.3985234 0.5570977 0.3782175 0.5693994 0.3311125 0.5031818 0.2261159 0.378205 0.1658076 0.31847 0.180816 0.2976331 0.2590491 0.3432749 0.1970381 0.2783279 0.2176954 0.2558483 0.3380564 0.3900123 0.3158052 0.4084641 0.2590491 0.3432749 0.2426148 0.3601635 0.180816 0.2976331 0.1970381 0.2783279 0.3158052 0.4084641 0.2979288 0.4238509 0.2426148 0.3601635 0.2979288 0.4238509 0.2803029 0.4398267 0.2261159 0.378205 0.5793796 0.7715741 0.5473318 0.7842313 0.5079609 0.6966024 0.1473751 0.1861758 0.2176954 0.2558483 0.1970381 0.2783279 0.06423461 0.1122947 0.1473751 0.1861758 0.1261215 0.2130661 0.6206517 0.8757057 0.5780988 0.8857279 0.5473318 0.7842313 0.09723532 0.2623884 0.0134409 0.2166407 0.02432537 0.1812118 0.180816 0.2976331 0.1112107 0.2367596 0.1261215 0.2130661 0.1261215 0.2130661 0.1112107 0.2367596 0.02432537 0.1812118 0.1658076 0.31847 0.09723532 0.2623884 0.1112107 0.2367596 0.4846571 0.7058864 0.5079609 0.6966024 0.5473318 0.7842313 0.5780988 0.8857279 0.5424147 0.8904147 0.5200901 0.7907088 0.5424147 0.8904147 0.5052738 0.891285 0.4913879 0.795541 0.2840035 0.5374483 0.2622663 0.5539599 0.217525 0.5008054 0.3065708 0.5210482 0.2840035 0.5374483 0.2378832 0.4797486 0.3517259 0.5843254 0.3928577 0.6508377 0.3656725 0.6602986 0.3782175 0.5693994 0.4217571 0.6390616 0.3928577 0.6508377 0.4217571 0.6390616 0.4601116 0.7140926 0.428129 0.7217388 0.3928577 0.6508377 0.428129 0.7217388 0.3978685 0.726577 0.3311125 0.5031818 0.3065708 0.5210482 0.2579556 0.4604049 0.3782175 0.5693994 0.3517259 0.5843254 0.3065708 0.5210482 0.3517259 0.5843254 0.3269997 0.5974115 0.2840035 0.5374483 0.3377609 0.6691743 0.3019174 0.6107964 0.3269997 0.5974115 0.3657264 0.7301915 0.3377609 0.6691743 0.3656725 0.6602986 0.3269997 0.5974115 0.3019174 0.6107964 0.2622663 0.5539599 0.3978685 0.726577 0.428129 0.7217388 0.453338 0.7990641 0.1481459 0.3465543 0.205707 0.4020068 0.1879264 0.4248709 0.1658076 0.31847 0.2261159 0.378205 0.205707 0.4020068 0.2803029 0.4398267 0.2579556 0.4604049 0.205707 0.4020068 0.2579556 0.4604049 0.2378832 0.4797486 0.1879264 0.4248709 0.08248943 0.2974153 0.07235181 0.3315503 0 0.3086802 0.09723532 0.2623884 0.08248943 0.2974153 0.003087997 0.2637959 0.09723532 0.2623884 0.1658076 0.31847 0.1481459 0.3465543 0.08248943 0.2974153 0.1481459 0.3465543 0.1337034 0.3738974 0.428129 0.7217388 0.4601116 0.7140926 0.4913879 0.795541 0.5052738 0.891285 0.4579606 0.8841993 0.453338 0.7990641 0.4579606 0.8841993 0.4153673 0.8719578 0.417641 0.7980881 0.1715149 0.4496303 0.1215533 0.4032676 0.1337034 0.3738974 0.2378832 0.4797486 0.217525 0.5008054 0.1715149 0.4496303 0.06588631 0.367685 0.005204677 0.3537949 0 0.3086802 0.1215533 0.4032676 0.06588631 0.367685 0.07235181 0.3315503 0.4153673 0.8719578 0.3741948 0.8541347 0.3811306 0.7931846 0.2427033 0.5683122 0.226578 0.580444 0.1873603 0.5335908 0.2805778 0.6209822 0.3126868 0.6757116 0.2915961 0.6803666 0.3019174 0.6107964 0.3377609 0.6691743 0.3126868 0.6757116 0.3377609 0.6691743 0.3657264 0.7301915 0.3383337 0.7306839 0.3126868 0.6757116 0.3383337 0.7306839 0.3154049 0.7301463 0.2622663 0.5539599 0.2427033 0.5683122 0.2009794 0.5184723 0.2622663 0.5539599 0.3019174 0.6107964 0.2805778 0.6209822 0.2427033 0.5683122 0.2805778 0.6209822 0.2624372 0.6294401 0.2624372 0.6294401 0.2915961 0.6803666 0.2661768 0.6860914 0.2915961 0.6803666 0.3154049 0.7301463 0.2861198 0.7296726 0.226578 0.580444 0.2067587 0.5958208 0.1704842 0.5528778 0.226578 0.580444 0.2624372 0.6294401 0.240435 0.6400399 0.3154049 0.7301463 0.3383337 0.7306839 0.3501961 0.7859013 0.1119135 0.4296426 0.1576974 0.4711666 0.1466907 0.4895644 0.1215533 0.4032676 0.1715149 0.4496303 0.1576974 0.4711666 0.217525 0.5008054 0.2009794 0.5184723 0.1576974 0.4711666 0.2009794 0.5184723 0.1873603 0.5335908 0.1466907 0.4895644 0.01244539 0.3914557 0.06354391 0.399047 0.06307142 0.4251036 0.005204677 0.3537949 0.06588631 0.367685 0.06354391 0.399047 0.06588631 0.367685 0.1215533 0.4032676 0.1119135 0.4296426 0.06354391 0.399047 0.1119135 0.4296426 0.1049062 0.4520173 0.3383337 0.7306839 0.3657264 0.7301915 0.3811306 0.7931846 0.3741948 0.8541347 0.3414988 0.8353103 0.3501961 0.7859013 0.3414988 0.8353103 0.3167852 0.8180066 0.3251428 0.7781613 0.1049062 0.4520173 0.1466907 0.4895644 0.1328397 0.513568 0.1873603 0.5335908 0.1704842 0.5528778 0.1328397 0.513568 0.06307142 0.4251036 0.06327706 0.4553266 0.03406643 0.4523731 0.06307142 0.4251036 0.1049062 0.4520173 0.09701746 0.4785589 0.3251428 0.7781613 0.2965381 0.7683848 0.2861198 0.7296726 0.3167852 0.8180066 0.2911078 0.7968953 0.2965381 0.7683848 0.04465556 0.7438555 0.03522527 0.7213383 0.03551733 0.7212175 0.05405426 0.7663698 0.0543453 0.7662467 0.06388759 0.7886905 0.06388759 0.7886905 0.0543453 0.7662467 0.2278164 0.6934726 0.07354348 0.8110892 0.06388759 0.7886905 0.2372238 0.7157706 0.06359708 0.7888156 0.06388759 0.7886905 0.07354348 0.8110892 0.03551733 0.7212175 0.2091383 0.648835 0.2184034 0.6711922 0.0543453 0.7662467 0.04494756 0.7437334 0.2184034 0.6711922 0.0543453 0.7662467 0.05405426 0.7663698 0.04465556 0.7438555 0.01672333 0.6761907 0.01701796 0.6760761 0.02624493 0.6986373 0.02624493 0.6986373 0.01701796 0.6760761 0.1907053 0.6039991 0.2091383 0.648835 0.03551733 0.7212175 0.02624493 0.6986373 0.03522527 0.7213383 0.02595162 0.6987565 0.02624493 0.6986373 0.007866799 0.653509 0 0.630706 3.21257e-4 0.6306674 3.21257e-4 0.6306674 0.1723197 0.5587815 0.1815318 0.5815168 0.01701796 0.6760761 0.008168101 0.6534102 0.1815318 0.5815168 0.01701796 0.6760761 0.01672333 0.6761907 0.007866799 0.653509 0.07354348 0.8110892 0.2467174 0.7380866 0.2562909 0.7604168 0.2660142 0.7829409 0.09415376 0.8548812 0.08346956 0.8333221 0.09390062 0.8550829 0.08318763 0.8334671 0.08346956 0.8333221 0.9481052 0.3252589 0.9620511 0.3245757 0.9727813 0.3754273 0.8918941 0.3380202 0.9026996 0.386287 0.8860475 0.3904415 0.9097929 0.5256678 0.903101 0.571395 0.8857089 0.5684263 0.8758215 0.5226704 0.8691937 0.5653622 0.8482123 0.5611895 0.878903 0.4798254 0.8589543 0.4799453 0.8548411 0.4397262 0.8757065 0.4371291 0.8548411 0.4397262 0.8480885 0.4002264 0.8589543 0.4799453 0.878903 0.4798254 0.8758215 0.5226704 0.8920258 0.4352309 0.9098866 0.4330547 0.9120333 0.4794462 0.8950252 0.4796558 0.878903 0.4798254 0.8757065 0.4371291 0.8920258 0.4352309 0.8757065 0.4371291 0.8695542 0.394549 0.8860475 0.3904415 0.9026996 0.386287 0.9098866 0.4330547 0.8923313 0.5242179 0.8857089 0.5684263 0.8691937 0.5653622 0.878903 0.4798254 0.8950252 0.4796558 0.8923313 0.5242179 0.9120333 0.4794462 0.9097929 0.5256678 0.8923313 0.5242179 0.8760926 0.6123857 0.8930998 0.616614 0.8799053 0.6621393 0.8482592 0.6494208 0.8289458 0.6411335 0.8378555 0.6014097 0.8691937 0.5653622 0.8594499 0.6076155 0.8378555 0.6014097 0.8632588 0.6558892 0.8482592 0.6494208 0.8594499 0.6076155 0.8857089 0.5684263 0.8760926 0.6123857 0.8594499 0.6076155 0.903101 0.571395 0.8930998 0.616614 0.8760926 0.6123857 0.8609521 0.3527752 0.8695542 0.394549 0.8480885 0.4002264 0.8109576 0.7225938 0.7998461 0.700464 0.8168159 0.6761798 0.8289458 0.6411335 0.8482592 0.6494208 0.833734 0.68953 0.8440725 0.3164435 0.8609521 0.3527752 0.8420088 0.363183 0.8473241 0.6995574 0.8617359 0.7086848 0.8358439 0.7569259 0.8214374 0.7403813 0.8109576 0.7225938 0.833734 0.68953 0.8482592 0.6494208 0.8632588 0.6558892 0.8473241 0.6995574 0.8632588 0.6558892 0.8799053 0.6621393 0.8617359 0.7086848 0.8758974 0.3449335 0.8860475 0.3904415 0.8695542 0.394549 0.8573704 0.3007813 0.8758974 0.3449335 0.8609521 0.3527752 0.8731346 0.2859509 0.8918941 0.3380202 0.8758974 0.3449335 0.903101 0.571395 0.9097929 0.5256678 0.919509 0.5267261 0.9098866 0.4330547 0.9194924 0.432074 0.9218215 0.4794493 0.9026996 0.386287 0.9122186 0.3843549 0.9194924 0.432074 0.9097929 0.5256678 0.9120333 0.4794462 0.9218215 0.4794493 0.9194924 0.432074 0.9268093 0.4313252 0.9292538 0.4794135 0.9122186 0.3843549 0.9194255 0.3829753 0.9268093 0.4313252 0.9127483 0.5733146 0.919509 0.5267261 0.9269073 0.5274494 0.9218215 0.4794493 0.9292538 0.4794135 0.9269073 0.5274494 0.9026996 0.386287 0.8918941 0.3380202 0.9008477 0.3348447 0.8930998 0.616614 0.9024856 0.619244 0.888837 0.6654788 0.8930998 0.616614 0.903101 0.571395 0.9127483 0.5733146 0.8617359 0.7086848 0.8702482 0.7131727 0.8443356 0.765131 0.8799053 0.6621393 0.888837 0.6654788 0.8702482 0.7131727 0.8918941 0.3380202 0.8731346 0.2859509 0.8830965 0.2793007 0.9024856 0.619244 0.9096603 0.6211623 0.8956931 0.6679043 0.9024856 0.619244 0.9127483 0.5733146 0.920105 0.5746866 0.8702482 0.7131727 0.8768475 0.7162813 0.8513722 0.7704485 0.888837 0.6654788 0.8956931 0.6679043 0.8768475 0.7162813 0.9122186 0.3843549 0.9008477 0.3348447 0.9077739 0.3327144 0.9008477 0.3348447 0.8830965 0.2793007 0.8910087 0.2752279 0.9140463 0.3310834 0.9199696 0.3297313 0.9318299 0.3807853 0.933493 0.5280457 0.9396499 0.5285822 0.9327979 0.5769096 0.933493 0.5280457 0.9266618 0.5758486 0.920105 0.5746866 0.9268093 0.4313252 0.9333069 0.430666 0.935862 0.4793651 0.9333069 0.430666 0.9268093 0.4313252 0.9194255 0.3829753 0.935862 0.4793651 0.933493 0.5280457 0.9269073 0.5274494 0.9394097 0.4300814 0.9420313 0.4793305 0.935862 0.4793651 0.9318299 0.3807853 0.9394097 0.4300814 0.9333069 0.430666 0.935862 0.4793651 0.9420313 0.4793305 0.9396499 0.5285822 0.9220642 0.6243507 0.9075947 0.6719147 0.9018338 0.6699961 0.9096603 0.6211623 0.9160665 0.6228162 0.9018338 0.6699961 0.9266618 0.5758486 0.9160665 0.6228162 0.9096603 0.6211623 0.9266618 0.5758486 0.9327979 0.5769096 0.9220642 0.6243507 0.9140463 0.3310834 0.9258395 0.3818168 0.9194255 0.3829753 0.882804 0.7188606 0.8580776 0.7744125 0.8513722 0.7704485 0.8956931 0.6679043 0.9018338 0.6699961 0.882804 0.7188606 0.8982067 0.2722242 0.9140463 0.3310834 0.9077739 0.3327144 0.8884413 0.7211106 0.8648206 0.7770203 0.8580776 0.7744125 0.9075947 0.6719147 0.8884413 0.7211106 0.882804 0.7188606 0.8982067 0.2722242 0.9052895 0.2705639 0.9199696 0.3297313 0.9678117 0.531006 0.9815776 0.5322949 0.9745182 0.5841213 0.9465208 0.5291432 0.9555254 0.5298985 0.9486301 0.5795575 0.9489057 0.4792838 0.9462201 0.4294375 0.9551479 0.4286852 0.9462201 0.4294375 0.9385363 0.3796882 0.9472537 0.3783983 0.9385363 0.3796882 0.9462201 0.4294375 0.9394097 0.4300814 0.9420313 0.4793305 0.9394097 0.4300814 0.9462201 0.4294375 0.9489057 0.4792838 0.9579129 0.4792869 0.9555254 0.5298985 0.9396499 0.5285822 0.9420313 0.4793305 0.9489057 0.4792838 0.9396519 0.5780467 0.9327979 0.5769096 0.9396499 0.5285822 0.9702014 0.4794659 0.9673503 0.4278565 0.9810113 0.427127 0.9579129 0.4792869 0.9551479 0.4286852 0.9673503 0.4278565 0.9551479 0.4286852 0.9472537 0.3783983 0.9590367 0.3768241 0.9673503 0.4278565 0.9590367 0.3768241 0.9727813 0.3754273 0.9555254 0.5298985 0.9678117 0.531006 0.9608668 0.581687 0.9579129 0.4792869 0.9702014 0.4794659 0.9678117 0.531006 0.9702014 0.4794659 0.9839643 0.4798764 0.9815776 0.5322949 0.9472537 0.3783983 0.9385363 0.3796882 0.9266622 0.3283503 0.9140537 0.6739881 0.9287695 0.6260263 0.9375671 0.6282476 0.9396519 0.5780467 0.9486301 0.5795575 0.9375671 0.6282476 0.9327979 0.5769096 0.9396519 0.5780467 0.9287695 0.6260263 0.9075947 0.6719147 0.9220642 0.6243507 0.9287695 0.6260263 0.8726533 0.7791394 0.8948251 0.7234256 0.9033789 0.7261639 0.8948251 0.7234256 0.9140537 0.6739881 0.9225694 0.6766613 0.9140537 0.6739881 0.8948251 0.7234256 0.8884413 0.7211106 0.8726533 0.7791394 0.8648206 0.7770203 0.8884413 0.7211106 0.9133911 0.269644 0.9241608 0.2694134 0.9355763 0.3268348 0.9052895 0.2705639 0.9133911 0.269644 0.9266622 0.3283503 0.9385363 0.3796882 0.9318299 0.3807853 0.9199696 0.3297313 0.9342663 0.6803381 0.9495772 0.6313788 0.9630215 0.6349971 0.9225694 0.6766613 0.9375671 0.6282476 0.9495772 0.6313788 0.9486301 0.5795575 0.9608668 0.581687 0.9495772 0.6313788 0.9608668 0.581687 0.9745182 0.5841213 0.9630215 0.6349971 0.8984242 0.7820109 0.915373 0.7295181 0.9292308 0.7328507 0.8832521 0.7812252 0.9033789 0.7261639 0.915373 0.7295181 0.9033789 0.7261639 0.9225694 0.6766613 0.9342663 0.6803381 0.915373 0.7295181 0.9342663 0.6803381 0.9474866 0.6844944 0.9590367 0.3768241 0.9472537 0.3783983 0.9355763 0.3268348 0.9241608 0.2694134 0.9390776 0.2713377 0.9481052 0.3252589 0.9390776 0.2713377 0.955416 0.2752743 0.9620511 0.3245757 0.9978641 0.425637 1 0.4794989 0.9839643 0.4798764 0.9880321 0.37345 0.9978641 0.425637 0.9810113 0.427127 0.9815776 0.5322949 0.9966728 0.5330688 0.9913986 0.5864621 0.9839643 0.4798764 1 0.4794989 0.9966728 0.5330688 0.978902 0.638264 0.9631628 0.6883938 0.9474866 0.6844944 0.9745182 0.5841213 0.9913986 0.5864621 0.978902 0.638264 0.9292308 0.7328507 0.9453717 0.7358639 0.9339579 0.7781743 0.9631628 0.6883938 0.9453717 0.7358639 0.9292308 0.7328507 0.9620511 0.3245757 0.9791626 0.3236305 0.9880321 0.37345 0.955416 0.2752743 0.9732646 0.2802531 0.9791626 0.3236305 0.4592665 0.07102596 0.4647919 0.03348761 0.562685 0.01680338 0.5109187 0.1214084 0.4769093 0.1046177 0.574805 0.0879482 0.562685 0.01680338 0.4647919 0.03348761 0.4913236 0.006383359 0.574805 0.0879482 0.4769093 0.1046177 0.4592665 0.07102596 0.8203194 0.2896632 0.8003296 0.3139065 0.7568903 0.2720035 0.8003296 0.3139065 0.7779784 0.3375291 0.738736 0.2924227 0.8387402 0.2650793 0.789403 0.2301967 0.8045316 0.2081524 0.8203194 0.2896632 0.773426 0.2512388 0.789403 0.2301967 0.8880899 0.1846367 0.8726887 0.2134034 0.8191491 0.185368 0.8561066 0.2398535 0.8045316 0.2081524 0.8191491 0.185368 0.9122984 0.1180452 0.9013037 0.1525827 0.8445092 0.1361035 0.9013037 0.1525827 0.8880899 0.1846367 0.8324941 0.1615906 0.7522875 0.360416 0.7179774 0.3116582 0.738736 0.2924227 0.7223223 0.3819705 0.6922496 0.3291999 0.7179774 0.3116582 0.07371985 0.03176826 0.02095186 0.002936601 0.04373276 2.31947e-5 0.004231929 0.01869428 0.06948852 0.05435585 0.05276358 0.0701158 0.05276358 0.0701158 0.02999359 0.0730279 0.009851217 0.06202256 0.07371985 0.03176826 0.06948852 0.05435585 0.004231929 0.01869428 0.773426 0.2512388 0.7568903 0.2720035 0.7421519 0.2575367 0.773426 0.2512388 0.7586506 0.2387177 0.7730529 0.2179257 0.789403 0.2301967 0.7730529 0.2179257 0.7870051 0.1969354 0.8045316 0.2081524 0.7870051 0.1969354 0.7998889 0.1754994 0.8324941 0.1615906 0.8191491 0.185368 0.7998889 0.1754994 0.8445092 0.1361035 0.8324941 0.1615906 0.8130784 0.1546748 0.853794 0.1052354 0.8445092 0.1361035 0.8249432 0.1336489 0.6922496 0.3291999 0.6925811 0.3086763 0.7093044 0.2932811 0.7179774 0.3116582 0.7093044 0.2932811 0.7253902 0.2754923 0.7568903 0.2720035 0.738736 0.2924227 0.7253902 0.2754923 0.7421519 0.2575367 0.5738564 0.1293476 0.587606 0.1113045 0.7586506 0.2387177 0.587606 0.1113045 0.6010307 0.09322315 0.7870051 0.1969354 0.7730529 0.2179257 0.6010307 0.09322315 0.7998889 0.1754994 0.7870051 0.1969354 0.6142641 0.07491111 0.7998889 0.1754994 0.6273218 0.05639439 0.6402819 0.03767317 0.8130784 0.1546748 0.6402819 0.03767317 0.6531245 0.01887625 0.8249432 0.1336489 0.6531245 0.01887625 0.6659797 0 0.7093044 0.2932811 0.6925811 0.3086763 0.5315107 0.1840316 0.7253902 0.2754923 0.7093044 0.2932811 0.5456881 0.1655825 0.7253902 0.2754923 0.5598296 0.1474435 0.5738564 0.1293476</float_array>
          <technique_common>
            <accessor source="#Mesh-mesh-map-0-array" count="2208" stride="2">
              <param name="S" type="float"/>
              <param name="T" type="float"/>
            </accessor>
          </technique_common>
        </source>
        <vertices id="Mesh-mesh-vertices">
          <input semantic="POSITION" source="#Mesh-mesh-positions"/>
        </vertices>
        <triangles material="PorcelinPot-material" count="736">
          <input semantic="VERTEX" source="#Mesh-mesh-vertices" offset="0"/>
          <input semantic="NORMAL" source="#Mesh-mesh-normals" offset="1"/>
          <input semantic="TEXCOORD" source="#Mesh-mesh-map-0" offset="2" set="0"/>
          <p>219 0 0 198 1 1 218 2 2 29 3 3 67 4 4 51 5 5 4 6 6 8 7 7 3 8 8 7 9 9 1 10 10 6 11 11 9 12 12 2 13 13 5 14 14 8 7 15 5 14 16 3 8 17 12 15 18 14 16 19 11 17 20 10 18 21 12 15 22 2 13 23 16 19 24 19 20 25 15 21 26 11 17 27 18 22 28 16 19 29 20 23 30 1 10 31 17 24 32 19 20 33 17 24 34 15 21 35 35 25 36 54 26 37 55 27 38 32 28 39 24 29 40 25 30 41 28 31 42 23 32 43 27 33 44 22 34 45 7 9 46 23 32 47 23 32 48 6 11 49 21 35 50 27 33 51 21 35 52 26 36 53 25 30 54 10 18 55 9 12 56 8 7 57 25 30 58 9 12 59 28 31 60 25 30 61 22 34 62 30 37 63 53 38 64 31 39 65 27 33 66 31 39 67 28 31 68 26 36 69 30 37 70 27 33 71 29 3 72 52 40 73 30 37 74 33 41 75 34 42 76 35 25 77 32 28 78 31 39 79 34 42 80 31 39 81 54 26 82 34 42 83 21 35 84 49 43 85 26 36 86 42 44 87 37 45 88 41 46 89 36 47 90 13 48 91 37 45 92 24 29 93 13 48 94 10 18 95 33 41 96 37 45 97 24 29 98 46 49 99 39 50 100 45 51 101 38 52 102 18 22 103 39 50 104 14 16 105 39 50 106 18 22 107 36 47 108 45 51 109 39 50 110 40 53 111 6 11 112 20 23 113 38 52 114 20 23 115 19 20 116 46 49 117 40 53 118 38 52 119 43 54 120 62 55 121 44 56 122 41 46 123 44 56 124 42 44 125 41 46 126 35 25 127 43 54 128 43 54 129 55 27 130 61 57 131 48 58 132 65 59 133 66 60 134 46 49 135 47 61 136 48 58 137 42 44 138 47 61 139 45 51 140 44 56 141 65 59 142 47 61 143 26 36 144 50 62 145 29 3 146 49 43 147 48 58 148 50 62 149 50 62 150 66 60 151 67 4 152 56 63 153 94 64 154 71 65 155 60 66 156 77 67 157 78 68 158 57 69 159 73 70 160 58 71 161 52 40 162 58 71 163 53 38 164 57 69 165 51 5 166 56 63 167 56 63 168 72 72 169 57 69 170 59 73 171 55 27 172 54 26 173 58 71 174 54 26 175 53 38 176 59 73 177 73 70 178 77 67 179 63 74 180 87 75 181 64 76 182 61 57 183 64 76 184 62 55 185 60 66 186 61 57 187 55 27 188 63 74 189 78 68 190 86 77 191 68 78 192 91 79 193 69 80 194 65 59 195 69 80 196 66 60 197 62 55 198 68 78 199 65 59 200 64 76 201 90 81 202 68 78 203 70 82 204 51 5 205 67 4 206 69 80 207 67 4 208 66 60 209 70 82 210 91 79 211 94 64 212 84 83 213 110 84 214 85 85 215 80 86 216 84 83 217 85 85 218 75 87 219 83 88 220 76 89 221 72 72 222 76 89 223 73 70 224 71 65 225 75 87 226 72 72 227 74 90 228 82 91 229 75 87 230 78 68 231 79 92 232 80 86 233 77 67 234 76 89 235 79 92 236 76 89 237 84 83 238 79 92 239 106 93 240 83 88 241 82 91 242 105 94 243 82 91 244 81 95 245 107 96 246 84 83 247 83 88 248 88 97 249 97 98 250 89 99 251 86 77 252 89 99 253 87 75 254 86 77 255 80 86 256 88 97 257 88 97 258 85 85 259 96 100 260 92 101 261 99 102 262 93 103 263 90 81 264 93 103 265 91 79 266 87 75 267 92 101 268 90 81 269 89 99 270 98 104 271 92 101 272 94 64 273 93 103 274 95 105 275 71 65 276 95 105 277 74 90 278 95 105 279 99 102 280 100 106 281 74 90 282 100 106 283 81 95 284 118 107 285 97 98 286 96 100 287 85 85 288 118 107 289 96 100 290 124 108 291 99 102 292 98 104 293 119 109 294 98 104 295 97 98 296 99 102 297 127 110 298 100 106 299 100 106 300 105 94 301 81 95 302 160 111 303 161 112 304 141 113 305 130 114 306 131 115 307 111 116 308 115 117 309 138 118 310 114 119 311 101 120 312 106 93 313 105 94 314 107 96 315 104 121 316 103 122 317 107 96 318 108 123 319 109 124 320 109 124 321 102 125 322 110 84 323 132 126 324 112 127 325 113 128 326 113 128 327 103 122 328 104 121 329 111 116 330 104 121 331 101 120 332 131 115 333 113 128 334 111 116 335 114 119 336 108 123 337 115 117 338 115 117 339 103 122 340 112 127 341 112 127 342 137 129 343 115 117 344 146 130 345 120 131 346 121 132 347 117 133 348 119 109 349 118 107 350 110 84 351 117 133 352 118 107 353 121 132 354 116 134 355 117 133 356 102 125 357 121 132 358 117 133 359 114 119 360 146 130 361 121 132 362 127 110 363 101 120 364 105 94 365 124 108 366 116 134 367 123 135 368 125 136 369 123 135 370 122 137 371 125 136 372 126 138 373 127 110 374 150 139 375 128 140 376 129 141 377 120 131 378 123 135 379 116 134 380 123 135 381 128 140 382 122 137 383 147 142 384 129 141 385 120 131 386 111 116 387 126 138 388 130 114 389 122 137 390 130 114 391 126 138 392 128 140 393 154 143 394 130 114 395 144 144 396 168 145 397 145 146 398 139 147 399 145 146 400 140 148 401 136 149 402 142 150 403 143 151 404 133 152 405 135 153 406 136 149 407 132 126 408 134 154 409 135 153 410 135 153 411 141 113 412 142 150 413 137 129 414 140 148 415 138 118 416 133 152 417 139 147 418 137 129 419 136 149 420 144 144 421 139 147 422 162 155 423 143 151 424 142 150 425 161 112 426 142 150 427 141 113 428 143 151 429 167 156 430 144 144 431 141 113 432 155 157 433 160 111 434 149 158 435 156 159 436 157 160 437 147 142 438 148 161 439 149 158 440 138 118 441 148 161 442 146 130 443 140 148 444 156 159 445 148 161 446 152 162 447 159 163 448 153 164 449 150 139 450 153 164 451 151 165 452 150 139 453 149 158 454 152 162 455 152 162 456 157 160 457 158 166 458 134 154 459 154 143 460 155 157 461 151 165 462 155 157 463 154 143 464 153 164 465 160 111 466 155 157 467 176 167 468 157 160 469 156 159 470 145 146 471 176 167 472 156 159 473 180 168 474 159 163 475 158 166 476 177 169 477 158 166 478 157 160 479 159 163 480 184 170 481 160 111 482 169 171 483 175 172 484 170 173 485 166 174 486 172 175 487 173 176 488 163 177 489 165 178 490 166 174 491 162 155 492 164 179 493 165 178 494 165 178 495 171 180 496 172 175 497 167 156 498 170 173 499 168 145 500 167 156 501 166 174 502 169 171 503 169 171 504 173 176 505 174 181 506 173 176 507 195 182 508 194 183 509 172 175 510 192 184 511 195 182 512 174 181 513 193 185 514 175 172 515 174 181 516 194 183 517 196 186 518 171 180 519 185 187 520 190 188 521 179 189 522 186 190 523 187 191 524 177 169 525 178 192 526 179 189 527 168 145 528 178 192 529 176 167 530 170 173 531 186 190 532 178 192 533 183 193 534 188 194 535 189 195 536 181 196 537 182 197 538 183 193 539 180 168 540 179 189 541 182 197 542 182 197 543 187 191 544 188 194 545 164 179 546 184 170 547 185 187 548 181 196 549 185 187 550 184 170 551 183 193 552 190 188 553 185 187 554 187 191 555 206 198 556 205 199 557 175 172 558 206 198 559 186 190 560 188 194 561 207 200 562 189 195 563 188 194 564 205 199 565 208 201 566 190 188 567 192 184 568 171 180 569 189 195 570 209 202 571 190 188 572 204 203 573 202 204 574 203 205 575 197 206 576 200 207 577 201 208 578 200 207 579 194 183 580 195 182 581 198 1 582 195 182 583 192 184 584 201 208 585 198 1 586 0 209 587 202 204 588 196 186 589 203 205 590 199 210 591 196 186 592 194 183 593 199 210 594 204 203 595 203 205 596 210 211 597 212 212 598 213 213 599 212 212 600 205 199 601 206 198 602 193 185 603 212 212 604 206 198 605 191 214 606 212 212 607 202 204 608 217 215 609 215 216 610 216 217 611 215 216 612 208 201 613 216 217 614 211 218 615 208 201 616 205 199 617 211 218 618 217 215 619 216 217 620 198 1 621 209 202 622 218 2 623 207 200 624 218 2 625 209 202 626 214 219 627 218 2 628 215 216 629 319 220 630 320 221 631 293 222 632 259 223 633 225 224 634 239 225 635 243 226 636 228 227 637 229 228 638 224 229 639 191 214 640 204 203 641 222 230 642 201 208 643 223 231 644 223 231 645 0 209 646 220 232 647 197 206 648 224 229 649 204 203 650 227 233 651 242 234 652 226 235 653 226 235 654 223 231 655 227 233 656 227 233 657 220 232 658 225 224 659 225 224 660 241 236 661 227 233 662 229 228 663 221 237 664 224 229 665 222 230 666 229 228 667 224 229 668 242 234 669 229 228 670 226 235 671 233 238 672 256 239 673 232 240 674 230 241 675 213 213 676 231 242 677 221 237 678 213 213 679 191 214 680 232 240 681 231 242 682 233 238 683 228 227 684 231 242 685 221 237 686 244 243 687 233 238 688 228 227 689 236 244 690 0 209 691 219 0 692 234 245 693 217 215 694 235 246 695 210 211 696 235 246 697 217 215 698 234 245 699 219 0 700 214 219 701 238 247 702 258 248 703 237 249 704 237 249 705 235 246 706 238 247 707 230 241 708 238 247 709 235 246 710 232 240 711 257 250 712 238 247 713 239 225 714 220 232 715 236 244 716 237 249 717 236 244 718 234 245 719 258 248 720 239 225 721 237 249 722 244 243 723 251 251 724 252 252 725 241 236 726 247 253 727 242 234 728 240 254 729 246 255 730 241 236 731 243 226 732 247 253 733 251 251 734 246 255 735 250 256 736 247 253 737 245 257 738 249 258 739 246 255 740 252 252 741 253 259 742 254 260 743 247 253 744 253 259 745 251 251 746 240 254 747 268 261 748 245 257 749 255 262 750 261 263 751 256 239 752 255 262 753 252 252 754 260 264 755 257 250 756 265 265 757 258 248 758 256 239 759 264 266 760 257 250 761 259 223 762 265 265 763 268 261 764 260 264 765 263 267 766 261 263 767 260 264 768 254 260 769 262 268 770 264 266 771 267 269 772 265 265 773 261 263 774 266 270 775 264 266 776 245 257 777 269 271 778 248 272 779 268 261 780 267 269 781 269 271 782 279 273 783 280 274 784 270 275 785 273 276 786 286 277 787 274 278 788 273 276 789 254 260 790 253 259 791 249 258 792 272 279 793 250 256 794 271 280 795 248 272 796 270 275 797 272 279 798 253 259 799 250 256 800 282 281 801 272 279 802 271 280 803 280 274 804 271 280 805 270 275 806 272 279 807 287 282 808 273 276 809 301 283 810 276 284 811 275 285 812 262 268 813 276 284 814 263 267 815 274 278 816 262 268 817 254 260 818 274 278 819 301 283 820 275 285 821 279 273 822 248 272 823 269 271 824 277 286 825 267 269 826 266 270 827 263 267 828 277 286 829 266 270 830 278 287 831 269 271 832 267 269 833 305 288 834 278 287 835 277 286 836 300 289 837 277 286 838 276 284 839 278 287 840 308 290 841 279 273 842 298 291 843 324 292 844 299 293 845 288 294 846 297 295 847 289 296 848 285 297 849 291 298 850 292 299 851 284 300 852 290 301 853 291 298 854 283 302 855 282 281 856 280 274 857 281 303 858 284 300 859 285 297 860 285 297 861 296 304 862 288 294 863 287 282 864 285 297 865 288 294 866 289 296 867 287 282 868 288 294 869 295 305 870 321 306 871 322 307 872 292 299 873 294 308 874 295 305 875 291 298 876 293 222 877 294 308 878 294 308 879 320 221 880 321 306 881 296 304 882 299 293 883 297 295 884 292 299 885 298 291 886 296 304 887 295 305 888 323 309 889 298 291 890 290 301 891 309 310 892 318 311 893 303 312 894 310 313 895 311 314 896 289 296 897 310 313 898 302 315 899 286 277 900 302 315 901 301 283 902 300 289 903 302 315 904 303 312 905 307 316 906 314 317 907 315 318 908 306 319 909 311 314 910 314 317 911 303 312 912 305 288 913 300 289 914 307 316 915 305 288 916 306 319 917 307 316 918 318 311 919 309 310 920 304 320 921 309 310 922 308 290 923 283 302 924 308 290 925 309 310 926 313 321 927 325 322 928 326 323 929 311 314 930 312 324 931 313 321 932 297 295 933 312 324 934 310 313 935 299 293 936 325 322 937 312 324 938 317 325 939 327 326 940 328 327 941 315 318 942 316 328 943 317 325 944 314 317 945 313 321 946 316 328 947 316 328 948 326 323 949 327 326 950 293 222 951 318 311 952 319 220 953 315 318 954 319 220 955 318 311 956 317 325 957 329 329 958 319 220 959 332 330 960 322 307 961 321 306 962 330 331 963 321 306 964 320 221 965 323 309 966 333 332 967 324 292 968 322 307 969 334 333 970 323 309 971 336 334 972 326 323 973 325 322 974 324 292 975 336 334 976 325 322 977 327 326 978 337 335 979 328 327 980 335 336 981 327 326 982 326 323 983 329 329 984 330 331 985 320 221 986 328 327 987 339 337 988 329 329 989 12 15 990 17 24 991 1 10 992 5 14 993 4 6 994 3 8 995 17 24 996 16 19 997 15 21 998 4 6 999 12 15 1000 1 10 1001 331 338 1002 350 339 1003 351 340 1004 332 330 1005 359 341 1006 350 339 1007 334 333 1008 353 342 1009 333 332 1010 331 338 1011 352 343 1012 334 333 1013 335 336 1014 354 344 1015 355 345 1016 333 332 1017 354 344 1018 336 334 1019 337 335 1020 356 346 1021 357 347 1022 338 348 1023 355 345 1024 356 346 1025 339 337 1026 359 341 1027 330 331 1028 337 335 1029 358 349 1030 339 337 1031 340 350 1032 343 351 1033 341 352 1034 345 353 1035 349 354 1036 346 355 1037 349 354 1038 347 356 1039 346 355 1040 340 350 1041 345 353 1042 344 357 1043 351 340 1044 360 358 1045 361 359 1046 351 340 1047 362 360 1048 352 343 1049 352 343 1050 363 361 1051 353 342 1052 353 342 1053 364 362 1054 354 344 1055 355 345 1056 364 362 1057 365 363 1058 356 346 1059 365 363 1060 366 364 1061 357 347 1062 366 364 1063 367 365 1064 357 347 1065 368 366 1066 358 349 1067 358 349 1068 369 367 1069 359 341 1070 350 339 1071 369 367 1072 360 358 1073 360 358 1074 341 352 1075 361 359 1076 361 359 1077 343 351 1078 362 360 1079 363 361 1080 343 351 1081 344 357 1082 364 362 1083 344 357 1084 345 353 1085 364 362 1086 346 355 1087 365 363 1088 365 363 1089 347 356 1090 366 364 1091 366 364 1092 348 368 1093 367 365 1094 368 366 1095 348 368 1096 349 354 1097 369 367 1098 349 354 1099 342 369 1100 369 367 1101 340 350 1102 360 358 1103 219 0 1104 0 209 1105 198 1 1106 29 3 1107 50 62 1108 67 4 1109 4 6 1110 7 9 1111 8 7 1112 7 9 1113 4 6 1114 1 10 1115 9 12 1116 10 18 1117 2 13 1118 8 7 1119 9 12 1120 5 14 1121 12 15 1122 13 48 1123 14 16 1124 10 18 1125 13 48 1126 12 15 1127 16 19 1128 18 22 1129 19 20 1130 11 17 1131 14 16 1132 18 22 1133 20 23 1134 6 11 1135 1 10 1136 19 20 1137 20 23 1138 17 24 1139 35 25 1140 34 42 1141 54 26 1142 32 28 1143 33 41 1144 24 29 1145 28 31 1146 22 34 1147 23 32 1148 22 34 1149 8 7 1150 7 9 1151 23 32 1152 7 9 1153 6 11 1154 27 33 1155 23 32 1156 21 35 1157 25 30 1158 24 29 1159 10 18 1160 8 7 1161 22 34 1162 25 30 1163 28 31 1164 32 28 1165 25 30 1166 30 37 1167 52 40 1168 53 38 1169 27 33 1170 30 37 1171 31 39 1172 26 36 1173 29 3 1174 30 37 1175 29 3 1176 51 5 1177 52 40 1178 33 41 1179 32 28 1180 34 42 1181 32 28 1182 28 31 1183 31 39 1184 31 39 1185 53 38 1186 54 26 1187 21 35 1188 40 53 1189 49 43 1190 42 44 1191 36 47 1192 37 45 1193 36 47 1194 14 16 1195 13 48 1196 24 29 1197 37 45 1198 13 48 1199 33 41 1200 41 46 1201 37 45 1202 46 49 1203 38 52 1204 39 50 1205 38 52 1206 19 20 1207 18 22 1208 14 16 1209 36 47 1210 39 50 1211 36 47 1212 42 44 1213 45 51 1214 40 53 1215 21 35 1216 6 11 1217 38 52 1218 40 53 1219 20 23 1220 46 49 1221 49 43 1222 40 53 1223 43 54 1224 61 57 1225 62 55 1226 41 46 1227 43 54 1228 44 56 1229 41 46 1230 33 41 1231 35 25 1232 43 54 1233 35 25 1234 55 27 1235 48 58 1236 47 61 1237 65 59 1238 46 49 1239 45 51 1240 47 61 1241 42 44 1242 44 56 1243 47 61 1244 44 56 1245 62 55 1246 65 59 1247 26 36 1248 49 43 1249 50 62 1250 49 43 1251 46 49 1252 48 58 1253 50 62 1254 48 58 1255 66 60 1256 56 63 1257 70 82 1258 94 64 1259 60 66 1260 59 73 1261 77 67 1262 57 69 1263 72 72 1264 73 70 1265 52 40 1266 57 69 1267 58 71 1268 57 69 1269 52 40 1270 51 5 1271 56 63 1272 71 65 1273 72 72 1274 59 73 1275 60 66 1276 55 27 1277 58 71 1278 59 73 1279 54 26 1280 59 73 1281 58 71 1282 73 70 1283 63 74 1284 86 77 1285 87 75 1286 61 57 1287 63 74 1288 64 76 1289 60 66 1290 63 74 1291 61 57 1292 63 74 1293 60 66 1294 78 68 1295 68 78 1296 90 81 1297 91 79 1298 65 59 1299 68 78 1300 69 80 1301 62 55 1302 64 76 1303 68 78 1304 64 76 1305 87 75 1306 90 81 1307 70 82 1308 56 63 1309 51 5 1310 69 80 1311 70 82 1312 67 4 1313 70 82 1314 69 80 1315 91 79 1316 84 83 1317 109 124 1318 110 84 1319 80 86 1320 79 92 1321 84 83 1322 75 87 1323 82 91 1324 83 88 1325 72 72 1326 75 87 1327 76 89 1328 71 65 1329 74 90 1330 75 87 1331 74 90 1332 81 95 1333 82 91 1334 78 68 1335 77 67 1336 79 92 1337 77 67 1338 73 70 1339 76 89 1340 76 89 1341 83 88 1342 84 83 1343 106 93 1344 107 96 1345 83 88 1346 105 94 1347 106 93 1348 82 91 1349 107 96 1350 109 124 1351 84 83 1352 88 97 1353 96 100 1354 97 98 1355 86 77 1356 88 97 1357 89 99 1358 86 77 1359 78 68 1360 80 86 1361 88 97 1362 80 86 1363 85 85 1364 92 101 1365 98 104 1366 99 102 1367 90 81 1368 92 101 1369 93 103 1370 87 75 1371 89 99 1372 92 101 1373 89 99 1374 97 98 1375 98 104 1376 94 64 1377 91 79 1378 93 103 1379 71 65 1380 94 64 1381 95 105 1382 95 105 1383 93 103 1384 99 102 1385 74 90 1386 95 105 1387 100 106 1388 118 107 1389 119 109 1390 97 98 1391 85 85 1392 110 84 1393 118 107 1394 124 108 1395 125 136 1396 99 102 1397 119 109 1398 124 108 1399 98 104 1400 99 102 1401 125 136 1402 127 110 1403 100 106 1404 127 110 1405 105 94 1406 160 111 1407 184 170 1408 161 112 1409 130 114 1410 154 143 1411 131 115 1412 115 117 1413 137 129 1414 138 118 1415 101 120 1416 104 121 1417 106 93 1418 107 96 1419 106 93 1420 104 121 1421 107 96 1422 103 122 1423 108 123 1424 109 124 1425 108 123 1426 102 125 1427 132 126 1428 133 152 1429 112 127 1430 113 128 1431 112 127 1432 103 122 1433 111 116 1434 113 128 1435 104 121 1436 131 115 1437 132 126 1438 113 128 1439 114 119 1440 102 125 1441 108 123 1442 115 117 1443 108 123 1444 103 122 1445 112 127 1446 133 152 1447 137 129 1448 146 130 1449 147 142 1450 120 131 1451 117 133 1452 116 134 1453 119 109 1454 110 84 1455 102 125 1456 117 133 1457 121 132 1458 120 131 1459 116 134 1460 102 125 1461 114 119 1462 121 132 1463 114 119 1464 138 118 1465 146 130 1466 127 110 1467 126 138 1468 101 120 1469 124 108 1470 119 109 1471 116 134 1472 125 136 1473 124 108 1474 123 135 1475 125 136 1476 122 137 1477 126 138 1478 150 139 1479 151 165 1480 128 140 1481 120 131 1482 129 141 1483 123 135 1484 123 135 1485 129 141 1486 128 140 1487 147 142 1488 150 139 1489 129 141 1490 111 116 1491 101 120 1492 126 138 1493 122 137 1494 128 140 1495 130 114 1496 128 140 1497 151 165 1498 154 143 1499 144 144 1500 167 156 1501 168 145 1502 139 147 1503 144 144 1504 145 146 1505 136 149 1506 135 153 1507 142 150 1508 133 152 1509 132 126 1510 135 153 1511 132 126 1512 131 115 1513 134 154 1514 135 153 1515 134 154 1516 141 113 1517 137 129 1518 139 147 1519 140 148 1520 133 152 1521 136 149 1522 139 147 1523 136 149 1524 143 151 1525 144 144 1526 162 155 1527 163 177 1528 143 151 1529 161 112 1530 162 155 1531 142 150 1532 143 151 1533 163 177 1534 167 156 1535 141 113 1536 134 154 1537 155 157 1538 149 158 1539 148 161 1540 156 159 1541 147 142 1542 146 130 1543 148 161 1544 138 118 1545 140 148 1546 148 161 1547 140 148 1548 145 146 1549 156 159 1550 152 162 1551 158 166 1552 159 163 1553 150 139 1554 152 162 1555 153 164 1556 150 139 1557 147 142 1558 149 158 1559 152 162 1560 149 158 1561 157 160 1562 134 154 1563 131 115 1564 154 143 1565 151 165 1566 153 164 1567 155 157 1568 153 164 1569 159 163 1570 160 111 1571 176 167 1572 177 169 1573 157 160 1574 145 146 1575 168 145 1576 176 167 1577 180 168 1578 181 196 1579 159 163 1580 177 169 1581 180 168 1582 158 166 1583 159 163 1584 181 196 1585 184 170 1586 169 171 1587 174 181 1588 175 172 1589 166 174 1590 165 178 1591 172 175 1592 163 177 1593 162 155 1594 165 178 1595 162 155 1596 161 112 1597 164 179 1598 165 178 1599 164 179 1600 171 180 1601 167 156 1602 169 171 1603 170 173 1604 167 156 1605 163 177 1606 166 174 1607 169 171 1608 166 174 1609 173 176 1610 173 176 1611 172 175 1612 195 182 1613 172 175 1614 171 180 1615 192 184 1616 174 181 1617 196 186 1618 193 185 1619 174 181 1620 173 176 1621 194 183 1622 171 180 1623 164 179 1624 185 187 1625 179 189 1626 178 192 1627 186 190 1628 177 169 1629 176 167 1630 178 192 1631 168 145 1632 170 173 1633 178 192 1634 170 173 1635 175 172 1636 186 190 1637 183 193 1638 182 197 1639 188 194 1640 181 196 1641 180 168 1642 182 197 1643 180 168 1644 177 169 1645 179 189 1646 182 197 1647 179 189 1648 187 191 1649 164 179 1650 161 112 1651 184 170 1652 181 196 1653 183 193 1654 185 187 1655 183 193 1656 189 195 1657 190 188 1658 187 191 1659 186 190 1660 206 198 1661 175 172 1662 193 185 1663 206 198 1664 188 194 1665 208 201 1666 207 200 1667 188 194 1668 187 191 1669 205 199 1670 190 188 1671 209 202 1672 192 184 1673 189 195 1674 207 200 1675 209 202 1676 204 203 1677 191 214 1678 202 204 1679 197 206 1680 199 210 1681 200 207 1682 200 207 1683 199 210 1684 194 183 1685 198 1 1686 200 207 1687 195 182 1688 201 208 1689 200 207 1690 198 1 1691 202 204 1692 193 185 1693 196 186 1694 199 210 1695 203 205 1696 196 186 1697 199 210 1698 197 206 1699 204 203 1700 210 211 1701 211 218 1702 212 212 1703 212 212 1704 211 218 1705 205 199 1706 193 185 1707 202 204 1708 212 212 1709 191 214 1710 213 213 1711 212 212 1712 217 215 1713 214 219 1714 215 216 1715 215 216 1716 207 200 1717 208 201 1718 211 218 1719 216 217 1720 208 201 1721 211 218 1722 210 211 1723 217 215 1724 198 1 1725 192 184 1726 209 202 1727 207 200 1728 215 216 1729 218 2 1730 214 219 1731 219 0 1732 218 2 1733 319 220 1734 329 329 1735 320 221 1736 259 223 1737 240 254 1738 225 224 1739 243 226 1740 244 243 1741 228 227 1742 224 229 1743 221 237 1744 191 214 1745 222 230 1746 197 206 1747 201 208 1748 223 231 1749 201 208 1750 0 209 1751 197 206 1752 222 230 1753 224 229 1754 227 233 1755 241 236 1756 242 234 1757 226 235 1758 222 230 1759 223 231 1760 227 233 1761 223 231 1762 220 232 1763 225 224 1764 240 254 1765 241 236 1766 229 228 1767 228 227 1768 221 237 1769 222 230 1770 226 235 1771 229 228 1772 242 234 1773 243 226 1774 229 228 1775 233 238 1776 255 262 1777 256 239 1778 230 241 1779 210 211 1780 213 213 1781 221 237 1782 231 242 1783 213 213 1784 232 240 1785 230 241 1786 231 242 1787 228 227 1788 233 238 1789 231 242 1790 244 243 1791 255 262 1792 233 238 1793 236 244 1794 220 232 1795 0 209 1796 234 245 1797 214 219 1798 217 215 1799 210 211 1800 230 241 1801 235 246 1802 234 245 1803 236 244 1804 219 0 1805 238 247 1806 257 250 1807 258 248 1808 237 249 1809 234 245 1810 235 246 1811 230 241 1812 232 240 1813 238 247 1814 232 240 1815 256 239 1816 257 250 1817 239 225 1818 225 224 1819 220 232 1820 237 249 1821 239 225 1822 236 244 1823 258 248 1824 259 223 1825 239 225 1826 244 243 1827 243 226 1828 251 251 1829 241 236 1830 246 255 1831 247 253 1832 240 254 1833 245 257 1834 246 255 1835 243 226 1836 242 234 1837 247 253 1838 246 255 1839 249 258 1840 250 256 1841 245 257 1842 248 272 1843 249 258 1844 252 252 1845 251 251 1846 253 259 1847 247 253 1848 250 256 1849 253 259 1850 240 254 1851 259 223 1852 268 261 1853 255 262 1854 260 264 1855 261 263 1856 255 262 1857 244 243 1858 252 252 1859 257 250 1860 264 266 1861 265 265 1862 256 239 1863 261 263 1864 264 266 1865 259 223 1866 258 248 1867 265 265 1868 260 264 1869 262 268 1870 263 267 1871 260 264 1872 252 252 1873 254 260 1874 264 266 1875 266 270 1876 267 269 1877 261 263 1878 263 267 1879 266 270 1880 245 257 1881 268 261 1882 269 271 1883 268 261 1884 265 265 1885 267 269 1886 279 273 1887 308 290 1888 280 274 1889 273 276 1890 287 282 1891 286 277 1892 273 276 1893 274 278 1894 254 260 1895 249 258 1896 271 280 1897 272 279 1898 271 280 1899 249 258 1900 248 272 1901 272 279 1902 273 276 1903 253 259 1904 282 281 1905 281 303 1906 272 279 1907 280 274 1908 282 281 1909 271 280 1910 272 279 1911 281 303 1912 287 282 1913 301 283 1914 300 289 1915 276 284 1916 262 268 1917 275 285 1918 276 284 1919 274 278 1920 275 285 1921 262 268 1922 274 278 1923 286 277 1924 301 283 1925 279 273 1926 270 275 1927 248 272 1928 277 286 1929 278 287 1930 267 269 1931 263 267 1932 276 284 1933 277 286 1934 278 287 1935 279 273 1936 269 271 1937 305 288 1938 304 320 1939 278 287 1940 300 289 1941 305 288 1942 277 286 1943 278 287 1944 304 320 1945 308 290 1946 298 291 1947 323 309 1948 324 292 1949 288 294 1950 296 304 1951 297 295 1952 285 297 1953 284 300 1954 291 298 1955 284 300 1956 283 302 1957 290 301 1958 283 302 1959 284 300 1960 282 281 1961 281 303 1962 282 281 1963 284 300 1964 285 297 1965 292 299 1966 296 304 1967 287 282 1968 281 303 1969 285 297 1970 289 296 1971 286 277 1972 287 282 1973 295 305 1974 294 308 1975 321 306 1976 292 299 1977 291 298 1978 294 308 1979 291 298 1980 290 301 1981 293 222 1982 294 308 1983 293 222 1984 320 221 1985 296 304 1986 298 291 1987 299 293 1988 292 299 1989 295 305 1990 298 291 1991 295 305 1992 322 307 1993 323 309 1994 290 301 1995 283 302 1996 309 310 1997 303 312 1998 302 315 1999 310 313 2000 289 296 2001 297 295 2002 310 313 2003 286 277 2004 289 296 2005 302 315 2006 300 289 2007 301 283 2008 302 315 2009 307 316 2010 306 319 2011 314 317 2012 306 319 2013 303 312 2014 311 314 2015 303 312 2016 306 319 2017 305 288 2018 307 316 2019 304 320 2020 305 288 2021 307 316 2022 315 318 2023 318 311 2024 304 320 2025 307 316 2026 309 310 2027 283 302 2028 280 274 2029 308 290 2030 313 321 2031 312 324 2032 325 322 2033 311 314 2034 310 313 2035 312 324 2036 297 295 2037 299 293 2038 312 324 2039 299 293 2040 324 292 2041 325 322 2042 317 325 2043 316 328 2044 327 326 2045 315 318 2046 314 317 2047 316 328 2048 314 317 2049 311 314 2050 313 321 2051 316 328 2052 313 321 2053 326 323 2054 293 222 2055 290 301 2056 318 311 2057 315 318 2058 317 325 2059 319 220 2060 317 325 2061 328 327 2062 329 329 2063 332 330 2064 331 338 2065 322 307 2066 330 331 2067 332 330 2068 321 306 2069 323 309 2070 334 333 2071 333 332 2072 322 307 2073 331 338 2074 334 333 2075 336 334 2076 335 336 2077 326 323 2078 324 292 2079 333 332 2080 336 334 2081 327 326 2082 338 348 2083 337 335 2084 335 336 2085 338 348 2086 327 326 2087 329 329 2088 339 337 2089 330 331 2090 328 327 2091 337 335 2092 339 337 2093 12 15 2094 11 17 2095 17 24 2096 5 14 2097 2 13 2098 4 6 2099 17 24 2100 11 17 2101 16 19 2102 4 6 2103 2 13 2104 12 15 2105 331 338 2106 332 330 2107 350 339 2108 332 330 2109 330 331 2110 359 341 2111 334 333 2112 352 343 2113 353 342 2114 331 338 2115 351 340 2116 352 343 2117 335 336 2118 336 334 2119 354 344 2120 333 332 2121 353 342 2122 354 344 2123 337 335 2124 338 348 2125 356 346 2126 338 348 2127 335 336 2128 355 345 2129 339 337 2130 358 349 2131 359 341 2132 337 335 2133 357 347 2134 358 349 2135 340 350 2136 344 357 2137 343 351 2138 345 353 2139 342 369 2140 349 354 2141 349 354 2142 348 368 2143 347 356 2144 340 350 2145 342 369 2146 345 353 2147 351 340 2148 350 339 2149 360 358 2150 351 340 2151 361 359 2152 362 360 2153 352 343 2154 362 360 2155 363 361 2156 353 342 2157 363 361 2158 364 362 2159 355 345 2160 354 344 2161 364 362 2162 356 346 2163 355 345 2164 365 363 2165 357 347 2166 356 346 2167 366 364 2168 357 347 2169 367 365 2170 368 366 2171 358 349 2172 368 366 2173 369 367 2174 350 339 2175 359 341 2176 369 367 2177 360 358 2178 340 350 2179 341 352 2180 361 359 2181 341 352 2182 343 351 2183 363 361 2184 362 360 2185 343 351 2186 364 362 2187 363 361 2188 344 357 2189 364 362 2190 345 353 2191 346 355 2192 365 363 2193 346 355 2194 347 356 2195 366 364 2196 347 356 2197 348 368 2198 368 366 2199 367 365 2200 348 368 2201 369 367 2202 368 366 2203 349 354 2204 369 367 2205 342 369 2206 340 350 2207</p>
        </triangles>
      </mesh>
    </geometry>
  </library_geometries>
  <library_visual_scenes>
    <visual_scene id="Scene" name="Scene">
      <node id="Pot_low_cell_015" name="Pot_low_cell.015" type="NODE">
        <matrix sid="transform">1 0 0 0.006929465 0 1 0 0.002652742 0 0 1 0.3925686 0 0 0 1</matrix>
        <instance_geometry url="#Pot_low_cell_014-mesh" name="Pot_low_cell.015">
          <bind_material>
            <technique_common>
              <instance_material symbol="PorcelinPot-material" target="#PorcelinPot-material">
                <bind_vertex_input semantic="map1" input_semantic="TEXCOORD" input_set="0"/>
              </instance_material>
            </technique_common>
          </bind_material>
        </instance_geometry>
      </node>
      <node id="Pot_low_cell_011" name="Pot_low_cell.011" type="NODE">
        <matrix sid="transform">1 0 0 -0.01103852 0 1 0 0.03050224 0 0 1 0.3998002 0 0 0 1</matrix>
        <instance_geometry url="#Pot_low_cell_013-mesh" name="Pot_low_cell.011">
          <bind_material>
            <technique_common>
              <instance_material symbol="PorcelinPot-material" target="#PorcelinPot-material">
                <bind_vertex_input semantic="map1" input_semantic="TEXCOORD" input_set="0"/>
              </instance_material>
            </technique_common>
          </bind_material>
        </instance_geometry>
      </node>
      <node id="Pot_low_cell_010" name="Pot_low_cell.010" type="NODE">
        <matrix sid="transform">1 0 0 -0.02431251 0 1 0 -0.01046077 0 0 1 0.473325 0 0 0 1</matrix>
        <instance_geometry url="#Pot_low_cell_012-mesh" name="Pot_low_cell.010">
          <bind_material>
            <technique_common>
              <instance_material symbol="PorcelinPot-material" target="#PorcelinPot-material">
                <bind_vertex_input semantic="map1" input_semantic="TEXCOORD" input_set="0"/>
              </instance_material>
            </technique_common>
          </bind_material>
        </instance_geometry>
      </node>
      <node id="Pot_low_cell_002" name="Pot_low_cell.002" type="NODE">
        <matrix sid="transform">1 0 0 -0.01948129 0 1 0 -0.04070148 0 0 1 0.5315564 0 0 0 1</matrix>
        <instance_geometry url="#Pot_low_cell_011-mesh" name="Pot_low_cell.002">
          <bind_material>
            <technique_common>
              <instance_material symbol="PorcelinPot-material" target="#PorcelinPot-material">
                <bind_vertex_input semantic="map1" input_semantic="TEXCOORD" input_set="0"/>
              </instance_material>
            </technique_common>
          </bind_material>
        </instance_geometry>
      </node>
      <node id="Pot_low_cell_014" name="Pot_low_cell.014" type="NODE">
        <matrix sid="transform">1 0 0 0.05321505 0 1 0 0.04628114 0 0 1 0.08392414 0 0 0 1</matrix>
        <instance_geometry url="#Pot_low_cell_010-mesh" name="Pot_low_cell.014">
          <bind_material>
            <technique_common>
              <instance_material symbol="PorcelinPot-material" target="#PorcelinPot-material">
                <bind_vertex_input semantic="map1" input_semantic="TEXCOORD" input_set="0"/>
              </instance_material>
            </technique_common>
          </bind_material>
        </instance_geometry>
      </node>
      <node id="Pot_low_cell_013" name="Pot_low_cell.013" type="NODE">
        <matrix sid="transform">1 0 0 -0.0421658 0 1 0 -0.04833805 0 0 1 0.2959029 0 0 0 1</matrix>
        <instance_geometry url="#Pot_low_cell_009-mesh" name="Pot_low_cell.013">
          <bind_material>
            <technique_common>
              <instance_material symbol="PorcelinPot-material" target="#PorcelinPot-material">
                <bind_vertex_input semantic="map1" input_semantic="TEXCOORD" input_set="0"/>
              </instance_material>
            </technique_common>
          </bind_material>
        </instance_geometry>
      </node>
      <node id="Pot_low_cell_012" name="Pot_low_cell.012" type="NODE">
        <matrix sid="transform">1 0 0 -0.07695667 0 1 0 -0.03557101 0 0 1 0.1426077 0 0 0 1</matrix>
        <instance_geometry url="#Pot_low_cell_008-mesh" name="Pot_low_cell.012">
          <bind_material>
            <technique_common>
              <instance_material symbol="PorcelinPot-material" target="#PorcelinPot-material">
                <bind_vertex_input semantic="map1" input_semantic="TEXCOORD" input_set="0"/>
              </instance_material>
            </technique_common>
          </bind_material>
        </instance_geometry>
      </node>
      <node id="Pot_low_cell_009" name="Pot_low_cell.009" type="NODE">
        <matrix sid="transform">1 0 0 0.02956269 0 1 0 0.002511088 0 0 1 0.2809427 0 0 0 1</matrix>
        <instance_geometry url="#Pot_low_cell_007-mesh" name="Pot_low_cell.009">
          <bind_material>
            <technique_common>
              <instance_material symbol="PorcelinPot-material" target="#PorcelinPot-material">
                <bind_vertex_input semantic="map1" input_semantic="TEXCOORD" input_set="0"/>
              </instance_material>
            </technique_common>
          </bind_material>
        </instance_geometry>
      </node>
      <node id="Pot_low_cell_008" name="Pot_low_cell.008" type="NODE">
        <matrix sid="transform">1 0 0 -0.05003274 0 1 0 0.002383572 0 0 1 0.5002512 0 0 0 1</matrix>
        <instance_geometry url="#Pot_low_cell_006-mesh" name="Pot_low_cell.008">
          <bind_material>
            <technique_common>
              <instance_material symbol="PorcelinPot-material" target="#PorcelinPot-material">
                <bind_vertex_input semantic="map1" input_semantic="TEXCOORD" input_set="0"/>
              </instance_material>
            </technique_common>
          </bind_material>
        </instance_geometry>
      </node>
      <node id="Pot_low_cell_007" name="Pot_low_cell.007" type="NODE">
        <matrix sid="transform">1 0 0 -0.005527698 0 1 0 -0.04331593 0 0 1 0.4822185 0 0 0 1</matrix>
        <instance_geometry url="#Pot_low_cell_005-mesh" name="Pot_low_cell.007">
          <bind_material>
            <technique_common>
              <instance_material symbol="PorcelinPot-material" target="#PorcelinPot-material">
                <bind_vertex_input semantic="map1" input_semantic="TEXCOORD" input_set="0"/>
              </instance_material>
            </technique_common>
          </bind_material>
        </instance_geometry>
      </node>
      <node id="Pot_low_cell_006" name="Pot_low_cell.006" type="NODE">
        <matrix sid="transform">1 0 0 -0.04370121 0 1 0 0.03953299 0 0 1 0.3115235 0 0 0 1</matrix>
        <instance_geometry url="#Pot_low_cell_004-mesh" name="Pot_low_cell.006">
          <bind_material>
            <technique_common>
              <instance_material symbol="PorcelinPot-material" target="#PorcelinPot-material">
                <bind_vertex_input semantic="map1" input_semantic="TEXCOORD" input_set="0"/>
              </instance_material>
            </technique_common>
          </bind_material>
        </instance_geometry>
      </node>
      <node id="Pot_low_cell_005" name="Pot_low_cell.005" type="NODE">
        <matrix sid="transform">1 0 0 0.05460341 0 1 0 -0.04459931 0 0 1 0.4948259 0 0 0 1</matrix>
        <instance_geometry url="#Pot_low_cell_003-mesh" name="Pot_low_cell.005">
          <bind_material>
            <technique_common>
              <instance_material symbol="PorcelinPot-material" target="#PorcelinPot-material">
                <bind_vertex_input semantic="map1" input_semantic="TEXCOORD" input_set="0"/>
              </instance_material>
            </technique_common>
          </bind_material>
        </instance_geometry>
      </node>
      <node id="Pot_low_cell_004" name="Pot_low_cell.004" type="NODE">
        <matrix sid="transform">1 0 0 -0.005752684 0 1 0 0.06239431 0 0 1 0.5023699 0 0 0 1</matrix>
        <instance_geometry url="#Pot_low_cell_002-mesh" name="Pot_low_cell.004">
          <bind_material>
            <technique_common>
              <instance_material symbol="PorcelinPot-material" target="#PorcelinPot-material">
                <bind_vertex_input semantic="map1" input_semantic="TEXCOORD" input_set="0"/>
              </instance_material>
            </technique_common>
          </bind_material>
        </instance_geometry>
      </node>
      <node id="Pot_low_cell_003" name="Pot_low_cell.003" type="NODE">
        <matrix sid="transform">1 0 0 0.03017512 0 1 0 0.009191974 0 0 1 0.4865288 0 0 0 1</matrix>
        <instance_geometry url="#Pot_low_cell_001-mesh" name="Pot_low_cell.003">
          <bind_material>
            <technique_common>
              <instance_material symbol="PorcelinPot-material" target="#PorcelinPot-material">
                <bind_vertex_input semantic="map1" input_semantic="TEXCOORD" input_set="0"/>
              </instance_material>
            </technique_common>
          </bind_material>
        </instance_geometry>
      </node>
      <node id="Pot_low_cell_001" name="Pot_low_cell.001" type="NODE">
        <matrix sid="transform">1 0 0 -0.05206713 0 1 0 0.07701726 0 0 1 0.1104799 0 0 0 1</matrix>
        <instance_geometry url="#Pot_low_cell_016-mesh" name="Pot_low_cell.001">
          <bind_material>
            <technique_common>
              <instance_material symbol="PorcelinPot-material" target="#PorcelinPot-material">
                <bind_vertex_input semantic="map1" input_semantic="TEXCOORD" input_set="0"/>
              </instance_material>
            </technique_common>
          </bind_material>
        </instance_geometry>
      </node>
      <node id="Pot_low_cell" name="Pot_low_cell" type="NODE">
        <matrix sid="transform">1 0 0 0.08313641 0 1 0 -0.06494343 0 0 1 0.156703 0 0 0 1</matrix>
        <instance_geometry url="#Pot_low_cell_015-mesh" name="Pot_low_cell">
          <bind_material>
            <technique_common>
              <instance_material symbol="PorcelinPot-material" target="#PorcelinPot-material">
                <bind_vertex_input semantic="map1" input_semantic="TEXCOORD" input_set="0"/>
              </instance_material>
            </technique_common>
          </bind_material>
        </instance_geometry>
      </node>
      <node id="Pot_low" name="Pot_low" type="NODE">
        <matrix sid="transform">0.01 0 0 0 0 7.54979e-10 -0.01 0 0 0.01 7.54979e-10 0 0 0 0 1</matrix>
        <instance_geometry url="#Mesh-mesh" name="Pot_low">
          <bind_material>
            <technique_common>
              <instance_material symbol="PorcelinPot-material" target="#PorcelinPot-material">
                <bind_vertex_input semantic="map1" input_semantic="TEXCOORD" input_set="0"/>
              </instance_material>
            </technique_common>
          </bind_material>
        </instance_geometry>
      </node>
    </visual_scene>
  </library_visual_scenes>
  <scene>
    <instance_visual_scene url="#Scene"/>
  </scene>
</COLLADA>